source_sample	source_run	bin_id	completeness_checkm2	contamination_checkm2	operational_category
MG250430	run_20260414_143455	FLYE-MetaBAT2Refined-group-group_250430.3.fa	13.84	0.39	LQ
MG250430	run_20260414_143455	FLYE-MetaBAT2Refined-group-group_250430.7.fa	69.85	12.72	LQ
MG250430	run_20260414_143455	METAMDBG-CONCOCTRefined-group-group_250430.25.fa	34.38	5.11	LQ
MG250430	run_20260414_143455	METAMDBG-CONCOCTRefined-group-group_250430.6_sub.fa	51.05	4.27	MQ
MG250430	run_20260414_143455	METAMDBG-MaxBin2Refined-group-group_250430.010_sub.fa	62.63	14.68	LQ
MG250430	run_20260414_143455	METAMDBG-MetaBinnerRefined-group-group_250430.2.fa	58.24	13.15	LQ
MG250430	run_20260414_143455	METAMDBG-SemiBin2Refined-group-group_250430.0.fa	75.67	1.51	MQ
MG250710	run_20260414_170153	FLYE-MaxBin2Refined-group-group_250710.003.fa	82.28	15.96	LQ
MG250710	run_20260414_170153	FLYE-MaxBin2Refined-group-group_250710.004.fa	57.57	4.51	MQ
MG250710	run_20260414_170153	FLYE-MaxBin2Refined-group-group_250710.007.fa	59.02	14.14	LQ
MG250710	run_20260414_170153	FLYE-MetaBAT2Refined-group-group_250710.15.fa	24.25	0.01	LQ
MG250710	run_20260414_170153	METAMDBG-CONCOCTRefined-group-group_250710.21.fa	23.61	0.4	LQ
MG250710	run_20260414_170153	METAMDBG-CONCOCTRefined-group-group_250710.23.fa	76.63	5.57	MQ
MG250710	run_20260414_170153	METAMDBG-CONCOCTRefined-group-group_250710.9_sub.fa	75.8	21.34	LQ
MG250710	run_20260414_170153	METAMDBG-MetaBAT2Refined-group-group_250710.12.fa	49.56	5.64	LQ
MG250710	run_20260414_170153	METAMDBG-MetaBAT2Refined-group-group_250710.5_sub.fa	61.38	3.87	MQ
MG250710	run_20260414_170153	METAMDBG-MetaBinnerRefined-group-group_250710.1.fa	97.09	8.87	MQ
MG250710	run_20260414_170153	METAMDBG-SemiBin2Refined-group-group_250710.0.fa	88.0	2.76	MQ
MG250710	run_20260414_170153	METAMDBG-SemiBin2Refined-group-group_250710.2.fa	61.54	0.18	MQ
MG250710	run_20260414_170153	METAMDBG-SemiBin2Refined-group-group_250710.4_sub.fa	31.72	0.08	LQ
MG230420	run_20260415_201034	FLYE-CONCOCTRefined-group-group_230420.25.fa	80.24	0.21	MQ
MG230420	run_20260415_201034	FLYE-CONCOCTRefined-group-group_230420.34.fa	68.11	15.77	LQ
MG230420	run_20260415_201034	FLYE-CONCOCTRefined-group-group_230420.58.fa	73.53	8.68	MQ
MG230420	run_20260415_201034	FLYE-MaxBin2Refined-group-group_230420.004_sub.fa	41.95	9.54	LQ
MG230420	run_20260415_201034	FLYE-MetaBAT2Refined-group-group_230420.1_sub.fa	77.7	29.75	LQ
MG230420	run_20260415_201034	FLYE-MetaBinnerRefined-group-group_230420.3.fa	48.96	3.42	LQ
MG230420	run_20260415_201034	FLYE-MetaBinnerRefined-group-group_230420.6.fa	75.95	9.44	MQ
MG230420	run_20260415_201034	FLYE-SemiBin2Refined-group-group_230420.1.fa	88.94	1.56	MQ
MG230420	run_20260415_201034	FLYE-SemiBin2Refined-group-group_230420.42.fa	42.29	6.43	LQ
MG230420	run_20260415_201034	FLYE-SemiBin2Refined-group-group_230420.6.fa	50.84	1.86	MQ
MG230420	run_20260415_201034	METAMDBG-CONCOCTRefined-group-group_230420.11_sub.fa	29.15	4.27	LQ
MG230420	run_20260415_201034	METAMDBG-CONCOCTRefined-group-group_230420.26.fa	85.7	47.12	LQ
MG230420	run_20260415_201034	METAMDBG-CONCOCTRefined-group-group_230420.43_sub.fa	31.13	7.5	LQ
MG230420	run_20260415_201034	METAMDBG-MaxBin2Refined-group-group_230420.011_sub.fa	72.48	22.66	LQ
MG230420	run_20260415_201034	METAMDBG-MaxBin2Refined-group-group_230420.012.fa	54.86	7.22	MQ
MG230420	run_20260415_201034	METAMDBG-MaxBin2Refined-group-group_230420.015_sub.fa	59.22	20.78	LQ
MG230420	run_20260415_201034	METAMDBG-MaxBin2Refined-group-group_230420.016_sub.fa	61.97	11.39	LQ
MG230420	run_20260415_201034	METAMDBG-MaxBin2Refined-group-group_230420.021_sub.fa	68.06	6.33	MQ
MG230420	run_20260415_201034	METAMDBG-MaxBin2Refined-group-group_230420.023_sub.fa	52.3	6.86	MQ
MG230420	run_20260415_201034	METAMDBG-MaxBin2Refined-group-group_230420.033_sub.fa	58.15	12.58	LQ
MG230420	run_20260415_201034	METAMDBG-MaxBin2Refined-group-group_230420.042_sub.fa	45.27	6.95	LQ
MG230420	run_20260415_201034	METAMDBG-MetaBAT2Refined-group-group_230420.118_sub.fa	67.69	1.12	MQ
MG230420	run_20260415_201034	METAMDBG-MetaBAT2Refined-group-group_230420.19.fa	75.17	21.91	LQ
MG230420	run_20260415_201034	METAMDBG-MetaBAT2Refined-group-group_230420.20.fa	72.44	4.93	MQ
MG230420	run_20260415_201034	METAMDBG-MetaBAT2Refined-group-group_230420.41_sub.fa	74.55	19.28	LQ
MG230420	run_20260415_201034	METAMDBG-MetaBAT2Refined-group-group_230420.91.fa	90.44	10.7	LQ
MG230420	run_20260415_201034	METAMDBG-MetaBinnerRefined-group-group_230420.1.fa	91.37	11.91	LQ
MG230420	run_20260415_201034	METAMDBG-MetaBinnerRefined-group-group_230420.12_sub.fa	53.75	7.86	MQ
MG230420	run_20260415_201034	METAMDBG-MetaBinnerRefined-group-group_230420.15_sub.fa	34.14	2.83	LQ
MG230420	run_20260415_201034	METAMDBG-MetaBinnerRefined-group-group_230420.16_sub.fa	29.35	3.37	LQ
MG230420	run_20260415_201034	METAMDBG-MetaBinnerRefined-group-group_230420.18.fa	53.59	9.58	MQ
MG230420	run_20260415_201034	METAMDBG-MetaBinnerRefined-group-group_230420.2.fa	86.15	1.05	MQ
MG230420	run_20260415_201034	METAMDBG-MetaBinnerRefined-group-group_230420.20_sub.fa	55.79	8.45	MQ
MG230420	run_20260415_201034	METAMDBG-SemiBin2Refined-group-group_230420.25.fa	54.07	11.15	LQ
MG230420	run_20260415_201034	METAMDBG-SemiBin2Refined-group-group_230420.4.fa	75.63	19.96	LQ
MG230420	run_20260415_201034	METAMDBG-SemiBin2Refined-group-group_230420.6.fa	19.84	0.09	LQ
MG230420	run_20260415_201034	METAMDBG-SemiBin2Refined-group-group_230420.9.fa	47.06	0.4	LQ
MG240104	run_20260416_122844	FLYE-CONCOCTRefined-group-group_240104.11.fa	44.37	5.06	LQ
MG240104	run_20260416_122844	FLYE-CONCOCTRefined-group-group_240104.40.fa	54.44	5.19	MQ
MG240104	run_20260416_122844	FLYE-CONCOCTRefined-group-group_240104.56.fa	59.74	8.72	MQ
MG240104	run_20260416_122844	FLYE-MetaBAT2Refined-group-group_240104.1.fa	52.64	6.44	MQ
MG240104	run_20260416_122844	FLYE-SemiBin2Refined-group-group_240104.0.fa	74.69	5.57	MQ
MG240104	run_20260416_122844	FLYE-SemiBin2Refined-group-group_240104.1.fa	57.23	3.29	MQ
MG240104	run_20260416_122844	METAMDBG-CONCOCTRefined-group-group_240104.24_sub.fa	58.08	16.11	LQ
MG240104	run_20260416_122844	METAMDBG-CONCOCTRefined-group-group_240104.32.fa	84.56	27.29	LQ
MG240104	run_20260416_122844	METAMDBG-CONCOCTRefined-group-group_240104.49_sub.fa	82.71	24.78	LQ
MG240104	run_20260416_122844	METAMDBG-CONCOCTRefined-group-group_240104.57.fa	23.86	0.44	LQ
MG240104	run_20260416_122844	METAMDBG-MaxBin2Refined-group-group_240104.010.fa	79.58	20.49	LQ
MG240104	run_20260416_122844	METAMDBG-MaxBin2Refined-group-group_240104.046_sub.fa	45.71	6.29	LQ
MG240104	run_20260416_122844	METAMDBG-MaxBin2Refined-group-group_240104.049_sub.fa	44.53	9.76	LQ
MG240104	run_20260416_122844	METAMDBG-MaxBin2Refined-group-group_240104.050.fa	57.97	8.47	MQ
MG240104	run_20260416_122844	METAMDBG-MetaBAT2Refined-group-group_240104.41_sub.fa	18.22	0.09	LQ
MG240104	run_20260416_122844	METAMDBG-MetaBAT2Refined-group-group_240104.57_sub.fa	36.09	5.44	LQ
MG240104	run_20260416_122844	METAMDBG-MetaBAT2Refined-group-group_240104.81_sub.fa	59.84	0.29	MQ
MG240104	run_20260416_122844	METAMDBG-MetaBinnerRefined-group-group_240104.15_sub.fa	52.79	11.94	LQ
MG240104	run_20260416_122844	METAMDBG-MetaBinnerRefined-group-group_240104.16.fa	44.71	8.3	LQ
MG240104	run_20260416_122844	METAMDBG-MetaBinnerRefined-group-group_240104.17.fa	40.06	6.78	LQ
MG240104	run_20260416_122844	METAMDBG-MetaBinnerRefined-group-group_240104.19.fa	47.31	6.37	LQ
MG240104	run_20260416_122844	METAMDBG-MetaBinnerRefined-group-group_240104.21_sub.fa	44.68	3.63	LQ
MG240104	run_20260416_122844	METAMDBG-MetaBinnerRefined-group-group_240104.23.fa	50.53	6.23	MQ
MG240104	run_20260416_122844	METAMDBG-MetaBinnerRefined-group-group_240104.2_sub.fa	68.8	9.37	MQ
MG240104	run_20260416_122844	METAMDBG-MetaBinnerRefined-group-group_240104.5_sub.fa	55.79	10.52	LQ
MG240104	run_20260416_122844	METAMDBG-MetaBinnerRefined-group-group_240104.6.fa	54.21	6.98	MQ
MG240104	run_20260416_122844	METAMDBG-MetaBinnerRefined-group-group_240104.7.fa	58.86	8.96	MQ
MG240104	run_20260416_122844	METAMDBG-MetaBinnerRefined-group-group_240104.9.fa	67.9	11.4	LQ
MG240104	run_20260416_122844	METAMDBG-SemiBin2Refined-group-group_240104.0.fa	90.47	4.94	HQ_candidate
MG240104	run_20260416_122844	METAMDBG-SemiBin2Refined-group-group_240104.1.fa	65.85	6.06	MQ
MG240104	run_20260416_122844	METAMDBG-SemiBin2Refined-group-group_240104.3.fa	31.7	1.31	LQ
MG240104	run_20260416_122844	METAMDBG-SemiBin2Refined-group-group_240104.5_sub.fa	32.7	0.05	LQ
MG240104	run_20260416_122844	METAMDBG-SemiBin2Refined-group-group_240104.71.fa	54.67	13.29	LQ
MG240104	run_20260416_122844	METAMDBG-SemiBin2Refined-group-group_240104.72_sub.fa	26.25	7.18	LQ
MG240104	run_20260416_122844	METAMDBG-SemiBin2Refined-group-group_240104.8.fa	16.98	0.06	LQ
MG250912	run_20260415_202352	FLYE-CONCOCTRefined-group-group_250912.35_sub.fa	56.58	2.9	MQ
MG250912	run_20260415_202352	FLYE-CONCOCTRefined-group-group_250912.4.fa	56.98	5.5	MQ
MG250912	run_20260415_202352	FLYE-MaxBin2Refined-group-group_250912.003_sub.fa	74.59	18.67	LQ
MG250912	run_20260415_202352	FLYE-MaxBin2Refined-group-group_250912.015.fa	43.53	9.41	LQ
MG250912	run_20260415_202352	FLYE-MetaBAT2Refined-group-group_250912.26.fa	93.35	7.85	MQ
MG250912	run_20260415_202352	FLYE-MetaBAT2Refined-group-group_250912.8_sub.fa	30.53	0.43	LQ
MG250912	run_20260415_202352	FLYE-MetaBinnerRefined-group-group_250912.3.fa	51.28	3.29	MQ
MG250912	run_20260415_202352	FLYE-SemiBin2Refined-group-group_250912.25.fa	65.55	9.57	MQ
MG250912	run_20260415_202352	FLYE-SemiBin2Refined-group-group_250912.3.fa	17.36	2.73	LQ
MG250912	run_20260415_202352	METAMDBG-CONCOCTRefined-group-group_250912.23_sub.fa	60.47	10.57	LQ
MG250912	run_20260415_202352	METAMDBG-CONCOCTRefined-group-group_250912.8.fa	80.01	16.96	LQ
MG250912	run_20260415_202352	METAMDBG-MaxBin2Refined-group-group_250912.001.fa	96.11	6.28	MQ
MG250912	run_20260415_202352	METAMDBG-MaxBin2Refined-group-group_250912.011_sub.fa	71.42	17.8	LQ
MG250912	run_20260415_202352	METAMDBG-MaxBin2Refined-group-group_250912.015_sub.fa	74.93	28.69	LQ
MG250912	run_20260415_202352	METAMDBG-MaxBin2Refined-group-group_250912.016.fa	74.61	19.35	LQ
MG250912	run_20260415_202352	METAMDBG-MetaBAT2Refined-group-group_250912.13.fa	48.04	0.96	LQ
MG250912	run_20260415_202352	METAMDBG-MetaBAT2Refined-group-group_250912.29_sub.fa	20.6	0.53	LQ
MG250912	run_20260415_202352	METAMDBG-MetaBAT2Refined-group-group_250912.41.fa	90.03	31.16	LQ
MG250912	run_20260415_202352	METAMDBG-MetaBAT2Refined-group-group_250912.46.fa	37.16	1.78	LQ
MG250912	run_20260415_202352	METAMDBG-MetaBAT2Refined-group-group_250912.51.fa	62.98	0.4	MQ
MG250912	run_20260415_202352	METAMDBG-MetaBAT2Refined-group-group_250912.64.fa	27.18	5.76	LQ
MG250912	run_20260415_202352	METAMDBG-MetaBinnerRefined-group-group_250912.14.fa	63.48	10.54	LQ
MG250912	run_20260415_202352	METAMDBG-MetaBinnerRefined-group-group_250912.15.fa	58.44	12.82	LQ
MG250912	run_20260415_202352	METAMDBG-MetaBinnerRefined-group-group_250912.6_sub.fa	58.2	6.08	MQ
MG250912	run_20260415_202352	METAMDBG-SemiBin2Refined-group-group_250912.1.fa	73.3	0.53	MQ
MG250912	run_20260415_202352	METAMDBG-SemiBin2Refined-group-group_250912.15.fa	63.31	9.67	MQ
MG250912	run_20260415_202352	METAMDBG-SemiBin2Refined-group-group_250912.49_sub.fa	59.64	11.84	LQ
MG250912	run_20260415_202352	METAMDBG-SemiBin2Refined-group-group_250912.59_sub.fa	69.63	29.78	LQ
MG251125	run_20260414_125635	METAMDBG-CONCOCTRefined-group-group_251125.3.fa	30.32	2.65	LQ
MG221216	run_20260415_055420	FLYE-CONCOCTRefined-group-group_221216.19.fa	43.89	3.36	LQ
MG221216	run_20260415_055420	FLYE-MaxBin2Refined-group-group_221216.001.fa	48.14	0.05	LQ
MG221216	run_20260415_055420	FLYE-MaxBin2Refined-group-group_221216.003.fa	47.22	0.83	LQ
MG221216	run_20260415_055420	FLYE-MaxBin2Refined-group-group_221216.016.fa	65.18	11.28	LQ
MG221216	run_20260415_055420	FLYE-MetaBAT2Refined-group-group_221216.41.fa	83.25	8.78	MQ
MG221216	run_20260415_055420	FLYE-MetaBinnerRefined-group-group_221216.9_sub.fa	40.54	7.41	LQ
MG221216	run_20260415_055420	FLYE-SemiBin2Refined-group-group_221216.3.fa	22.1	0.86	LQ
MG221216	run_20260415_055420	FLYE-SemiBin2Refined-group-group_221216.64.fa	38.54	1.69	LQ
MG221216	run_20260415_055420	METAMDBG-CONCOCTRefined-group-group_221216.0_sub.fa	42.9	8.49	LQ
MG221216	run_20260415_055420	METAMDBG-CONCOCTRefined-group-group_221216.18_sub.fa	30.71	4.86	LQ
MG221216	run_20260415_055420	METAMDBG-MaxBin2Refined-group-group_221216.001.fa	42.93	0.0	LQ
MG221216	run_20260415_055420	METAMDBG-MaxBin2Refined-group-group_221216.002.fa	52.7	0.04	MQ
MG221216	run_20260415_055420	METAMDBG-MaxBin2Refined-group-group_221216.003.fa	99.96	16.44	LQ
MG221216	run_20260415_055420	METAMDBG-MaxBin2Refined-group-group_221216.010_sub.fa	63.1	12.88	LQ
MG221216	run_20260415_055420	METAMDBG-MaxBin2Refined-group-group_221216.012_sub.fa	18.36	1.03	LQ
MG221216	run_20260415_055420	METAMDBG-MaxBin2Refined-group-group_221216.030_sub.fa	53.85	10.03	LQ
MG221216	run_20260415_055420	METAMDBG-MaxBin2Refined-group-group_221216.035_sub.fa	75.52	21.55	LQ
MG221216	run_20260415_055420	METAMDBG-MaxBin2Refined-group-group_221216.041_sub.fa	63.38	9.18	MQ
MG221216	run_20260415_055420	METAMDBG-MaxBin2Refined-group-group_221216.072_sub.fa	45.13	8.11	LQ
MG221216	run_20260415_055420	METAMDBG-MetaBinnerRefined-group-group_221216.1.fa	66.63	4.92	MQ
MG221216	run_20260415_055420	METAMDBG-MetaBinnerRefined-group-group_221216.11.fa	36.69	5.4	LQ
MG221216	run_20260415_055420	METAMDBG-MetaBinnerRefined-group-group_221216.12.fa	62.88	11.44	LQ
MG221216	run_20260415_055420	METAMDBG-MetaBinnerRefined-group-group_221216.14_sub.fa	45.91	5.15	LQ
MG221216	run_20260415_055420	METAMDBG-MetaBinnerRefined-group-group_221216.18_sub.fa	43.14	7.01	LQ
MG221216	run_20260415_055420	METAMDBG-MetaBinnerRefined-group-group_221216.19_sub.fa	35.82	4.77	LQ
MG221216	run_20260415_055420	METAMDBG-MetaBinnerRefined-group-group_221216.2.fa	77.59	4.47	MQ
MG221216	run_20260415_055420	METAMDBG-MetaBinnerRefined-group-group_221216.20_sub.fa	30.79	2.56	LQ
MG221216	run_20260415_055420	METAMDBG-MetaBinnerRefined-group-group_221216.3.fa	54.35	4.5	MQ
MG221216	run_20260415_055420	METAMDBG-MetaBinnerRefined-group-group_221216.4.fa	47.8	4.33	LQ
MG221216	run_20260415_055420	METAMDBG-MetaBinnerRefined-group-group_221216.5.fa	80.12	12.48	LQ
MG221216	run_20260415_055420	METAMDBG-MetaBinnerRefined-group-group_221216.7_sub.fa	55.29	10.24	LQ
MG221216	run_20260415_055420	METAMDBG-MetaBinnerRefined-group-group_221216.9.fa	52.55	8.54	MQ
MG221216	run_20260415_055420	METAMDBG-SemiBin2Refined-group-group_221216.1.fa	52.25	6.97	MQ
MG221216	run_20260415_055420	METAMDBG-SemiBin2Refined-group-group_221216.137.fa	53.22	13.17	LQ
MG221216	run_20260415_055420	METAMDBG-SemiBin2Refined-group-group_221216.155_sub.fa	78.18	25.68	LQ
MG221216	run_20260415_055420	METAMDBG-SemiBin2Refined-group-group_221216.5.fa	65.28	10.55	LQ
MG230703	run_20260415_084057	FLYE-MaxBin2Refined-group-group_230703.007.fa	48.96	7.73	LQ
MG230703	run_20260415_084057	FLYE-MetaBAT2Refined-group-group_230703.14_sub.fa	47.06	8.5	LQ
MG230703	run_20260415_084057	FLYE-MetaBAT2Refined-group-group_230703.21.fa	34.37	1.53	LQ
MG230703	run_20260415_084057	FLYE-MetaBinnerRefined-group-group_230703.2.fa	39.01	2.05	LQ
MG230703	run_20260415_084057	FLYE-MetaBinnerRefined-group-group_230703.4.fa	46.77	7.8	LQ
MG230703	run_20260415_084057	FLYE-SemiBin2Refined-group-group_230703.0.fa	61.66	3.01	MQ
MG230703	run_20260415_084057	FLYE-SemiBin2Refined-group-group_230703.1.fa	53.84	8.38	MQ
MG230703	run_20260415_084057	FLYE-SemiBin2Refined-group-group_230703.2.fa	31.67	1.81	LQ
MG230703	run_20260415_084057	FLYE-SemiBin2Refined-group-group_230703.3.fa	54.23	7.69	MQ
MG230703	run_20260415_084057	FLYE-SemiBin2Refined-group-group_230703.49_sub.fa	40.73	9.66	LQ
MG230703	run_20260415_084057	METAMDBG-CONCOCTRefined-group-group_230703.72_sub.fa	63.45	15.58	LQ
MG230703	run_20260415_084057	METAMDBG-CONCOCTRefined-group-group_230703.85_sub.fa	55.49	10.18	LQ
MG230703	run_20260415_084057	METAMDBG-MaxBin2Refined-group-group_230703.006_sub.fa	46.53	9.98	LQ
MG230703	run_20260415_084057	METAMDBG-MaxBin2Refined-group-group_230703.008_sub.fa	50.89	10.1	LQ
MG230703	run_20260415_084057	METAMDBG-MaxBin2Refined-group-group_230703.026_sub.fa	49.96	8.54	LQ
MG230703	run_20260415_084057	METAMDBG-MaxBin2Refined-group-group_230703.035_sub.fa	54.56	14.47	LQ
MG230703	run_20260415_084057	METAMDBG-MetaBAT2Refined-group-group_230703.50.fa	80.53	2.26	MQ
MG230703	run_20260415_084057	METAMDBG-MetaBAT2Refined-group-group_230703.71_sub.fa	66.23	19.56	LQ
MG230703	run_20260415_084057	METAMDBG-MetaBinnerRefined-group-group_230703.11.fa	45.67	7.43	LQ
MG230703	run_20260415_084057	METAMDBG-MetaBinnerRefined-group-group_230703.15.fa	50.62	5.81	MQ
MG230703	run_20260415_084057	METAMDBG-MetaBinnerRefined-group-group_230703.16_sub.fa	42.42	3.34	LQ
MG230703	run_20260415_084057	METAMDBG-MetaBinnerRefined-group-group_230703.2.fa	56.37	2.87	MQ
MG230703	run_20260415_084057	METAMDBG-MetaBinnerRefined-group-group_230703.6.fa	62.97	11.25	LQ
MG230703	run_20260415_084057	METAMDBG-SemiBin2Refined-group-group_230703.1.fa	59.4	1.53	MQ
MG230703	run_20260415_084057	METAMDBG-SemiBin2Refined-group-group_230703.16.fa	66.33	7.22	MQ
MG230703	run_20260415_084057	METAMDBG-SemiBin2Refined-group-group_230703.2.fa	54.37	6.89	MQ
MG230703	run_20260415_084057	METAMDBG-SemiBin2Refined-group-group_230703.7_sub.fa	13.79	0.0	LQ
MG220428	run_20260418_161743	FLYE-CONCOCTRefined-group-group_220428.113.fa	80.64	15.14	LQ
MG220428	run_20260418_161743	FLYE-CONCOCTRefined-group-group_220428.118.fa	68.45	10.57	LQ
MG220428	run_20260418_161743	FLYE-CONCOCTRefined-group-group_220428.19.fa	82.2	22.56	LQ
MG220428	run_20260418_161743	FLYE-CONCOCTRefined-group-group_220428.20_sub.fa	26.35	4.34	LQ
MG220428	run_20260418_161743	FLYE-CONCOCTRefined-group-group_220428.27.fa	45.84	5.87	LQ
MG220428	run_20260418_161743	FLYE-CONCOCTRefined-group-group_220428.4_sub.fa	64.15	6.93	MQ
MG220428	run_20260418_161743	FLYE-CONCOCTRefined-group-group_220428.58_sub.fa	73.3	29.0	LQ
MG220428	run_20260418_161743	FLYE-CONCOCTRefined-group-group_220428.8.fa	98.59	12.24	LQ
MG220428	run_20260418_161743	FLYE-CONCOCTRefined-group-group_220428.9.fa	52.96	8.09	MQ
MG220428	run_20260418_161743	FLYE-CONCOCTRefined-group-group_220428.94.fa	42.72	7.14	LQ
MG220428	run_20260418_161743	FLYE-MaxBin2Refined-group-group_220428.004.fa	98.81	1.16	HQ_candidate
MG220428	run_20260418_161743	FLYE-MaxBin2Refined-group-group_220428.015.fa	68.19	11.46	LQ
MG220428	run_20260418_161743	FLYE-MetaBAT2Refined-group-group_220428.105.fa	58.75	1.62	MQ
MG220428	run_20260418_161743	FLYE-MetaBAT2Refined-group-group_220428.11.fa	85.16	2.12	MQ
MG220428	run_20260418_161743	FLYE-MetaBAT2Refined-group-group_220428.117.fa	71.32	2.41	MQ
MG220428	run_20260418_161743	FLYE-MetaBAT2Refined-group-group_220428.120.fa	71.15	3.28	MQ
MG220428	run_20260418_161743	FLYE-MetaBAT2Refined-group-group_220428.123_sub.fa	42.29	5.97	LQ
MG220428	run_20260418_161743	FLYE-MetaBAT2Refined-group-group_220428.135_sub.fa	84.3	14.34	LQ
MG220428	run_20260418_161743	FLYE-MetaBAT2Refined-group-group_220428.143.fa	73.73	22.79	LQ
MG220428	run_20260418_161743	FLYE-MetaBAT2Refined-group-group_220428.144.fa	80.7	5.52	MQ
MG220428	run_20260418_161743	FLYE-MetaBAT2Refined-group-group_220428.145.fa	36.59	0.04	LQ
MG220428	run_20260418_161743	FLYE-MetaBAT2Refined-group-group_220428.158.fa	82.11	5.27	MQ
MG220428	run_20260418_161743	FLYE-MetaBAT2Refined-group-group_220428.167.fa	84.95	3.49	MQ
MG220428	run_20260418_161743	FLYE-MetaBAT2Refined-group-group_220428.31_sub.fa	90.49	46.47	LQ
MG220428	run_20260418_161743	FLYE-MetaBAT2Refined-group-group_220428.47.fa	68.49	2.82	MQ
MG220428	run_20260418_161743	FLYE-MetaBAT2Refined-group-group_220428.49.fa	70.57	10.15	LQ
MG220428	run_20260418_161743	FLYE-MetaBAT2Refined-group-group_220428.73.fa	99.9	27.19	LQ
MG220428	run_20260418_161743	FLYE-MetaBAT2Refined-group-group_220428.91.fa	92.36	0.42	HQ_candidate
MG220428	run_20260418_161743	FLYE-MetaBinnerRefined-group-group_220428.10_sub.fa	40.07	4.25	LQ
MG220428	run_20260418_161743	FLYE-MetaBinnerRefined-group-group_220428.11.fa	61.99	9.72	MQ
MG220428	run_20260418_161743	FLYE-MetaBinnerRefined-group-group_220428.19_sub.fa	56.95	10.73	LQ
MG220428	run_20260418_161743	FLYE-MetaBinnerRefined-group-group_220428.25_sub.fa	32.18	3.13	LQ
MG220428	run_20260418_161743	FLYE-MetaBinnerRefined-group-group_220428.26_sub.fa	18.29	0.22	LQ
MG220428	run_20260418_161743	FLYE-MetaBinnerRefined-group-group_220428.29_sub.fa	25.56	2.0	LQ
MG220428	run_20260418_161743	FLYE-MetaBinnerRefined-group-group_220428.32_sub.fa	57.29	6.39	MQ
MG220428	run_20260418_161743	FLYE-MetaBinnerRefined-group-group_220428.7_sub.fa	67.91	12.74	LQ
MG220428	run_20260418_161743	FLYE-SemiBin2Refined-group-group_220428.1.fa	88.6	13.68	LQ
MG220428	run_20260418_161743	FLYE-SemiBin2Refined-group-group_220428.10.fa	64.72	2.57	MQ
MG220428	run_20260418_161743	FLYE-SemiBin2Refined-group-group_220428.13.fa	50.01	0.81	MQ
MG220428	run_20260418_161743	FLYE-SemiBin2Refined-group-group_220428.14.fa	68.07	1.86	MQ
MG220428	run_20260418_161743	FLYE-SemiBin2Refined-group-group_220428.24.fa	50.58	0.45	MQ
MG220428	run_20260418_161743	FLYE-SemiBin2Refined-group-group_220428.27.fa	11.8	0.08	LQ
MG220428	run_20260418_161743	FLYE-SemiBin2Refined-group-group_220428.5.fa	82.2	12.51	LQ
MG220428	run_20260418_161743	FLYE-SemiBin2Refined-group-group_220428.8.fa	68.89	13.94	LQ
MG220428	run_20260418_161743	METAMDBG-CONCOCTRefined-group-group_220428.11.fa	72.14	2.28	MQ
MG220428	run_20260418_161743	METAMDBG-CONCOCTRefined-group-group_220428.111_sub.fa	59.7	14.54	LQ
MG220428	run_20260418_161743	METAMDBG-CONCOCTRefined-group-group_220428.117_sub.fa	75.37	30.95	LQ
MG220428	run_20260418_161743	METAMDBG-CONCOCTRefined-group-group_220428.119_sub.fa	75.06	19.29	LQ
MG220428	run_20260418_161743	METAMDBG-CONCOCTRefined-group-group_220428.13.fa	85.28	12.63	LQ
MG220428	run_20260418_161743	METAMDBG-CONCOCTRefined-group-group_220428.143_sub.fa	67.55	6.6	MQ
MG220428	run_20260418_161743	METAMDBG-CONCOCTRefined-group-group_220428.14_sub.fa	72.24	17.36	LQ
MG220428	run_20260418_161743	METAMDBG-CONCOCTRefined-group-group_220428.156.fa	59.78	11.24	LQ
MG220428	run_20260418_161743	METAMDBG-CONCOCTRefined-group-group_220428.18_sub.fa	62.61	16.12	LQ
MG220428	run_20260418_161743	METAMDBG-CONCOCTRefined-group-group_220428.76.fa	98.43	5.94	MQ
MG220428	run_20260418_161743	METAMDBG-CONCOCTRefined-group-group_220428.77_sub.fa	98.04	24.26	LQ
MG220428	run_20260418_161743	METAMDBG-CONCOCTRefined-group-group_220428.91_sub.fa	100.0	25.16	LQ
MG220428	run_20260418_161743	METAMDBG-CONCOCTRefined-group-group_220428.99_sub.fa	66.06	14.25	LQ
MG220428	run_20260418_161743	METAMDBG-MaxBin2Refined-group-group_220428.004.fa	49.59	0.0	LQ
MG220428	run_20260418_161743	METAMDBG-MaxBin2Refined-group-group_220428.005.fa	97.6	0.14	HQ_candidate
MG220428	run_20260418_161743	METAMDBG-MaxBin2Refined-group-group_220428.011.fa	77.48	4.05	MQ
MG220428	run_20260418_161743	METAMDBG-MaxBin2Refined-group-group_220428.048_sub.fa	61.69	2.0	MQ
MG220428	run_20260418_161743	METAMDBG-MaxBin2Refined-group-group_220428.062_sub.fa	20.44	1.36	LQ
MG220428	run_20260418_161743	METAMDBG-MaxBin2Refined-group-group_220428.071_sub.fa	42.94	5.7	LQ
MG220428	run_20260418_161743	METAMDBG-MetaBAT2Refined-group-group_220428.102.fa	73.15	0.11	MQ
MG220428	run_20260418_161743	METAMDBG-MetaBAT2Refined-group-group_220428.108_sub.fa	80.74	26.06	LQ
MG220428	run_20260418_161743	METAMDBG-MetaBAT2Refined-group-group_220428.114_sub.fa	50.19	10.44	LQ
MG220428	run_20260418_161743	METAMDBG-MetaBAT2Refined-group-group_220428.138.fa	82.77	3.67	MQ
MG220428	run_20260418_161743	METAMDBG-MetaBAT2Refined-group-group_220428.141_sub.fa	29.43	3.24	LQ
MG220428	run_20260418_161743	METAMDBG-MetaBAT2Refined-group-group_220428.152.fa	97.98	10.79	LQ
MG220428	run_20260418_161743	METAMDBG-MetaBAT2Refined-group-group_220428.155_sub.fa	58.21	2.29	MQ
MG220428	run_20260418_161743	METAMDBG-MetaBAT2Refined-group-group_220428.157.fa	69.88	7.38	MQ
MG220428	run_20260418_161743	METAMDBG-MetaBAT2Refined-group-group_220428.165_sub.fa	22.68	0.02	LQ
MG220428	run_20260418_161743	METAMDBG-MetaBAT2Refined-group-group_220428.169_sub.fa	98.25	55.29	LQ
MG220428	run_20260418_161743	METAMDBG-MetaBAT2Refined-group-group_220428.173.fa	83.13	0.9	MQ
MG220428	run_20260418_161743	METAMDBG-MetaBAT2Refined-group-group_220428.19.fa	48.04	1.14	LQ
MG220428	run_20260418_161743	METAMDBG-MetaBAT2Refined-group-group_220428.232_sub.fa	83.75	8.67	MQ
MG220428	run_20260418_161743	METAMDBG-MetaBAT2Refined-group-group_220428.65_sub.fa	65.48	1.94	MQ
MG220428	run_20260418_161743	METAMDBG-MetaBAT2Refined-group-group_220428.66.fa	85.46	8.52	MQ
MG220428	run_20260418_161743	METAMDBG-MetaBAT2Refined-group-group_220428.71_sub.fa	36.96	2.94	LQ
MG220428	run_20260418_161743	METAMDBG-MetaBAT2Refined-group-group_220428.75.fa	58.27	3.38	MQ
MG220428	run_20260418_161743	METAMDBG-MetaBAT2Refined-group-group_220428.77_sub.fa	77.01	21.05	LQ
MG220428	run_20260418_161743	METAMDBG-MetaBAT2Refined-group-group_220428.93_sub.fa	56.66	8.06	MQ
MG220428	run_20260418_161743	METAMDBG-MetaBAT2Refined-group-group_220428.95.fa	89.09	2.94	MQ
MG220428	run_20260418_161743	METAMDBG-MetaBinnerRefined-group-group_220428.10_sub.fa	40.87	0.56	LQ
MG220428	run_20260418_161743	METAMDBG-MetaBinnerRefined-group-group_220428.11_sub.fa	60.69	1.76	MQ
MG220428	run_20260418_161743	METAMDBG-MetaBinnerRefined-group-group_220428.16_sub.fa	52.31	1.41	MQ
MG220428	run_20260418_161743	METAMDBG-MetaBinnerRefined-group-group_220428.1_sub.fa	79.05	0.77	MQ
MG220428	run_20260418_161743	METAMDBG-MetaBinnerRefined-group-group_220428.21_sub.fa	53.26	1.49	MQ
MG220428	run_20260418_161743	METAMDBG-MetaBinnerRefined-group-group_220428.23_sub.fa	35.7	7.01	LQ
MG220428	run_20260418_161743	METAMDBG-MetaBinnerRefined-group-group_220428.26.fa	29.5	4.36	LQ
MG220428	run_20260418_161743	METAMDBG-MetaBinnerRefined-group-group_220428.27.fa	53.2	12.52	LQ
MG220428	run_20260418_161743	METAMDBG-MetaBinnerRefined-group-group_220428.28.fa	77.47	14.84	LQ
MG220428	run_20260418_161743	METAMDBG-MetaBinnerRefined-group-group_220428.29_sub.fa	47.39	5.72	LQ
MG220428	run_20260418_161743	METAMDBG-MetaBinnerRefined-group-group_220428.36.fa	45.65	8.13	LQ
MG220428	run_20260418_161743	METAMDBG-MetaBinnerRefined-group-group_220428.39_sub.fa	18.7	0.84	LQ
MG220428	run_20260418_161743	METAMDBG-MetaBinnerRefined-group-group_220428.41_sub.fa	59.91	7.11	MQ
MG220428	run_20260418_161743	METAMDBG-MetaBinnerRefined-group-group_220428.44.fa	62.26	12.59	LQ
MG220428	run_20260418_161743	METAMDBG-MetaBinnerRefined-group-group_220428.49_sub.fa	61.82	9.25	MQ
MG220428	run_20260418_161743	METAMDBG-MetaBinnerRefined-group-group_220428.50_sub.fa	55.34	14.13	LQ
MG220428	run_20260418_161743	METAMDBG-MetaBinnerRefined-group-group_220428.52.fa	61.02	12.28	LQ
MG220428	run_20260418_161743	METAMDBG-MetaBinnerRefined-group-group_220428.56_sub.fa	48.68	6.38	LQ
MG220428	run_20260418_161743	METAMDBG-MetaBinnerRefined-group-group_220428.6.fa	67.32	7.69	MQ
MG220428	run_20260418_161743	METAMDBG-MetaBinnerRefined-group-group_220428.60_sub.fa	49.8	6.29	LQ
MG220428	run_20260418_161743	METAMDBG-MetaBinnerRefined-group-group_220428.61_sub.fa	63.14	7.85	MQ
MG220428	run_20260418_161743	METAMDBG-MetaBinnerRefined-group-group_220428.64.fa	47.57	9.41	LQ
MG220428	run_20260418_161743	METAMDBG-MetaBinnerRefined-group-group_220428.70_sub.fa	61.65	14.04	LQ
MG220428	run_20260418_161743	METAMDBG-MetaBinnerRefined-group-group_220428.9.fa	68.7	6.05	MQ
MG220428	run_20260418_161743	METAMDBG-SemiBin2Refined-group-group_220428.13.fa	65.2	2.19	MQ
MG220428	run_20260418_161743	METAMDBG-SemiBin2Refined-group-group_220428.14.fa	54.82	0.37	MQ
MG220428	run_20260418_161743	METAMDBG-SemiBin2Refined-group-group_220428.16_sub.fa	61.66	0.04	MQ
MG220428	run_20260418_161743	METAMDBG-SemiBin2Refined-group-group_220428.18.fa	63.49	2.09	MQ
MG220428	run_20260418_161743	METAMDBG-SemiBin2Refined-group-group_220428.21.fa	51.44	0.46	MQ
MG220428	run_20260418_161743	METAMDBG-SemiBin2Refined-group-group_220428.217_sub.fa	77.84	34.21	LQ
MG220428	run_20260418_161743	METAMDBG-SemiBin2Refined-group-group_220428.28.fa	40.95	0.33	LQ
MG220428	run_20260418_161743	METAMDBG-SemiBin2Refined-group-group_220428.3.fa	89.83	7.41	MQ
MG220428	run_20260418_161743	METAMDBG-SemiBin2Refined-group-group_220428.4.fa	77.67	2.26	MQ
MG220428	run_20260418_161743	METAMDBG-SemiBin2Refined-group-group_220428.6.fa	70.16	11.26	LQ
MG220428	run_20260418_161743	METAMDBG-SemiBin2Refined-group-group_220428.62.fa	56.62	0.49	MQ
MG220428	run_20260418_161743	METAMDBG-SemiBin2Refined-group-group_220428.7.fa	95.87	4.52	HQ_candidate
MG220428	run_20260418_161743	METAMDBG-SemiBin2Refined-group-group_220428.8.fa	85.25	10.04	LQ
MG220428	run_20260418_161743	METAMDBG-SemiBin2Refined-group-group_220428.9.fa	75.45	0.14	MQ
MG220428	run_20260418_161743	METAMDBG-SemiBin2Refined-group-group_220428.91_sub.fa	62.14	15.41	LQ
MG211022	run_20260415_211106	FLYE-CONCOCTRefined-group-group_211022.18.fa	41.5	11.58	LQ
MG211022	run_20260415_211106	FLYE-CONCOCTRefined-group-group_211022.25_sub.fa	46.88	6.06	LQ
MG211022	run_20260415_211106	FLYE-CONCOCTRefined-group-group_211022.26.fa	39.34	4.97	LQ
MG211022	run_20260415_211106	FLYE-CONCOCTRefined-group-group_211022.39_sub.fa	90.01	5.25	MQ
MG211022	run_20260415_211106	FLYE-CONCOCTRefined-group-group_211022.47.fa	45.85	7.54	LQ
MG211022	run_20260415_211106	FLYE-MaxBin2Refined-group-group_211022.031_sub.fa	40.34	9.01	LQ
MG211022	run_20260415_211106	FLYE-MetaBinnerRefined-group-group_211022.3.fa	90.76	6.15	MQ
MG211022	run_20260415_211106	FLYE-MetaBinnerRefined-group-group_211022.5.fa	43.26	3.81	LQ
MG211022	run_20260415_211106	FLYE-MetaBinnerRefined-group-group_211022.6.fa	56.44	7.91	MQ
MG211022	run_20260415_211106	FLYE-SemiBin2Refined-group-group_211022.3.fa	47.42	2.06	LQ
MG211022	run_20260415_211106	FLYE-SemiBin2Refined-group-group_211022.4.fa	65.42	1.3	MQ
MG211022	run_20260415_211106	FLYE-SemiBin2Refined-group-group_211022.6.fa	48.73	3.81	LQ
MG211022	run_20260415_211106	METAMDBG-CONCOCTRefined-group-group_211022.46_sub.fa	51.84	8.53	MQ
MG211022	run_20260415_211106	METAMDBG-CONCOCTRefined-group-group_211022.54.fa	99.0	43.67	LQ
MG211022	run_20260415_211106	METAMDBG-CONCOCTRefined-group-group_211022.64.fa	39.45	9.34	LQ
MG211022	run_20260415_211106	METAMDBG-CONCOCTRefined-group-group_211022.93_sub.fa	76.5	28.93	LQ
MG211022	run_20260415_211106	METAMDBG-MaxBin2Refined-group-group_211022.001.fa	92.1	6.33	MQ
MG211022	run_20260415_211106	METAMDBG-MaxBin2Refined-group-group_211022.002.fa	93.73	5.74	MQ
MG211022	run_20260415_211106	METAMDBG-MaxBin2Refined-group-group_211022.015.fa	84.22	29.36	LQ
MG211022	run_20260415_211106	METAMDBG-MaxBin2Refined-group-group_211022.025.fa	27.53	3.58	LQ
MG211022	run_20260415_211106	METAMDBG-MaxBin2Refined-group-group_211022.026.fa	47.33	9.74	LQ
MG211022	run_20260415_211106	METAMDBG-MetaBAT2Refined-group-group_211022.101.fa	50.54	0.21	MQ
MG211022	run_20260415_211106	METAMDBG-MetaBinnerRefined-group-group_211022.11.fa	53.37	7.32	MQ
MG211022	run_20260415_211106	METAMDBG-MetaBinnerRefined-group-group_211022.19.fa	59.28	13.31	LQ
MG211022	run_20260415_211106	METAMDBG-MetaBinnerRefined-group-group_211022.23_sub.fa	55.8	12.39	LQ
MG211022	run_20260415_211106	METAMDBG-MetaBinnerRefined-group-group_211022.3.fa	60.98	4.96	MQ
MG211022	run_20260415_211106	METAMDBG-MetaBinnerRefined-group-group_211022.30_sub.fa	54.81	8.22	MQ
MG211022	run_20260415_211106	METAMDBG-MetaBinnerRefined-group-group_211022.5_sub.fa	25.64	3.11	LQ
MG211022	run_20260415_211106	METAMDBG-MetaBinnerRefined-group-group_211022.8.fa	55.53	3.53	MQ
MG211022	run_20260415_211106	METAMDBG-SemiBin2Refined-group-group_211022.101_sub.fa	63.17	21.54	LQ
MG211022	run_20260415_211106	METAMDBG-SemiBin2Refined-group-group_211022.2.fa	82.72	3.36	MQ
MG211022	run_20260415_211106	METAMDBG-SemiBin2Refined-group-group_211022.3.fa	70.81	13.53	LQ
MG211022	run_20260415_211106	METAMDBG-SemiBin2Refined-group-group_211022.4.fa	69.07	7.12	MQ
MG211022	run_20260415_211106	METAMDBG-SemiBin2Refined-group-group_211022.85.fa	62.97	17.61	LQ
MG220629	run_20260414_224226	METAMDBG-MaxBin2Refined-group-group_220629.003_sub.fa	75.41	28.79	LQ
MG220629	run_20260414_224226	METAMDBG-MaxBin2Refined-group-group_220629.011.fa	73.35	20.41	LQ
MG220629	run_20260414_224226	METAMDBG-MetaBAT2Refined-group-group_220629.18.fa	77.94	33.22	LQ
MG220629	run_20260414_224226	METAMDBG-MetaBinnerRefined-group-group_220629.2_sub.fa	34.87	3.69	LQ
MG220629	run_20260414_224226	METAMDBG-MetaBinnerRefined-group-group_220629.6_sub.fa	23.28	1.45	LQ
MG220629	run_20260414_224226	METAMDBG-MetaBinnerRefined-group-group_220629.9.fa	58.34	18.57	LQ
MG240304	run_20260417_045201	FLYE-CONCOCTRefined-group-group_240304.116.fa	45.88	1.96	LQ
MG240304	run_20260417_045201	FLYE-CONCOCTRefined-group-group_240304.66_sub.fa	61.41	9.69	MQ
MG240304	run_20260417_045201	FLYE-CONCOCTRefined-group-group_240304.97.fa	68.71	1.37	MQ
MG240304	run_20260417_045201	FLYE-MaxBin2Refined-group-group_240304.026_sub.fa	63.82	14.26	LQ
MG240304	run_20260417_045201	FLYE-MetaBAT2Refined-group-group_240304.55.fa	24.93	0.61	LQ
MG240304	run_20260417_045201	FLYE-MetaBAT2Refined-group-group_240304.66_sub.fa	77.67	1.16	MQ
MG240304	run_20260417_045201	FLYE-MetaBAT2Refined-group-group_240304.7_sub.fa	66.39	21.31	LQ
MG240304	run_20260417_045201	FLYE-MetaBinnerRefined-group-group_240304.10_sub.fa	27.36	2.26	LQ
MG240304	run_20260417_045201	FLYE-MetaBinnerRefined-group-group_240304.12_sub.fa	35.28	2.78	LQ
MG240304	run_20260417_045201	FLYE-MetaBinnerRefined-group-group_240304.13_sub.fa	27.42	0.17	LQ
MG240304	run_20260417_045201	FLYE-MetaBinnerRefined-group-group_240304.15_sub.fa	60.41	11.19	LQ
MG240304	run_20260417_045201	FLYE-MetaBinnerRefined-group-group_240304.19_sub.fa	53.36	15.33	LQ
MG240304	run_20260417_045201	FLYE-MetaBinnerRefined-group-group_240304.2.fa	51.83	5.82	MQ
MG240304	run_20260417_045201	FLYE-MetaBinnerRefined-group-group_240304.20.fa	42.6	5.65	LQ
MG240304	run_20260417_045201	FLYE-MetaBinnerRefined-group-group_240304.29_sub.fa	46.9	6.91	LQ
MG240304	run_20260417_045201	FLYE-MetaBinnerRefined-group-group_240304.6.fa	36.3	2.65	LQ
MG240304	run_20260417_045201	FLYE-SemiBin2Refined-group-group_240304.0.fa	87.3	5.46	MQ
MG240304	run_20260417_045201	FLYE-SemiBin2Refined-group-group_240304.1.fa	93.62	4.67	HQ_candidate
MG240304	run_20260417_045201	FLYE-SemiBin2Refined-group-group_240304.11.fa	56.66	1.21	MQ
MG240304	run_20260417_045201	FLYE-SemiBin2Refined-group-group_240304.12.fa	65.88	8.88	MQ
MG240304	run_20260417_045201	FLYE-SemiBin2Refined-group-group_240304.2.fa	92.36	7.45	MQ
MG240304	run_20260417_045201	FLYE-SemiBin2Refined-group-group_240304.23.fa	63.23	5.2	MQ
MG240304	run_20260417_045201	FLYE-SemiBin2Refined-group-group_240304.3.fa	85.75	5.25	MQ
MG240304	run_20260417_045201	FLYE-SemiBin2Refined-group-group_240304.4.fa	79.92	3.55	MQ
MG240304	run_20260417_045201	FLYE-SemiBin2Refined-group-group_240304.5.fa	72.4	1.38	MQ
MG240304	run_20260417_045201	FLYE-SemiBin2Refined-group-group_240304.6.fa	69.0	3.58	MQ
MG240304	run_20260417_045201	FLYE-SemiBin2Refined-group-group_240304.7.fa	73.95	10.2	LQ
MG240304	run_20260417_045201	FLYE-SemiBin2Refined-group-group_240304.8.fa	66.0	5.13	MQ
MG240304	run_20260417_045201	METAMDBG-CONCOCTRefined-group-group_240304.20_sub.fa	100.0	40.14	LQ
MG240304	run_20260417_045201	METAMDBG-CONCOCTRefined-group-group_240304.51.fa	77.51	9.79	MQ
MG240304	run_20260417_045201	METAMDBG-MaxBin2Refined-group-group_240304.020.fa	24.68	0.14	LQ
MG240304	run_20260417_045201	METAMDBG-MaxBin2Refined-group-group_240304.040_sub.fa	48.68	7.37	LQ
MG240304	run_20260417_045201	METAMDBG-MaxBin2Refined-group-group_240304.072_sub.fa	53.25	12.58	LQ
MG240304	run_20260417_045201	METAMDBG-MetaBAT2Refined-group-group_240304.123_sub.fa	28.1	3.31	LQ
MG240304	run_20260417_045201	METAMDBG-MetaBAT2Refined-group-group_240304.124_sub.fa	50.45	8.98	MQ
MG240304	run_20260417_045201	METAMDBG-MetaBAT2Refined-group-group_240304.13.fa	80.74	7.25	MQ
MG240304	run_20260417_045201	METAMDBG-MetaBAT2Refined-group-group_240304.142_sub.fa	26.66	2.08	LQ
MG240304	run_20260417_045201	METAMDBG-MetaBAT2Refined-group-group_240304.148.fa	95.51	1.93	HQ_candidate
MG240304	run_20260417_045201	METAMDBG-MetaBAT2Refined-group-group_240304.155_sub.fa	62.66	12.84	LQ
MG240304	run_20260417_045201	METAMDBG-MetaBAT2Refined-group-group_240304.160.fa	97.1	3.58	HQ_candidate
MG240304	run_20260417_045201	METAMDBG-MetaBAT2Refined-group-group_240304.168.fa	86.17	0.02	MQ
MG240304	run_20260417_045201	METAMDBG-MetaBAT2Refined-group-group_240304.198.fa	13.67	0.01	LQ
MG240304	run_20260417_045201	METAMDBG-MetaBAT2Refined-group-group_240304.199.fa	87.57	15.01	LQ
MG240304	run_20260417_045201	METAMDBG-MetaBAT2Refined-group-group_240304.32_sub.fa	45.4	4.86	LQ
MG240304	run_20260417_045201	METAMDBG-MetaBAT2Refined-group-group_240304.5.fa	94.1	4.46	HQ_candidate
MG240304	run_20260417_045201	METAMDBG-MetaBAT2Refined-group-group_240304.72_sub.fa	52.75	9.92	MQ
MG240304	run_20260417_045201	METAMDBG-MetaBAT2Refined-group-group_240304.75_sub.fa	61.89	22.03	LQ
MG240304	run_20260417_045201	METAMDBG-MetaBinnerRefined-group-group_240304.11.fa	54.13	5.86	MQ
MG240304	run_20260417_045201	METAMDBG-MetaBinnerRefined-group-group_240304.14.fa	71.68	10.32	LQ
MG240304	run_20260417_045201	METAMDBG-MetaBinnerRefined-group-group_240304.15.fa	46.37	5.5	LQ
MG240304	run_20260417_045201	METAMDBG-MetaBinnerRefined-group-group_240304.16_sub.fa	61.51	7.9	MQ
MG240304	run_20260417_045201	METAMDBG-MetaBinnerRefined-group-group_240304.18.fa	57.06	9.68	MQ
MG240304	run_20260417_045201	METAMDBG-MetaBinnerRefined-group-group_240304.19.fa	58.4	5.99	MQ
MG240304	run_20260417_045201	METAMDBG-MetaBinnerRefined-group-group_240304.21.fa	39.95	1.02	LQ
MG240304	run_20260417_045201	METAMDBG-MetaBinnerRefined-group-group_240304.23_sub.fa	48.05	11.15	LQ
MG240304	run_20260417_045201	METAMDBG-MetaBinnerRefined-group-group_240304.24_sub.fa	60.99	10.17	LQ
MG240304	run_20260417_045201	METAMDBG-MetaBinnerRefined-group-group_240304.29.fa	50.06	6.2	MQ
MG240304	run_20260417_045201	METAMDBG-MetaBinnerRefined-group-group_240304.3.fa	73.93	7.41	MQ
MG240304	run_20260417_045201	METAMDBG-MetaBinnerRefined-group-group_240304.34.fa	55.9	11.72	LQ
MG240304	run_20260417_045201	METAMDBG-MetaBinnerRefined-group-group_240304.35_sub.fa	38.03	7.54	LQ
MG240304	run_20260417_045201	METAMDBG-MetaBinnerRefined-group-group_240304.36.fa	35.82	3.58	LQ
MG240304	run_20260417_045201	METAMDBG-MetaBinnerRefined-group-group_240304.38_sub.fa	47.8	5.08	LQ
MG240304	run_20260417_045201	METAMDBG-MetaBinnerRefined-group-group_240304.39.fa	51.07	6.86	MQ
MG240304	run_20260417_045201	METAMDBG-MetaBinnerRefined-group-group_240304.42.fa	52.31	8.34	MQ
MG240304	run_20260417_045201	METAMDBG-MetaBinnerRefined-group-group_240304.46.fa	46.28	7.74	LQ
MG240304	run_20260417_045201	METAMDBG-MetaBinnerRefined-group-group_240304.48.fa	71.94	7.34	MQ
MG240304	run_20260417_045201	METAMDBG-MetaBinnerRefined-group-group_240304.49_sub.fa	41.24	2.62	LQ
MG240304	run_20260417_045201	METAMDBG-MetaBinnerRefined-group-group_240304.52_sub.fa	59.24	8.22	MQ
MG240304	run_20260417_045201	METAMDBG-MetaBinnerRefined-group-group_240304.57_sub.fa	50.97	9.85	MQ
MG240304	run_20260417_045201	METAMDBG-MetaBinnerRefined-group-group_240304.6.fa	68.43	4.93	MQ
MG240304	run_20260417_045201	METAMDBG-MetaBinnerRefined-group-group_240304.7.fa	79.51	11.16	LQ
MG240304	run_20260417_045201	METAMDBG-MetaBinnerRefined-group-group_240304.9_sub.fa	53.16	10.48	LQ
MG240304	run_20260417_045201	METAMDBG-SemiBin2Refined-group-group_240304.180.fa	75.69	18.93	LQ
MG240304	run_20260417_045201	METAMDBG-SemiBin2Refined-group-group_240304.196.fa	53.16	10.22	LQ
MG240304	run_20260417_045201	METAMDBG-SemiBin2Refined-group-group_240304.205_sub.fa	79.79	18.35	LQ
MG240304	run_20260417_045201	METAMDBG-SemiBin2Refined-group-group_240304.209_sub.fa	64.06	25.32	LQ
MG240304	run_20260417_045201	METAMDBG-SemiBin2Refined-group-group_240304.219_sub.fa	82.9	51.51	LQ
MG240304	run_20260417_045201	METAMDBG-SemiBin2Refined-group-group_240304.3.fa	72.05	0.56	MQ
MG240304	run_20260417_045201	METAMDBG-SemiBin2Refined-group-group_240304.6.fa	58.94	1.07	MQ
MG240304	run_20260417_045201	METAMDBG-SemiBin2Refined-group-group_240304.8.fa	29.3	3.16	LQ
MG231025	run_20260416_063757	FLYE-CONCOCTRefined-group-group_231025.18.fa	54.84	5.25	MQ
MG231025	run_20260416_063757	FLYE-CONCOCTRefined-group-group_231025.66.fa	44.21	2.25	LQ
MG231025	run_20260416_063757	FLYE-MaxBin2Refined-group-group_231025.002.fa	44.48	0.41	LQ
MG231025	run_20260416_063757	FLYE-MaxBin2Refined-group-group_231025.009_sub.fa	65.88	8.12	MQ
MG231025	run_20260416_063757	FLYE-MaxBin2Refined-group-group_231025.010.fa	69.2	22.22	LQ
MG231025	run_20260416_063757	FLYE-MetaBAT2Refined-group-group_231025.13.fa	20.47	1.13	LQ
MG231025	run_20260416_063757	FLYE-MetaBAT2Refined-group-group_231025.20.fa	83.6	2.67	MQ
MG231025	run_20260416_063757	FLYE-MetaBAT2Refined-group-group_231025.3.fa	64.02	2.31	MQ
MG231025	run_20260416_063757	FLYE-MetaBAT2Refined-group-group_231025.38_sub.fa	53.64	7.11	MQ
MG231025	run_20260416_063757	FLYE-MetaBAT2Refined-group-group_231025.43_sub.fa	45.15	0.05	LQ
MG231025	run_20260416_063757	FLYE-MetaBAT2Refined-group-group_231025.5.fa	64.51	7.94	MQ
MG231025	run_20260416_063757	FLYE-MetaBAT2Refined-group-group_231025.58.fa	22.0	4.55	LQ
MG231025	run_20260416_063757	FLYE-MetaBinnerRefined-group-group_231025.12.fa	43.31	3.12	LQ
MG231025	run_20260416_063757	FLYE-MetaBinnerRefined-group-group_231025.14.fa	67.15	9.46	MQ
MG231025	run_20260416_063757	FLYE-MetaBinnerRefined-group-group_231025.17.fa	55.46	3.7	MQ
MG231025	run_20260416_063757	FLYE-MetaBinnerRefined-group-group_231025.18_sub.fa	33.62	11.61	LQ
MG231025	run_20260416_063757	FLYE-MetaBinnerRefined-group-group_231025.5.fa	59.32	5.92	MQ
MG231025	run_20260416_063757	FLYE-SemiBin2Refined-group-group_231025.1.fa	78.57	4.98	MQ
MG231025	run_20260416_063757	FLYE-SemiBin2Refined-group-group_231025.109.fa	41.12	7.39	LQ
MG231025	run_20260416_063757	FLYE-SemiBin2Refined-group-group_231025.16.fa	10.82	0.86	LQ
MG231025	run_20260416_063757	FLYE-SemiBin2Refined-group-group_231025.18.fa	7.34	0.0	LQ
MG231025	run_20260416_063757	FLYE-SemiBin2Refined-group-group_231025.2.fa	60.01	5.05	MQ
MG231025	run_20260416_063757	FLYE-SemiBin2Refined-group-group_231025.3.fa	69.96	3.73	MQ
MG231025	run_20260416_063757	FLYE-SemiBin2Refined-group-group_231025.4.fa	60.27	0.02	MQ
MG231025	run_20260416_063757	FLYE-SemiBin2Refined-group-group_231025.6.fa	43.92	0.53	LQ
MG231025	run_20260416_063757	FLYE-SemiBin2Refined-group-group_231025.9.fa	41.16	4.09	LQ
MG231025	run_20260416_063757	METAMDBG-CONCOCTRefined-group-group_231025.11_sub.fa	21.74	0.56	LQ
MG231025	run_20260416_063757	METAMDBG-CONCOCTRefined-group-group_231025.45_sub.fa	48.12	11.42	LQ
MG231025	run_20260416_063757	METAMDBG-CONCOCTRefined-group-group_231025.48.fa	43.88	3.17	LQ
MG231025	run_20260416_063757	METAMDBG-CONCOCTRefined-group-group_231025.58_sub.fa	11.2	2.51	LQ
MG231025	run_20260416_063757	METAMDBG-CONCOCTRefined-group-group_231025.76.fa	34.62	2.31	LQ
MG231025	run_20260416_063757	METAMDBG-CONCOCTRefined-group-group_231025.87_sub.fa	88.92	24.94	LQ
MG231025	run_20260416_063757	METAMDBG-CONCOCTRefined-group-group_231025.90_sub.fa	94.48	27.33	LQ
MG231025	run_20260416_063757	METAMDBG-CONCOCTRefined-group-group_231025.97_sub.fa	45.0	5.82	LQ
MG231025	run_20260416_063757	METAMDBG-MaxBin2Refined-group-group_231025.029_sub.fa	38.21	5.03	LQ
MG231025	run_20260416_063757	METAMDBG-MaxBin2Refined-group-group_231025.041_sub.fa	48.02	5.82	LQ
MG231025	run_20260416_063757	METAMDBG-MaxBin2Refined-group-group_231025.053_sub.fa	31.45	4.85	LQ
MG231025	run_20260416_063757	METAMDBG-MaxBin2Refined-group-group_231025.055_sub.fa	40.1	5.6	LQ
MG231025	run_20260416_063757	METAMDBG-MetaBAT2Refined-group-group_231025.101.fa	72.24	27.03	LQ
MG231025	run_20260416_063757	METAMDBG-MetaBAT2Refined-group-group_231025.111.fa	64.34	6.45	MQ
MG231025	run_20260416_063757	METAMDBG-MetaBAT2Refined-group-group_231025.118.fa	90.89	14.22	LQ
MG231025	run_20260416_063757	METAMDBG-MetaBAT2Refined-group-group_231025.142_sub.fa	79.48	65.36	LQ
MG231025	run_20260416_063757	METAMDBG-MetaBAT2Refined-group-group_231025.28.fa	90.19	7.14	MQ
MG231025	run_20260416_063757	METAMDBG-MetaBAT2Refined-group-group_231025.48_sub.fa	76.22	24.03	LQ
MG231025	run_20260416_063757	METAMDBG-MetaBAT2Refined-group-group_231025.52_sub.fa	66.51	5.59	MQ
MG231025	run_20260416_063757	METAMDBG-MetaBAT2Refined-group-group_231025.73.fa	94.16	0.21	HQ_candidate
MG231025	run_20260416_063757	METAMDBG-MetaBAT2Refined-group-group_231025.82_sub.fa	94.66	47.37	LQ
MG231025	run_20260416_063757	METAMDBG-MetaBinnerRefined-group-group_231025.10_sub.fa	47.25	3.98	LQ
MG231025	run_20260416_063757	METAMDBG-MetaBinnerRefined-group-group_231025.15_sub.fa	64.24	28.32	LQ
MG231025	run_20260416_063757	METAMDBG-MetaBinnerRefined-group-group_231025.16_sub.fa	64.04	8.96	MQ
MG231025	run_20260416_063757	METAMDBG-MetaBinnerRefined-group-group_231025.17.fa	65.59	4.2	MQ
MG231025	run_20260416_063757	METAMDBG-MetaBinnerRefined-group-group_231025.19_sub.fa	45.27	6.68	LQ
MG231025	run_20260416_063757	METAMDBG-MetaBinnerRefined-group-group_231025.20.fa	61.44	13.2	LQ
MG231025	run_20260416_063757	METAMDBG-MetaBinnerRefined-group-group_231025.21.fa	40.87	7.81	LQ
MG231025	run_20260416_063757	METAMDBG-MetaBinnerRefined-group-group_231025.22.fa	49.84	10.42	LQ
MG231025	run_20260416_063757	METAMDBG-MetaBinnerRefined-group-group_231025.23_sub.fa	55.24	9.3	MQ
MG231025	run_20260416_063757	METAMDBG-MetaBinnerRefined-group-group_231025.28.fa	82.98	18.02	LQ
MG231025	run_20260416_063757	METAMDBG-MetaBinnerRefined-group-group_231025.3.fa	92.56	8.88	MQ
MG231025	run_20260416_063757	METAMDBG-MetaBinnerRefined-group-group_231025.33_sub.fa	52.1	6.14	MQ
MG231025	run_20260416_063757	METAMDBG-MetaBinnerRefined-group-group_231025.36_sub.fa	54.29	11.74	LQ
MG231025	run_20260416_063757	METAMDBG-MetaBinnerRefined-group-group_231025.4.fa	65.65	12.69	LQ
MG231025	run_20260416_063757	METAMDBG-MetaBinnerRefined-group-group_231025.5.fa	78.7	7.77	MQ
MG231025	run_20260416_063757	METAMDBG-MetaBinnerRefined-group-group_231025.7.fa	66.73	0.62	MQ
MG231025	run_20260416_063757	METAMDBG-MetaBinnerRefined-group-group_231025.8_sub.fa	39.93	1.8	LQ
MG231025	run_20260416_063757	METAMDBG-MetaBinnerRefined-group-group_231025.9.fa	50.85	4.56	MQ
MG231025	run_20260416_063757	METAMDBG-SemiBin2Refined-group-group_231025.0.fa	91.94	0.11	HQ_candidate
MG231025	run_20260416_063757	METAMDBG-SemiBin2Refined-group-group_231025.159_sub.fa	72.37	16.9	LQ
MG231025	run_20260416_063757	METAMDBG-SemiBin2Refined-group-group_231025.16.fa	48.04	0.11	LQ
MG231025	run_20260416_063757	METAMDBG-SemiBin2Refined-group-group_231025.17.fa	44.61	1.34	LQ
MG231025	run_20260416_063757	METAMDBG-SemiBin2Refined-group-group_231025.2.fa	71.09	8.5	MQ
MG231025	run_20260416_063757	METAMDBG-SemiBin2Refined-group-group_231025.4.fa	58.58	6.41	MQ
MG231025	run_20260416_063757	METAMDBG-SemiBin2Refined-group-group_231025.5_sub.fa	65.93	5.83	MQ
MG240705	run_20260417_025508	FLYE-CONCOCTRefined-group-group_240705.20_sub.fa	49.6	8.35	LQ
MG240705	run_20260417_025508	FLYE-CONCOCTRefined-group-group_240705.22_sub.fa	26.29	1.8	LQ
MG240705	run_20260417_025508	FLYE-CONCOCTRefined-group-group_240705.29.fa	60.17	12.78	LQ
MG240705	run_20260417_025508	FLYE-CONCOCTRefined-group-group_240705.77.fa	40.39	9.92	LQ
MG240705	run_20260417_025508	FLYE-MetaBAT2Refined-group-group_240705.12.fa	79.41	1.29	MQ
MG240705	run_20260417_025508	FLYE-MetaBAT2Refined-group-group_240705.17_sub.fa	66.84	10.11	LQ
MG240705	run_20260417_025508	FLYE-MetaBAT2Refined-group-group_240705.53.fa	52.3	2.38	MQ
MG240705	run_20260417_025508	FLYE-MetaBAT2Refined-group-group_240705.62.fa	83.16	21.3	LQ
MG240705	run_20260417_025508	FLYE-MetaBinnerRefined-group-group_240705.10_sub.fa	44.02	3.83	LQ
MG240705	run_20260417_025508	FLYE-MetaBinnerRefined-group-group_240705.14.fa	52.06	5.36	MQ
MG240705	run_20260417_025508	FLYE-MetaBinnerRefined-group-group_240705.2.fa	57.74	3.28	MQ
MG240705	run_20260417_025508	FLYE-MetaBinnerRefined-group-group_240705.4_sub.fa	47.49	4.39	LQ
MG240705	run_20260417_025508	FLYE-SemiBin2Refined-group-group_240705.1.fa	63.04	3.63	MQ
MG240705	run_20260417_025508	FLYE-SemiBin2Refined-group-group_240705.104_sub.fa	45.64	10.36	LQ
MG240705	run_20260417_025508	FLYE-SemiBin2Refined-group-group_240705.2.fa	67.61	7.01	MQ
MG240705	run_20260417_025508	FLYE-SemiBin2Refined-group-group_240705.3.fa	41.7	4.31	LQ
MG240705	run_20260417_025508	FLYE-SemiBin2Refined-group-group_240705.4.fa	53.45	1.62	MQ
MG240705	run_20260417_025508	FLYE-SemiBin2Refined-group-group_240705.7.fa	36.19	0.22	LQ
MG240705	run_20260417_025508	FLYE-SemiBin2Refined-group-group_240705.9.fa	24.42	1.98	LQ
MG240705	run_20260417_025508	METAMDBG-CONCOCTRefined-group-group_240705.110_sub.fa	70.36	30.24	LQ
MG240705	run_20260417_025508	METAMDBG-CONCOCTRefined-group-group_240705.113_sub.fa	65.33	17.16	LQ
MG240705	run_20260417_025508	METAMDBG-CONCOCTRefined-group-group_240705.20_sub.fa	56.02	10.64	LQ
MG240705	run_20260417_025508	METAMDBG-CONCOCTRefined-group-group_240705.27_sub.fa	22.43	2.63	LQ
MG240705	run_20260417_025508	METAMDBG-CONCOCTRefined-group-group_240705.31_sub.fa	63.53	15.16	LQ
MG240705	run_20260417_025508	METAMDBG-CONCOCTRefined-group-group_240705.35.fa	66.43	11.41	LQ
MG240705	run_20260417_025508	METAMDBG-CONCOCTRefined-group-group_240705.93_sub.fa	85.28	34.27	LQ
MG240705	run_20260417_025508	METAMDBG-MaxBin2Refined-group-group_240705.001_sub.fa	70.62	13.62	LQ
MG240705	run_20260417_025508	METAMDBG-MaxBin2Refined-group-group_240705.002_sub.fa	53.41	10.99	LQ
MG240705	run_20260417_025508	METAMDBG-MaxBin2Refined-group-group_240705.036.fa	31.97	3.99	LQ
MG240705	run_20260417_025508	METAMDBG-MetaBAT2Refined-group-group_240705.107_sub.fa	56.5	2.16	MQ
MG240705	run_20260417_025508	METAMDBG-MetaBAT2Refined-group-group_240705.112.fa	86.76	32.67	LQ
MG240705	run_20260417_025508	METAMDBG-MetaBAT2Refined-group-group_240705.118.fa	89.45	2.26	MQ
MG240705	run_20260417_025508	METAMDBG-MetaBAT2Refined-group-group_240705.121_sub.fa	82.42	11.43	LQ
MG240705	run_20260417_025508	METAMDBG-MetaBAT2Refined-group-group_240705.41_sub.fa	51.83	6.16	MQ
MG240705	run_20260417_025508	METAMDBG-MetaBAT2Refined-group-group_240705.48_sub.fa	60.49	14.56	LQ
MG240705	run_20260417_025508	METAMDBG-MetaBAT2Refined-group-group_240705.64.fa	39.33	7.26	LQ
MG240705	run_20260417_025508	METAMDBG-MetaBAT2Refined-group-group_240705.82_sub.fa	46.81	9.89	LQ
MG240705	run_20260417_025508	METAMDBG-MetaBAT2Refined-group-group_240705.93.fa	79.48	4.83	MQ
MG240705	run_20260417_025508	METAMDBG-MetaBinnerRefined-group-group_240705.17.fa	59.87	11.41	LQ
MG240705	run_20260417_025508	METAMDBG-MetaBinnerRefined-group-group_240705.2.fa	56.79	7.01	MQ
MG240705	run_20260417_025508	METAMDBG-MetaBinnerRefined-group-group_240705.23_sub.fa	19.05	1.77	LQ
MG240705	run_20260417_025508	METAMDBG-MetaBinnerRefined-group-group_240705.29.fa	53.99	11.2	LQ
MG240705	run_20260417_025508	METAMDBG-MetaBinnerRefined-group-group_240705.3.fa	74.53	16.73	LQ
MG240705	run_20260417_025508	METAMDBG-MetaBinnerRefined-group-group_240705.30_sub.fa	63.84	13.11	LQ
MG240705	run_20260417_025508	METAMDBG-MetaBinnerRefined-group-group_240705.32_sub.fa	28.7	2.27	LQ
MG240705	run_20260417_025508	METAMDBG-MetaBinnerRefined-group-group_240705.33_sub.fa	30.03	6.76	LQ
MG240705	run_20260417_025508	METAMDBG-MetaBinnerRefined-group-group_240705.36.fa	56.93	13.43	LQ
MG240705	run_20260417_025508	METAMDBG-MetaBinnerRefined-group-group_240705.39_sub.fa	45.53	6.02	LQ
MG240705	run_20260417_025508	METAMDBG-MetaBinnerRefined-group-group_240705.6_sub.fa	50.72	9.02	MQ
MG240705	run_20260417_025508	METAMDBG-MetaBinnerRefined-group-group_240705.9.fa	56.55	3.68	MQ
MG240705	run_20260417_025508	METAMDBG-SemiBin2Refined-group-group_240705.1.fa	69.68	6.78	MQ
MG240705	run_20260417_025508	METAMDBG-SemiBin2Refined-group-group_240705.11.fa	49.02	0.12	LQ
MG240705	run_20260417_025508	METAMDBG-SemiBin2Refined-group-group_240705.121_sub.fa	78.23	29.15	LQ
MG240705	run_20260417_025508	METAMDBG-SemiBin2Refined-group-group_240705.2.fa	68.0	0.5	MQ
MG240705	run_20260417_025508	METAMDBG-SemiBin2Refined-group-group_240705.3_sub.fa	50.97	0.14	MQ
MG220909	run_20260415_090420	FLYE-MaxBin2Refined-group-group_220909.004.fa	54.76	4.0	MQ
MG220909	run_20260415_090420	FLYE-MaxBin2Refined-group-group_220909.010_sub.fa	32.82	5.01	LQ
MG220909	run_20260415_090420	FLYE-MetaBAT2Refined-group-group_220909.13.fa	60.12	4.1	MQ
MG220909	run_20260415_090420	FLYE-MetaBAT2Refined-group-group_220909.22_sub.fa	55.8	11.9	LQ
MG220909	run_20260415_090420	FLYE-MetaBinnerRefined-group-group_220909.6_sub.fa	46.46	9.53	LQ
MG220909	run_20260415_090420	FLYE-MetaBinnerRefined-group-group_220909.8.fa	51.18	4.53	MQ
MG220909	run_20260415_090420	FLYE-SemiBin2Refined-group-group_220909.3.fa	12.79	0.26	LQ
MG220909	run_20260415_090420	FLYE-SemiBin2Refined-group-group_220909.43.fa	79.61	19.3	LQ
MG220909	run_20260415_090420	FLYE-SemiBin2Refined-group-group_220909.52_sub.fa	57.27	13.09	LQ
MG220909	run_20260415_090420	METAMDBG-CONCOCTRefined-group-group_220909.19_sub.fa	59.75	14.62	LQ
MG220909	run_20260415_090420	METAMDBG-CONCOCTRefined-group-group_220909.64.fa	55.61	8.54	MQ
MG220909	run_20260415_090420	METAMDBG-MaxBin2Refined-group-group_220909.004.fa	73.8	21.89	LQ
MG220909	run_20260415_090420	METAMDBG-MaxBin2Refined-group-group_220909.013_sub.fa	44.89	8.02	LQ
MG220909	run_20260415_090420	METAMDBG-MaxBin2Refined-group-group_220909.026_sub.fa	56.35	14.13	LQ
MG220909	run_20260415_090420	METAMDBG-MaxBin2Refined-group-group_220909.032.fa	76.26	34.59	LQ
MG220909	run_20260415_090420	METAMDBG-MaxBin2Refined-group-group_220909.033_sub.fa	56.53	10.76	LQ
MG220909	run_20260415_090420	METAMDBG-MaxBin2Refined-group-group_220909.035_sub.fa	49.39	4.05	LQ
MG220909	run_20260415_090420	METAMDBG-MaxBin2Refined-group-group_220909.043.fa	45.4	8.84	LQ
MG220909	run_20260415_090420	METAMDBG-MetaBAT2Refined-group-group_220909.32.fa	76.01	24.4	LQ
MG220909	run_20260415_090420	METAMDBG-MetaBAT2Refined-group-group_220909.61.fa	71.13	4.4	MQ
MG220909	run_20260415_090420	METAMDBG-MetaBinnerRefined-group-group_220909.3.fa	74.56	10.98	LQ
MG220909	run_20260415_090420	METAMDBG-SemiBin2Refined-group-group_220909.0.fa	89.63	18.1	LQ
MG220909	run_20260415_090420	METAMDBG-SemiBin2Refined-group-group_220909.4.fa	57.74	0.47	MQ
MG220909	run_20260415_090420	METAMDBG-SemiBin2Refined-group-group_220909.58_sub.fa	64.36	15.1	LQ
MG240905	run_20260416_091821	FLYE-CONCOCTRefined-group-group_240905.18.fa	17.91	0.8	LQ
MG240905	run_20260416_091821	FLYE-CONCOCTRefined-group-group_240905.30.fa	29.38	0.95	LQ
MG240905	run_20260416_091821	FLYE-CONCOCTRefined-group-group_240905.40_sub.fa	39.17	3.45	LQ
MG240905	run_20260416_091821	FLYE-MaxBin2Refined-group-group_240905.017_sub.fa	48.04	7.91	LQ
MG240905	run_20260416_091821	FLYE-MaxBin2Refined-group-group_240905.022.fa	49.94	21.13	LQ
MG240905	run_20260416_091821	FLYE-MetaBAT2Refined-group-group_240905.21.fa	74.2	5.87	MQ
MG240905	run_20260416_091821	FLYE-MetaBAT2Refined-group-group_240905.26.fa	53.99	13.64	LQ
MG240905	run_20260416_091821	FLYE-MetaBAT2Refined-group-group_240905.28.fa	71.09	6.69	MQ
MG240905	run_20260416_091821	FLYE-MetaBAT2Refined-group-group_240905.47.fa	89.85	5.31	MQ
MG240905	run_20260416_091821	FLYE-MetaBAT2Refined-group-group_240905.5.fa	90.98	7.29	MQ
MG240905	run_20260416_091821	FLYE-MetaBAT2Refined-group-group_240905.6.fa	49.23	1.55	LQ
MG240905	run_20260416_091821	FLYE-MetaBinnerRefined-group-group_240905.1.fa	91.93	5.07	MQ
MG240905	run_20260416_091821	FLYE-MetaBinnerRefined-group-group_240905.10_sub.fa	26.16	1.86	LQ
MG240905	run_20260416_091821	FLYE-MetaBinnerRefined-group-group_240905.8.fa	40.79	6.47	LQ
MG240905	run_20260416_091821	FLYE-SemiBin2Refined-group-group_240905.108.fa	38.97	8.11	LQ
MG240905	run_20260416_091821	FLYE-SemiBin2Refined-group-group_240905.3.fa	70.84	3.07	MQ
MG240905	run_20260416_091821	FLYE-SemiBin2Refined-group-group_240905.5.fa	63.05	3.63	MQ
MG240905	run_20260416_091821	FLYE-SemiBin2Refined-group-group_240905.8.fa	34.34	3.68	LQ
MG240905	run_20260416_091821	METAMDBG-CONCOCTRefined-group-group_240905.22.fa	61.04	7.48	MQ
MG240905	run_20260416_091821	METAMDBG-CONCOCTRefined-group-group_240905.51_sub.fa	84.99	28.21	LQ
MG240905	run_20260416_091821	METAMDBG-CONCOCTRefined-group-group_240905.82_sub.fa	51.72	1.44	MQ
MG240905	run_20260416_091821	METAMDBG-CONCOCTRefined-group-group_240905.85_sub.fa	57.35	8.79	MQ
MG240905	run_20260416_091821	METAMDBG-CONCOCTRefined-group-group_240905.9_sub.fa	67.89	17.2	LQ
MG240905	run_20260416_091821	METAMDBG-MaxBin2Refined-group-group_240905.001.fa	98.26	11.89	LQ
MG240905	run_20260416_091821	METAMDBG-MaxBin2Refined-group-group_240905.003.fa	92.46	4.64	HQ_candidate
MG240905	run_20260416_091821	METAMDBG-MaxBin2Refined-group-group_240905.005_sub.fa	86.49	9.42	MQ
MG240905	run_20260416_091821	METAMDBG-MaxBin2Refined-group-group_240905.006_sub.fa	76.94	20.32	LQ
MG240905	run_20260416_091821	METAMDBG-MaxBin2Refined-group-group_240905.014_sub.fa	51.86	4.63	MQ
MG240905	run_20260416_091821	METAMDBG-MaxBin2Refined-group-group_240905.016_sub.fa	59.76	10.53	LQ
MG240905	run_20260416_091821	METAMDBG-MaxBin2Refined-group-group_240905.017.fa	9.6	0.46	LQ
MG240905	run_20260416_091821	METAMDBG-MaxBin2Refined-group-group_240905.025_sub.fa	58.58	11.97	LQ
MG240905	run_20260416_091821	METAMDBG-MaxBin2Refined-group-group_240905.033_sub.fa	41.55	5.86	LQ
MG240905	run_20260416_091821	METAMDBG-MaxBin2Refined-group-group_240905.040_sub.fa	67.35	14.88	LQ
MG240905	run_20260416_091821	METAMDBG-MaxBin2Refined-group-group_240905.044_sub.fa	57.55	9.83	MQ
MG240905	run_20260416_091821	METAMDBG-MetaBAT2Refined-group-group_240905.124_sub.fa	55.28	12.98	LQ
MG240905	run_20260416_091821	METAMDBG-MetaBAT2Refined-group-group_240905.137.fa	72.11	6.32	MQ
MG240905	run_20260416_091821	METAMDBG-MetaBAT2Refined-group-group_240905.45_sub.fa	64.71	13.31	LQ
MG240905	run_20260416_091821	METAMDBG-MetaBAT2Refined-group-group_240905.51.fa	23.76	0.08	LQ
MG240905	run_20260416_091821	METAMDBG-MetaBAT2Refined-group-group_240905.65_sub.fa	35.98	4.83	LQ
MG240905	run_20260416_091821	METAMDBG-MetaBAT2Refined-group-group_240905.78.fa	85.75	4.83	MQ
MG240905	run_20260416_091821	METAMDBG-MetaBAT2Refined-group-group_240905.7_sub.fa	11.73	0.28	LQ
MG240905	run_20260416_091821	METAMDBG-MetaBAT2Refined-group-group_240905.81_sub.fa	47.75	7.28	LQ
MG240905	run_20260416_091821	METAMDBG-MetaBAT2Refined-group-group_240905.82_sub.fa	35.51	1.24	LQ
MG240905	run_20260416_091821	METAMDBG-MetaBAT2Refined-group-group_240905.98.fa	80.24	2.75	MQ
MG240905	run_20260416_091821	METAMDBG-MetaBinnerRefined-group-group_240905.10.fa	55.02	2.54	MQ
MG240905	run_20260416_091821	METAMDBG-MetaBinnerRefined-group-group_240905.11_sub.fa	54.62	9.54	MQ
MG240905	run_20260416_091821	METAMDBG-MetaBinnerRefined-group-group_240905.13.fa	56.65	8.08	MQ
MG240905	run_20260416_091821	METAMDBG-MetaBinnerRefined-group-group_240905.16_sub.fa	53.42	4.55	MQ
MG240905	run_20260416_091821	METAMDBG-MetaBinnerRefined-group-group_240905.18_sub.fa	51.71	9.14	MQ
MG240905	run_20260416_091821	METAMDBG-MetaBinnerRefined-group-group_240905.19_sub.fa	49.09	9.16	LQ
MG240905	run_20260416_091821	METAMDBG-MetaBinnerRefined-group-group_240905.21.fa	41.08	5.34	LQ
MG240905	run_20260416_091821	METAMDBG-MetaBinnerRefined-group-group_240905.26_sub.fa	68.4	8.96	MQ
MG240905	run_20260416_091821	METAMDBG-MetaBinnerRefined-group-group_240905.28_sub.fa	45.45	5.31	LQ
MG240905	run_20260416_091821	METAMDBG-MetaBinnerRefined-group-group_240905.34.fa	63.64	18.15	LQ
MG240905	run_20260416_091821	METAMDBG-MetaBinnerRefined-group-group_240905.5.fa	49.19	4.0	LQ
MG240905	run_20260416_091821	METAMDBG-SemiBin2Refined-group-group_240905.0.fa	90.45	0.09	HQ_candidate
MG240905	run_20260416_091821	METAMDBG-SemiBin2Refined-group-group_240905.121_sub.fa	51.82	12.29	LQ
MG240905	run_20260416_091821	METAMDBG-SemiBin2Refined-group-group_240905.4.fa	56.05	2.06	MQ
MG240905	run_20260416_091821	METAMDBG-SemiBin2Refined-group-group_240905.5.fa	53.53	1.13	MQ
MG240905	run_20260416_091821	METAMDBG-SemiBin2Refined-group-group_240905.8.fa	61.12	12.13	LQ
MG241106	run_20260417_072348	FLYE-CONCOCTRefined-group-group_241106.30_sub.fa	90.84	36.86	LQ
MG241106	run_20260417_072348	FLYE-CONCOCTRefined-group-group_241106.32.fa	54.83	10.57	LQ
MG241106	run_20260417_072348	FLYE-MaxBin2Refined-group-group_241106.018_sub.fa	32.04	7.37	LQ
MG241106	run_20260417_072348	FLYE-MaxBin2Refined-group-group_241106.023.fa	60.57	16.83	LQ
MG241106	run_20260417_072348	FLYE-MetaBAT2Refined-group-group_241106.10.fa	50.63	0.83	MQ
MG241106	run_20260417_072348	FLYE-MetaBAT2Refined-group-group_241106.44.fa	84.69	16.24	LQ
MG241106	run_20260417_072348	FLYE-MetaBAT2Refined-group-group_241106.5.fa	83.03	17.42	LQ
MG241106	run_20260417_072348	FLYE-MetaBinnerRefined-group-group_241106.1.fa	81.0	3.46	MQ
MG241106	run_20260417_072348	FLYE-MetaBinnerRefined-group-group_241106.11.fa	53.67	11.73	LQ
MG241106	run_20260417_072348	FLYE-MetaBinnerRefined-group-group_241106.14.fa	71.36	14.27	LQ
MG241106	run_20260417_072348	FLYE-MetaBinnerRefined-group-group_241106.18.fa	49.48	10.5	LQ
MG241106	run_20260417_072348	FLYE-MetaBinnerRefined-group-group_241106.19.fa	57.7	8.46	MQ
MG241106	run_20260417_072348	FLYE-MetaBinnerRefined-group-group_241106.20.fa	50.49	7.74	MQ
MG241106	run_20260417_072348	FLYE-MetaBinnerRefined-group-group_241106.3.fa	51.34	6.75	MQ
MG241106	run_20260417_072348	FLYE-MetaBinnerRefined-group-group_241106.5.fa	63.22	4.8	MQ
MG241106	run_20260417_072348	FLYE-MetaBinnerRefined-group-group_241106.8.fa	48.4	6.89	LQ
MG241106	run_20260417_072348	FLYE-SemiBin2Refined-group-group_241106.1.fa	77.11	1.78	MQ
MG241106	run_20260417_072348	FLYE-SemiBin2Refined-group-group_241106.153_sub.fa	40.47	4.67	LQ
MG241106	run_20260417_072348	FLYE-SemiBin2Refined-group-group_241106.2.fa	81.85	2.76	MQ
MG241106	run_20260417_072348	FLYE-SemiBin2Refined-group-group_241106.5.fa	45.42	12.79	LQ
MG241106	run_20260417_072348	METAMDBG-CONCOCTRefined-group-group_241106.108_sub.fa	37.6	7.77	LQ
MG241106	run_20260417_072348	METAMDBG-CONCOCTRefined-group-group_241106.114_sub.fa	68.73	13.04	LQ
MG241106	run_20260417_072348	METAMDBG-CONCOCTRefined-group-group_241106.63_sub.fa	56.48	7.87	MQ
MG241106	run_20260417_072348	METAMDBG-CONCOCTRefined-group-group_241106.67.fa	47.76	9.36	LQ
MG241106	run_20260417_072348	METAMDBG-MaxBin2Refined-group-group_241106.002.fa	54.51	7.18	MQ
MG241106	run_20260417_072348	METAMDBG-MaxBin2Refined-group-group_241106.009_sub.fa	7.78	0.0	LQ
MG241106	run_20260417_072348	METAMDBG-MaxBin2Refined-group-group_241106.012_sub.fa	58.14	5.09	MQ
MG241106	run_20260417_072348	METAMDBG-MaxBin2Refined-group-group_241106.026_sub.fa	13.77	2.89	LQ
MG241106	run_20260417_072348	METAMDBG-MaxBin2Refined-group-group_241106.062_sub.fa	30.02	1.09	LQ
MG241106	run_20260417_072348	METAMDBG-MetaBAT2Refined-group-group_241106.136_sub.fa	88.87	39.75	LQ
MG241106	run_20260417_072348	METAMDBG-MetaBAT2Refined-group-group_241106.139.fa	95.26	9.6	MQ
MG241106	run_20260417_072348	METAMDBG-MetaBAT2Refined-group-group_241106.162.fa	77.63	7.16	MQ
MG241106	run_20260417_072348	METAMDBG-MetaBAT2Refined-group-group_241106.187_sub.fa	89.36	35.72	LQ
MG241106	run_20260417_072348	METAMDBG-MetaBAT2Refined-group-group_241106.188_sub.fa	44.8	6.23	LQ
MG241106	run_20260417_072348	METAMDBG-MetaBAT2Refined-group-group_241106.19.fa	79.3	8.85	MQ
MG241106	run_20260417_072348	METAMDBG-MetaBAT2Refined-group-group_241106.46_sub.fa	76.75	31.92	LQ
MG241106	run_20260417_072348	METAMDBG-MetaBinnerRefined-group-group_241106.10_sub.fa	29.14	2.9	LQ
MG241106	run_20260417_072348	METAMDBG-MetaBinnerRefined-group-group_241106.12.fa	39.74	4.54	LQ
MG241106	run_20260417_072348	METAMDBG-MetaBinnerRefined-group-group_241106.19.fa	64.87	11.38	LQ
MG241106	run_20260417_072348	METAMDBG-MetaBinnerRefined-group-group_241106.24_sub.fa	45.91	6.05	LQ
MG241106	run_20260417_072348	METAMDBG-MetaBinnerRefined-group-group_241106.25.fa	59.57	13.84	LQ
MG241106	run_20260417_072348	METAMDBG-MetaBinnerRefined-group-group_241106.2_sub.fa	73.29	2.37	MQ
MG241106	run_20260417_072348	METAMDBG-MetaBinnerRefined-group-group_241106.31_sub.fa	52.27	9.65	MQ
MG241106	run_20260417_072348	METAMDBG-MetaBinnerRefined-group-group_241106.33.fa	64.09	4.07	MQ
MG241106	run_20260417_072348	METAMDBG-MetaBinnerRefined-group-group_241106.36.fa	56.86	12.63	LQ
MG241106	run_20260417_072348	METAMDBG-MetaBinnerRefined-group-group_241106.37.fa	66.42	12.38	LQ
MG241106	run_20260417_072348	METAMDBG-MetaBinnerRefined-group-group_241106.38.fa	59.98	12.12	LQ
MG241106	run_20260417_072348	METAMDBG-MetaBinnerRefined-group-group_241106.39.fa	47.87	6.82	LQ
MG241106	run_20260417_072348	METAMDBG-MetaBinnerRefined-group-group_241106.4.fa	71.55	15.77	LQ
MG241106	run_20260417_072348	METAMDBG-MetaBinnerRefined-group-group_241106.40.fa	55.4	7.1	MQ
MG241106	run_20260417_072348	METAMDBG-MetaBinnerRefined-group-group_241106.42_sub.fa	43.94	7.91	LQ
MG241106	run_20260417_072348	METAMDBG-MetaBinnerRefined-group-group_241106.45.fa	68.35	17.11	LQ
MG241106	run_20260417_072348	METAMDBG-MetaBinnerRefined-group-group_241106.46.fa	66.77	9.43	MQ
MG241106	run_20260417_072348	METAMDBG-MetaBinnerRefined-group-group_241106.53.fa	58.19	10.73	LQ
MG241106	run_20260417_072348	METAMDBG-MetaBinnerRefined-group-group_241106.6.fa	56.51	9.16	MQ
MG241106	run_20260417_072348	METAMDBG-MetaBinnerRefined-group-group_241106.9.fa	45.76	10.34	LQ
MG241106	run_20260417_072348	METAMDBG-SemiBin2Refined-group-group_241106.0.fa	91.88	9.22	MQ
MG241106	run_20260417_072348	METAMDBG-SemiBin2Refined-group-group_241106.1.fa	78.82	0.25	MQ
MG241106	run_20260417_072348	METAMDBG-SemiBin2Refined-group-group_241106.11.fa	10.08	0.04	LQ
MG241106	run_20260417_072348	METAMDBG-SemiBin2Refined-group-group_241106.14.fa	5.76	0.05	LQ
MG241106	run_20260417_072348	METAMDBG-SemiBin2Refined-group-group_241106.15_sub.fa	25.46	0.12	LQ
MG241106	run_20260417_072348	METAMDBG-SemiBin2Refined-group-group_241106.190_sub.fa	78.2	42.86	LQ
MG241106	run_20260417_072348	METAMDBG-SemiBin2Refined-group-group_241106.2.fa	82.82	1.28	MQ
MG221021	run_20260418_024525	FLYE-CONCOCTRefined-group-group_221021.110.fa	94.98	11.66	LQ
MG221021	run_20260418_024525	FLYE-CONCOCTRefined-group-group_221021.53.fa	87.86	3.16	MQ
MG221021	run_20260418_024525	FLYE-CONCOCTRefined-group-group_221021.58.fa	54.52	4.19	MQ
MG221021	run_20260418_024525	FLYE-CONCOCTRefined-group-group_221021.87.fa	66.89	1.52	MQ
MG221021	run_20260418_024525	FLYE-CONCOCTRefined-group-group_221021.93.fa	39.38	5.78	LQ
MG221021	run_20260418_024525	FLYE-MaxBin2Refined-group-group_221021.001.fa	95.17	6.2	MQ
MG221021	run_20260418_024525	FLYE-MaxBin2Refined-group-group_221021.005.fa	47.66	0.03	LQ
MG221021	run_20260418_024525	FLYE-MaxBin2Refined-group-group_221021.042_sub.fa	36.73	4.65	LQ
MG221021	run_20260418_024525	FLYE-MetaBAT2Refined-group-group_221021.108.fa	97.3	4.24	HQ_candidate
MG221021	run_20260418_024525	FLYE-MetaBAT2Refined-group-group_221021.10_sub.fa	50.95	9.17	MQ
MG221021	run_20260418_024525	FLYE-MetaBAT2Refined-group-group_221021.120.fa	66.11	6.05	MQ
MG221021	run_20260418_024525	FLYE-MetaBAT2Refined-group-group_221021.42.fa	13.45	0.03	LQ
MG221021	run_20260418_024525	FLYE-MetaBAT2Refined-group-group_221021.56_sub.fa	64.51	10.06	LQ
MG221021	run_20260418_024525	FLYE-MetaBAT2Refined-group-group_221021.6.fa	72.09	5.47	MQ
MG221021	run_20260418_024525	FLYE-MetaBAT2Refined-group-group_221021.60.fa	11.59	0.02	LQ
MG221021	run_20260418_024525	FLYE-MetaBAT2Refined-group-group_221021.66.fa	68.01	6.37	MQ
MG221021	run_20260418_024525	FLYE-MetaBAT2Refined-group-group_221021.72.fa	82.19	13.79	LQ
MG221021	run_20260418_024525	FLYE-MetaBAT2Refined-group-group_221021.79_sub.fa	32.66	5.13	LQ
MG221021	run_20260418_024525	FLYE-MetaBinnerRefined-group-group_221021.1.fa	91.36	7.17	MQ
MG221021	run_20260418_024525	FLYE-MetaBinnerRefined-group-group_221021.15.fa	56.78	8.61	MQ
MG221021	run_20260418_024525	FLYE-MetaBinnerRefined-group-group_221021.17_sub.fa	28.94	2.08	LQ
MG221021	run_20260418_024525	FLYE-MetaBinnerRefined-group-group_221021.26.fa	39.89	5.55	LQ
MG221021	run_20260418_024525	FLYE-MetaBinnerRefined-group-group_221021.27_sub.fa	39.13	5.89	LQ
MG221021	run_20260418_024525	FLYE-MetaBinnerRefined-group-group_221021.3.fa	92.64	3.84	HQ_candidate
MG221021	run_20260418_024525	FLYE-MetaBinnerRefined-group-group_221021.32.fa	54.95	12.96	LQ
MG221021	run_20260418_024525	FLYE-MetaBinnerRefined-group-group_221021.35.fa	37.08	5.08	LQ
MG221021	run_20260418_024525	FLYE-MetaBinnerRefined-group-group_221021.9.fa	43.05	4.83	LQ
MG221021	run_20260418_024525	FLYE-SemiBin2Refined-group-group_221021.14.fa	71.25	2.46	MQ
MG221021	run_20260418_024525	FLYE-SemiBin2Refined-group-group_221021.15.fa	48.44	0.96	LQ
MG221021	run_20260418_024525	FLYE-SemiBin2Refined-group-group_221021.17.fa	47.54	1.97	LQ
MG221021	run_20260418_024525	FLYE-SemiBin2Refined-group-group_221021.22.fa	21.13	0.1	LQ
MG221021	run_20260418_024525	FLYE-SemiBin2Refined-group-group_221021.3.fa	87.05	4.58	MQ
MG221021	run_20260418_024525	FLYE-SemiBin2Refined-group-group_221021.5.fa	87.58	2.5	MQ
MG221021	run_20260418_024525	FLYE-SemiBin2Refined-group-group_221021.50.fa	36.23	3.3	LQ
MG221021	run_20260418_024525	FLYE-SemiBin2Refined-group-group_221021.75.fa	55.98	11.27	LQ
MG221021	run_20260418_024525	METAMDBG-CONCOCTRefined-group-group_221021.106.fa	57.32	7.02	MQ
MG221021	run_20260418_024525	METAMDBG-CONCOCTRefined-group-group_221021.137_sub.fa	88.19	38.04	LQ
MG221021	run_20260418_024525	METAMDBG-CONCOCTRefined-group-group_221021.149_sub.fa	51.3	6.37	MQ
MG221021	run_20260418_024525	METAMDBG-CONCOCTRefined-group-group_221021.150_sub.fa	93.22	22.9	LQ
MG221021	run_20260418_024525	METAMDBG-CONCOCTRefined-group-group_221021.16_sub.fa	82.92	14.92	LQ
MG221021	run_20260418_024525	METAMDBG-CONCOCTRefined-group-group_221021.23_sub.fa	83.49	37.78	LQ
MG221021	run_20260418_024525	METAMDBG-CONCOCTRefined-group-group_221021.38.fa	59.66	11.07	LQ
MG221021	run_20260418_024525	METAMDBG-CONCOCTRefined-group-group_221021.55_sub.fa	73.68	18.88	LQ
MG221021	run_20260418_024525	METAMDBG-CONCOCTRefined-group-group_221021.56.fa	82.67	8.98	MQ
MG221021	run_20260418_024525	METAMDBG-CONCOCTRefined-group-group_221021.63_sub.fa	80.2	30.97	LQ
MG221021	run_20260418_024525	METAMDBG-CONCOCTRefined-group-group_221021.65_sub.fa	84.01	26.05	LQ
MG221021	run_20260418_024525	METAMDBG-CONCOCTRefined-group-group_221021.68_sub.fa	38.18	4.39	LQ
MG221021	run_20260418_024525	METAMDBG-CONCOCTRefined-group-group_221021.6_sub.fa	94.37	45.47	LQ
MG221021	run_20260418_024525	METAMDBG-CONCOCTRefined-group-group_221021.88_sub.fa	65.09	20.74	LQ
MG221021	run_20260418_024525	METAMDBG-MaxBin2Refined-group-group_221021.026_sub.fa	22.6	3.54	LQ
MG221021	run_20260418_024525	METAMDBG-MaxBin2Refined-group-group_221021.030_sub.fa	80.49	32.59	LQ
MG221021	run_20260418_024525	METAMDBG-MaxBin2Refined-group-group_221021.062_sub.fa	27.44	5.19	LQ
MG221021	run_20260418_024525	METAMDBG-MaxBin2Refined-group-group_221021.064_sub.fa	28.97	4.52	LQ
MG221021	run_20260418_024525	METAMDBG-MaxBin2Refined-group-group_221021.085_sub.fa	51.26	10.64	LQ
MG221021	run_20260418_024525	METAMDBG-MaxBin2Refined-group-group_221021.096_sub.fa	47.38	9.54	LQ
MG221021	run_20260418_024525	METAMDBG-MaxBin2Refined-group-group_221021.107_sub.fa	50.27	10.88	LQ
MG221021	run_20260418_024525	METAMDBG-MaxBin2Refined-group-group_221021.111_sub.fa	34.6	5.66	LQ
MG221021	run_20260418_024525	METAMDBG-MaxBin2Refined-group-group_221021.113_sub.fa	35.88	3.86	LQ
MG221021	run_20260418_024525	METAMDBG-MaxBin2Refined-group-group_221021.115_sub.fa	37.92	2.91	LQ
MG221021	run_20260418_024525	METAMDBG-MetaBAT2Refined-group-group_221021.1.fa	35.67	0.35	LQ
MG221021	run_20260418_024525	METAMDBG-MetaBAT2Refined-group-group_221021.103_sub.fa	51.73	0.05	MQ
MG221021	run_20260418_024525	METAMDBG-MetaBAT2Refined-group-group_221021.138_sub.fa	52.65	4.87	MQ
MG221021	run_20260418_024525	METAMDBG-MetaBAT2Refined-group-group_221021.141_sub.fa	16.21	0.94	LQ
MG221021	run_20260418_024525	METAMDBG-MetaBAT2Refined-group-group_221021.154_sub.fa	29.36	3.69	LQ
MG221021	run_20260418_024525	METAMDBG-MetaBAT2Refined-group-group_221021.164_sub.fa	96.12	56.95	LQ
MG221021	run_20260418_024525	METAMDBG-MetaBAT2Refined-group-group_221021.215.fa	79.08	2.44	MQ
MG221021	run_20260418_024525	METAMDBG-MetaBAT2Refined-group-group_221021.221_sub.fa	77.17	19.59	LQ
MG221021	run_20260418_024525	METAMDBG-MetaBAT2Refined-group-group_221021.222.fa	86.07	7.74	MQ
MG221021	run_20260418_024525	METAMDBG-MetaBAT2Refined-group-group_221021.231_sub.fa	36.92	3.68	LQ
MG221021	run_20260418_024525	METAMDBG-MetaBAT2Refined-group-group_221021.234.fa	79.16	0.93	MQ
MG221021	run_20260418_024525	METAMDBG-MetaBAT2Refined-group-group_221021.245.fa	82.12	12.35	LQ
MG221021	run_20260418_024525	METAMDBG-MetaBAT2Refined-group-group_221021.264_sub.fa	52.67	10.67	LQ
MG221021	run_20260418_024525	METAMDBG-MetaBAT2Refined-group-group_221021.50.fa	76.99	2.1	MQ
MG221021	run_20260418_024525	METAMDBG-MetaBAT2Refined-group-group_221021.53_sub.fa	56.86	2.53	MQ
MG221021	run_20260418_024525	METAMDBG-MetaBAT2Refined-group-group_221021.54.fa	54.0	9.91	MQ
MG221021	run_20260418_024525	METAMDBG-MetaBAT2Refined-group-group_221021.55.fa	53.98	0.9	MQ
MG221021	run_20260418_024525	METAMDBG-MetaBAT2Refined-group-group_221021.98_sub.fa	43.98	2.32	LQ
MG221021	run_20260418_024525	METAMDBG-MetaBinnerRefined-group-group_221021.1.fa	95.28	1.58	HQ_candidate
MG221021	run_20260418_024525	METAMDBG-MetaBinnerRefined-group-group_221021.13.fa	48.02	6.33	LQ
MG221021	run_20260418_024525	METAMDBG-MetaBinnerRefined-group-group_221021.16.fa	51.91	7.0	MQ
MG221021	run_20260418_024525	METAMDBG-MetaBinnerRefined-group-group_221021.2.fa	92.23	4.19	HQ_candidate
MG221021	run_20260418_024525	METAMDBG-MetaBinnerRefined-group-group_221021.27_sub.fa	47.04	3.86	LQ
MG221021	run_20260418_024525	METAMDBG-MetaBinnerRefined-group-group_221021.29.fa	50.25	6.09	MQ
MG221021	run_20260418_024525	METAMDBG-MetaBinnerRefined-group-group_221021.34.fa	49.42	8.53	LQ
MG221021	run_20260418_024525	METAMDBG-MetaBinnerRefined-group-group_221021.35_sub.fa	55.35	9.94	MQ
MG221021	run_20260418_024525	METAMDBG-MetaBinnerRefined-group-group_221021.39_sub.fa	43.62	4.32	LQ
MG221021	run_20260418_024525	METAMDBG-MetaBinnerRefined-group-group_221021.44_sub.fa	35.89	7.06	LQ
MG221021	run_20260418_024525	METAMDBG-MetaBinnerRefined-group-group_221021.46.fa	49.33	6.0	LQ
MG221021	run_20260418_024525	METAMDBG-MetaBinnerRefined-group-group_221021.47_sub.fa	50.94	6.48	MQ
MG221021	run_20260418_024525	METAMDBG-MetaBinnerRefined-group-group_221021.4_sub.fa	81.09	11.16	LQ
MG221021	run_20260418_024525	METAMDBG-MetaBinnerRefined-group-group_221021.5.fa	70.99	4.44	MQ
MG221021	run_20260418_024525	METAMDBG-MetaBinnerRefined-group-group_221021.52_sub.fa	50.47	9.9	MQ
MG221021	run_20260418_024525	METAMDBG-MetaBinnerRefined-group-group_221021.55_sub.fa	50.35	3.69	MQ
MG221021	run_20260418_024525	METAMDBG-MetaBinnerRefined-group-group_221021.58.fa	48.27	10.95	LQ
MG221021	run_20260418_024525	METAMDBG-MetaBinnerRefined-group-group_221021.6.fa	71.36	8.36	MQ
MG221021	run_20260418_024525	METAMDBG-MetaBinnerRefined-group-group_221021.62.fa	47.18	9.83	LQ
MG221021	run_20260418_024525	METAMDBG-MetaBinnerRefined-group-group_221021.68_sub.fa	64.15	9.41	MQ
MG221021	run_20260418_024525	METAMDBG-SemiBin2Refined-group-group_221021.1.fa	96.61	4.28	HQ_candidate
MG221021	run_20260418_024525	METAMDBG-SemiBin2Refined-group-group_221021.19.fa	29.3	1.25	LQ
MG221021	run_20260418_024525	METAMDBG-SemiBin2Refined-group-group_221021.218_sub.fa	84.07	37.49	LQ
MG221021	run_20260418_024525	METAMDBG-SemiBin2Refined-group-group_221021.219.fa	55.41	10.61	LQ
MG221021	run_20260418_024525	METAMDBG-SemiBin2Refined-group-group_221021.21_sub.fa	44.04	0.31	LQ
MG221021	run_20260418_024525	METAMDBG-SemiBin2Refined-group-group_221021.222.fa	46.43	3.79	LQ
MG221021	run_20260418_024525	METAMDBG-SemiBin2Refined-group-group_221021.23.fa	50.27	0.0	MQ
MG221021	run_20260418_024525	METAMDBG-SemiBin2Refined-group-group_221021.234.fa	81.07	29.47	LQ
MG221021	run_20260418_024525	METAMDBG-SemiBin2Refined-group-group_221021.237_sub.fa	60.92	6.05	MQ
MG221021	run_20260418_024525	METAMDBG-SemiBin2Refined-group-group_221021.244_sub.fa	54.14	6.19	MQ
MG221021	run_20260418_024525	METAMDBG-SemiBin2Refined-group-group_221021.4.fa	84.82	0.78	MQ
MG221021	run_20260418_024525	METAMDBG-SemiBin2Refined-group-group_221021.5.fa	79.62	2.36	MQ
MG221021	run_20260418_024525	METAMDBG-SemiBin2Refined-group-group_221021.7_sub.fa	56.88	2.71	MQ
MG240416	run_20260601_144953	FLYE-CONCOCTRefined-group-group_240416.120_sub.fa	82.85	2.71	MQ
MG240416	run_20260601_144953	FLYE-CONCOCTRefined-group-group_240416.126.fa	78.38	3.37	MQ
MG240416	run_20260601_144953	FLYE-CONCOCTRefined-group-group_240416.156_sub.fa	72.36	19.94	LQ
MG240416	run_20260601_144953	FLYE-CONCOCTRefined-group-group_240416.185_sub.fa	69.12	14.34	LQ
MG240416	run_20260601_144953	FLYE-CONCOCTRefined-group-group_240416.199.fa	73.68	6.86	MQ
MG240416	run_20260601_144953	FLYE-CONCOCTRefined-group-group_240416.203_sub.fa	88.59	30.67	LQ
MG240416	run_20260601_144953	FLYE-CONCOCTRefined-group-group_240416.20_sub.fa	76.4	11.26	LQ
MG240416	run_20260601_144953	FLYE-CONCOCTRefined-group-group_240416.226.fa	89.88	8.29	MQ
MG240416	run_20260601_144953	FLYE-CONCOCTRefined-group-group_240416.244_sub.fa	23.68	1.77	LQ
MG240416	run_20260601_144953	FLYE-CONCOCTRefined-group-group_240416.255_sub.fa	46.95	6.54	LQ
MG240416	run_20260601_144953	FLYE-CONCOCTRefined-group-group_240416.272.fa	94.49	5.89	MQ
MG240416	run_20260601_144953	FLYE-CONCOCTRefined-group-group_240416.287_sub.fa	27.01	2.28	LQ
MG240416	run_20260601_144953	FLYE-CONCOCTRefined-group-group_240416.29.fa	95.56	1.24	HQ_candidate
MG240416	run_20260601_144953	FLYE-CONCOCTRefined-group-group_240416.290.fa	96.92	0.92	HQ_candidate
MG240416	run_20260601_144953	FLYE-CONCOCTRefined-group-group_240416.40_sub.fa	74.77	22.44	LQ
MG240416	run_20260601_144953	FLYE-CONCOCTRefined-group-group_240416.67.fa	84.16	4.93	MQ
MG240416	run_20260601_144953	FLYE-CONCOCTRefined-group-group_240416.73.fa	86.54	0.95	MQ
MG240416	run_20260601_144953	FLYE-CONCOCTRefined-group-group_240416.74.fa	70.52	3.27	MQ
MG240416	run_20260601_144953	FLYE-CONCOCTRefined-group-group_240416.7_sub.fa	80.93	12.1	LQ
MG240416	run_20260601_144953	FLYE-CONCOCTRefined-group-group_240416.89.fa	95.71	5.19	MQ
MG240416	run_20260601_144953	FLYE-CONCOCTRefined-group-group_240416.96_sub.fa	91.12	5.79	MQ
MG240416	run_20260601_144953	FLYE-CONCOCTRefined-group-group_240416.9_sub.fa	83.07	6.56	MQ
MG240416	run_20260601_144953	FLYE-MaxBin2Refined-group-group_240416.018.fa	96.82	6.49	MQ
MG240416	run_20260601_144953	FLYE-MaxBin2Refined-group-group_240416.022_sub.fa	83.15	6.12	MQ
MG240416	run_20260601_144953	FLYE-MaxBin2Refined-group-group_240416.026_sub.fa	34.91	5.62	LQ
MG240416	run_20260601_144953	FLYE-MaxBin2Refined-group-group_240416.033_sub.fa	47.25	5.75	LQ
MG240416	run_20260601_144953	FLYE-MaxBin2Refined-group-group_240416.034.fa	93.06	4.47	HQ_candidate
MG240416	run_20260601_144953	FLYE-MaxBin2Refined-group-group_240416.035.fa	86.43	12.42	LQ
MG240416	run_20260601_144953	FLYE-MaxBin2Refined-group-group_240416.044_sub.fa	76.79	27.87	LQ
MG240416	run_20260601_144953	FLYE-MaxBin2Refined-group-group_240416.045_sub.fa	88.03	14.51	LQ
MG240416	run_20260601_144953	FLYE-MaxBin2Refined-group-group_240416.051.fa	57.33	8.35	MQ
MG240416	run_20260601_144953	FLYE-MaxBin2Refined-group-group_240416.054_sub.fa	85.3	28.52	LQ
MG240416	run_20260601_144953	FLYE-MaxBin2Refined-group-group_240416.075_sub.fa	45.88	6.66	LQ
MG240416	run_20260601_144953	FLYE-MaxBin2Refined-group-group_240416.087_sub.fa	63.33	15.09	LQ
MG240416	run_20260601_144953	FLYE-MaxBin2Refined-group-group_240416.091.fa	54.32	5.86	MQ
MG240416	run_20260601_144953	FLYE-MaxBin2Refined-group-group_240416.097.fa	25.26	6.47	LQ
MG240416	run_20260601_144953	FLYE-MaxBin2Refined-group-group_240416.105.fa	64.0	10.4	LQ
MG240416	run_20260601_144953	FLYE-MaxBin2Refined-group-group_240416.153_sub.fa	62.32	6.41	MQ
MG240416	run_20260601_144953	FLYE-MaxBin2Refined-group-group_240416.175_sub.fa	48.02	12.66	LQ
MG240416	run_20260601_144953	FLYE-MaxBin2Refined-group-group_240416.191.fa	50.92	6.06	MQ
MG240416	run_20260601_144953	FLYE-MetaBAT2Refined-group-group_240416.100.fa	95.54	1.13	HQ_candidate
MG240416	run_20260601_144953	FLYE-MetaBAT2Refined-group-group_240416.110.fa	100.0	5.3	MQ
MG240416	run_20260601_144953	FLYE-MetaBAT2Refined-group-group_240416.112.fa	56.01	4.25	MQ
MG240416	run_20260601_144953	FLYE-MetaBAT2Refined-group-group_240416.117_sub.fa	72.25	17.3	LQ
MG240416	run_20260601_144953	FLYE-MetaBAT2Refined-group-group_240416.118.fa	89.82	1.04	MQ
MG240416	run_20260601_144953	FLYE-MetaBAT2Refined-group-group_240416.124.fa	56.96	1.51	MQ
MG240416	run_20260601_144953	FLYE-MetaBAT2Refined-group-group_240416.127.fa	55.79	2.99	MQ
MG240416	run_20260601_144953	FLYE-MetaBAT2Refined-group-group_240416.143.fa	92.34	8.6	MQ
MG240416	run_20260601_144953	FLYE-MetaBAT2Refined-group-group_240416.153.fa	82.05	2.72	MQ
MG240416	run_20260601_144953	FLYE-MetaBAT2Refined-group-group_240416.154_sub.fa	44.21	4.49	LQ
MG240416	run_20260601_144953	FLYE-MetaBAT2Refined-group-group_240416.183.fa	48.7	2.78	LQ
MG240416	run_20260601_144953	FLYE-MetaBAT2Refined-group-group_240416.185.fa	81.67	11.15	LQ
MG240416	run_20260601_144953	FLYE-MetaBAT2Refined-group-group_240416.188_sub.fa	50.76	6.64	MQ
MG240416	run_20260601_144953	FLYE-MetaBAT2Refined-group-group_240416.200.fa	71.33	7.89	MQ
MG240416	run_20260601_144953	FLYE-MetaBAT2Refined-group-group_240416.203.fa	92.0	2.77	HQ_candidate
MG240416	run_20260601_144953	FLYE-MetaBAT2Refined-group-group_240416.212.fa	71.94	7.73	MQ
MG240416	run_20260601_144953	FLYE-MetaBAT2Refined-group-group_240416.215.fa	52.18	3.61	MQ
MG240416	run_20260601_144953	FLYE-MetaBAT2Refined-group-group_240416.219.fa	86.18	20.73	LQ
MG240416	run_20260601_144953	FLYE-MetaBAT2Refined-group-group_240416.228_sub.fa	85.05	38.59	LQ
MG240416	run_20260601_144953	FLYE-MetaBAT2Refined-group-group_240416.229.fa	52.9	2.08	MQ
MG240416	run_20260601_144953	FLYE-MetaBAT2Refined-group-group_240416.23.fa	52.38	6.22	MQ
MG240416	run_20260601_144953	FLYE-MetaBAT2Refined-group-group_240416.232.fa	60.18	7.66	MQ
MG240416	run_20260601_144953	FLYE-MetaBAT2Refined-group-group_240416.237.fa	71.48	5.24	MQ
MG240416	run_20260601_144953	FLYE-MetaBAT2Refined-group-group_240416.238.fa	81.28	12.4	LQ
MG240416	run_20260601_144953	FLYE-MetaBAT2Refined-group-group_240416.239_sub.fa	78.29	3.19	MQ
MG240416	run_20260601_144953	FLYE-MetaBAT2Refined-group-group_240416.252.fa	54.69	1.14	MQ
MG240416	run_20260601_144953	FLYE-MetaBAT2Refined-group-group_240416.260.fa	55.25	3.24	MQ
MG240416	run_20260601_144953	FLYE-MetaBAT2Refined-group-group_240416.264.fa	10.34	0.5	LQ
MG240416	run_20260601_144953	FLYE-MetaBAT2Refined-group-group_240416.270.fa	77.63	10.03	LQ
MG240416	run_20260601_144953	FLYE-MetaBAT2Refined-group-group_240416.273.fa	59.11	2.4	MQ
MG240416	run_20260601_144953	FLYE-MetaBAT2Refined-group-group_240416.293.fa	63.43	0.52	MQ
MG240416	run_20260601_144953	FLYE-MetaBAT2Refined-group-group_240416.303.fa	73.66	2.23	MQ
MG240416	run_20260601_144953	FLYE-MetaBAT2Refined-group-group_240416.304.fa	35.61	1.98	LQ
MG240416	run_20260601_144953	FLYE-MetaBAT2Refined-group-group_240416.319.fa	86.94	8.33	MQ
MG240416	run_20260601_144953	FLYE-MetaBAT2Refined-group-group_240416.320.fa	95.41	13.71	LQ
MG240416	run_20260601_144953	FLYE-MetaBAT2Refined-group-group_240416.322.fa	59.29	8.49	MQ
MG240416	run_20260601_144953	FLYE-MetaBAT2Refined-group-group_240416.323.fa	76.44	8.15	MQ
MG240416	run_20260601_144953	FLYE-MetaBAT2Refined-group-group_240416.335.fa	83.42	5.12	MQ
MG240416	run_20260601_144953	FLYE-MetaBAT2Refined-group-group_240416.350.fa	82.05	4.24	MQ
MG240416	run_20260601_144953	FLYE-MetaBAT2Refined-group-group_240416.367_sub.fa	63.0	2.94	MQ
MG240416	run_20260601_144953	FLYE-MetaBAT2Refined-group-group_240416.382.fa	68.17	26.36	LQ
MG240416	run_20260601_144953	FLYE-MetaBAT2Refined-group-group_240416.383.fa	89.19	7.0	MQ
MG240416	run_20260601_144953	FLYE-MetaBAT2Refined-group-group_240416.401_sub.fa	51.96	1.35	MQ
MG240416	run_20260601_144953	FLYE-MetaBAT2Refined-group-group_240416.407.fa	92.34	15.26	LQ
MG240416	run_20260601_144953	FLYE-MetaBAT2Refined-group-group_240416.408_sub.fa	81.85	20.83	LQ
MG240416	run_20260601_144953	FLYE-MetaBAT2Refined-group-group_240416.419.fa	92.97	0.48	HQ_candidate
MG240416	run_20260601_144953	FLYE-MetaBAT2Refined-group-group_240416.420.fa	68.9	3.11	MQ
MG240416	run_20260601_144953	FLYE-MetaBAT2Refined-group-group_240416.427.fa	69.62	17.94	LQ
MG240416	run_20260601_144953	FLYE-MetaBAT2Refined-group-group_240416.432.fa	54.34	6.4	MQ
MG240416	run_20260601_144953	FLYE-MetaBAT2Refined-group-group_240416.434.fa	22.3	0.58	LQ
MG240416	run_20260601_144953	FLYE-MetaBAT2Refined-group-group_240416.446.fa	79.86	6.45	MQ
MG240416	run_20260601_144953	FLYE-MetaBAT2Refined-group-group_240416.454.fa	38.58	4.76	LQ
MG240416	run_20260601_144953	FLYE-MetaBAT2Refined-group-group_240416.457_sub.fa	27.61	8.33	LQ
MG240416	run_20260601_144953	FLYE-MetaBAT2Refined-group-group_240416.459_sub.fa	87.43	21.49	LQ
MG240416	run_20260601_144953	FLYE-MetaBAT2Refined-group-group_240416.465.fa	73.69	0.61	MQ
MG240416	run_20260601_144953	FLYE-MetaBAT2Refined-group-group_240416.469_sub.fa	60.18	2.2	MQ
MG240416	run_20260601_144953	FLYE-MetaBAT2Refined-group-group_240416.483.fa	75.3	3.21	MQ
MG240416	run_20260601_144953	FLYE-MetaBAT2Refined-group-group_240416.493.fa	83.3	28.5	LQ
MG240416	run_20260601_144953	FLYE-MetaBAT2Refined-group-group_240416.50.fa	83.9	12.04	LQ
MG240416	run_20260601_144953	FLYE-MetaBAT2Refined-group-group_240416.517.fa	54.78	3.48	MQ
MG240416	run_20260601_144953	FLYE-MetaBAT2Refined-group-group_240416.524.fa	57.22	8.07	MQ
MG240416	run_20260601_144953	FLYE-MetaBAT2Refined-group-group_240416.53.fa	97.22	8.48	MQ
MG240416	run_20260601_144953	FLYE-MetaBAT2Refined-group-group_240416.530.fa	57.75	5.49	MQ
MG240416	run_20260601_144953	FLYE-MetaBAT2Refined-group-group_240416.54_sub.fa	52.02	4.18	MQ
MG240416	run_20260601_144953	FLYE-MetaBAT2Refined-group-group_240416.554.fa	30.31	1.36	LQ
MG240416	run_20260601_144953	FLYE-MetaBAT2Refined-group-group_240416.572.fa	84.81	3.53	MQ
MG240416	run_20260601_144953	FLYE-MetaBAT2Refined-group-group_240416.577.fa	81.53	1.83	MQ
MG240416	run_20260601_144953	FLYE-MetaBAT2Refined-group-group_240416.579.fa	99.59	1.49	HQ_candidate
MG240416	run_20260601_144953	FLYE-MetaBAT2Refined-group-group_240416.583.fa	74.41	8.51	MQ
MG240416	run_20260601_144953	FLYE-MetaBAT2Refined-group-group_240416.586.fa	77.22	5.2	MQ
MG240416	run_20260601_144953	FLYE-MetaBAT2Refined-group-group_240416.589_sub.fa	69.5	13.85	LQ
MG240416	run_20260601_144953	FLYE-MetaBAT2Refined-group-group_240416.595.fa	55.02	2.23	MQ
MG240416	run_20260601_144953	FLYE-MetaBAT2Refined-group-group_240416.61.fa	71.53	5.94	MQ
MG240416	run_20260601_144953	FLYE-MetaBAT2Refined-group-group_240416.616.fa	55.79	7.17	MQ
MG240416	run_20260601_144953	FLYE-MetaBAT2Refined-group-group_240416.623.fa	79.81	12.61	LQ
MG240416	run_20260601_144953	FLYE-MetaBAT2Refined-group-group_240416.624.fa	69.56	5.0	MQ
MG240416	run_20260601_144953	FLYE-MetaBAT2Refined-group-group_240416.681.fa	92.65	5.28	MQ
MG240416	run_20260601_144953	FLYE-MetaBAT2Refined-group-group_240416.71.fa	95.62	1.96	HQ_candidate
MG240416	run_20260601_144953	FLYE-MetaBAT2Refined-group-group_240416.722.fa	98.48	0.59	HQ_candidate
MG240416	run_20260601_144953	FLYE-MetaBAT2Refined-group-group_240416.745_sub.fa	62.88	19.1	LQ
MG240416	run_20260601_144953	FLYE-MetaBAT2Refined-group-group_240416.768.fa	62.27	3.85	MQ
MG240416	run_20260601_144953	FLYE-MetaBAT2Refined-group-group_240416.775.fa	83.96	4.49	MQ
MG240416	run_20260601_144953	FLYE-MetaBAT2Refined-group-group_240416.776.fa	75.49	3.65	MQ
MG240416	run_20260601_144953	FLYE-MetaBAT2Refined-group-group_240416.778_sub.fa	80.12	26.6	LQ
MG240416	run_20260601_144953	FLYE-MetaBAT2Refined-group-group_240416.785_sub.fa	81.65	43.43	LQ
MG240416	run_20260601_144953	FLYE-MetaBAT2Refined-group-group_240416.789.fa	55.77	5.81	MQ
MG240416	run_20260601_144953	FLYE-MetaBAT2Refined-group-group_240416.8.fa	72.64	2.54	MQ
MG240416	run_20260601_144953	FLYE-MetaBAT2Refined-group-group_240416.819.fa	72.97	7.77	MQ
MG240416	run_20260601_144953	FLYE-MetaBAT2Refined-group-group_240416.82.fa	94.95	0.75	HQ_candidate
MG240416	run_20260601_144953	FLYE-MetaBAT2Refined-group-group_240416.820.fa	97.17	2.76	HQ_candidate
MG240416	run_20260601_144953	FLYE-MetaBAT2Refined-group-group_240416.823_sub.fa	53.83	2.76	MQ
MG240416	run_20260601_144953	FLYE-MetaBAT2Refined-group-group_240416.828_sub.fa	82.6	36.68	LQ
MG240416	run_20260601_144953	FLYE-MetaBAT2Refined-group-group_240416.833.fa	93.25	3.85	HQ_candidate
MG240416	run_20260601_144953	FLYE-MetaBAT2Refined-group-group_240416.88.fa	80.68	9.74	MQ
MG240416	run_20260601_144953	FLYE-MetaBAT2Refined-group-group_240416.90.fa	84.81	5.76	MQ
MG240416	run_20260601_144953	FLYE-MetaBAT2Refined-group-group_240416.92.fa	35.84	1.12	LQ
MG240416	run_20260601_144953	FLYE-MetaBinnerRefined-group-group_240416.1.fa	98.26	5.79	MQ
MG240416	run_20260601_144953	FLYE-MetaBinnerRefined-group-group_240416.10.fa	73.19	6.54	MQ
MG240416	run_20260601_144953	FLYE-MetaBinnerRefined-group-group_240416.104.fa	55.09	6.48	MQ
MG240416	run_20260601_144953	FLYE-MetaBinnerRefined-group-group_240416.108.fa	65.37	7.62	MQ
MG240416	run_20260601_144953	FLYE-MetaBinnerRefined-group-group_240416.11.fa	74.98	2.84	MQ
MG240416	run_20260601_144953	FLYE-MetaBinnerRefined-group-group_240416.111.fa	62.21	13.71	LQ
MG240416	run_20260601_144953	FLYE-MetaBinnerRefined-group-group_240416.113_sub.fa	34.07	4.52	LQ
MG240416	run_20260601_144953	FLYE-MetaBinnerRefined-group-group_240416.119.fa	51.96	7.18	MQ
MG240416	run_20260601_144953	FLYE-MetaBinnerRefined-group-group_240416.12.fa	85.01	6.48	MQ
MG240416	run_20260601_144953	FLYE-MetaBinnerRefined-group-group_240416.122_sub.fa	37.86	4.12	LQ
MG240416	run_20260601_144953	FLYE-MetaBinnerRefined-group-group_240416.126_sub.fa	69.73	18.36	LQ
MG240416	run_20260601_144953	FLYE-MetaBinnerRefined-group-group_240416.128_sub.fa	44.89	5.92	LQ
MG240416	run_20260601_144953	FLYE-MetaBinnerRefined-group-group_240416.129_sub.fa	48.31	8.02	LQ
MG240416	run_20260601_144953	FLYE-MetaBinnerRefined-group-group_240416.134.fa	47.5	6.37	LQ
MG240416	run_20260601_144953	FLYE-MetaBinnerRefined-group-group_240416.137_sub.fa	59.42	11.84	LQ
MG240416	run_20260601_144953	FLYE-MetaBinnerRefined-group-group_240416.138_sub.fa	67.31	16.7	LQ
MG240416	run_20260601_144953	FLYE-MetaBinnerRefined-group-group_240416.147.fa	35.02	3.82	LQ
MG240416	run_20260601_144953	FLYE-MetaBinnerRefined-group-group_240416.148.fa	55.29	10.01	LQ
MG240416	run_20260601_144953	FLYE-MetaBinnerRefined-group-group_240416.152.fa	51.5	9.2	MQ
MG240416	run_20260601_144953	FLYE-MetaBinnerRefined-group-group_240416.154_sub.fa	48.02	11.25	LQ
MG240416	run_20260601_144953	FLYE-MetaBinnerRefined-group-group_240416.159.fa	54.28	6.02	MQ
MG240416	run_20260601_144953	FLYE-MetaBinnerRefined-group-group_240416.16.fa	58.5	2.44	MQ
MG240416	run_20260601_144953	FLYE-MetaBinnerRefined-group-group_240416.163_sub.fa	49.23	6.31	LQ
MG240416	run_20260601_144953	FLYE-MetaBinnerRefined-group-group_240416.179_sub.fa	32.63	3.31	LQ
MG240416	run_20260601_144953	FLYE-MetaBinnerRefined-group-group_240416.184.fa	65.02	6.01	MQ
MG240416	run_20260601_144953	FLYE-MetaBinnerRefined-group-group_240416.19.fa	81.67	3.29	MQ
MG240416	run_20260601_144953	FLYE-MetaBinnerRefined-group-group_240416.192_sub.fa	47.05	5.34	LQ
MG240416	run_20260601_144953	FLYE-MetaBinnerRefined-group-group_240416.195.fa	48.2	5.55	LQ
MG240416	run_20260601_144953	FLYE-MetaBinnerRefined-group-group_240416.20.fa	72.9	3.72	MQ
MG240416	run_20260601_144953	FLYE-MetaBinnerRefined-group-group_240416.213_sub.fa	35.44	3.7	LQ
MG240416	run_20260601_144953	FLYE-MetaBinnerRefined-group-group_240416.234_sub.fa	36.72	4.61	LQ
MG240416	run_20260601_144953	FLYE-MetaBinnerRefined-group-group_240416.237_sub.fa	57.48	10.75	LQ
MG240416	run_20260601_144953	FLYE-MetaBinnerRefined-group-group_240416.245.fa	58.63	13.41	LQ
MG240416	run_20260601_144953	FLYE-MetaBinnerRefined-group-group_240416.252_sub.fa	42.02	5.27	LQ
MG240416	run_20260601_144953	FLYE-MetaBinnerRefined-group-group_240416.26.fa	69.81	5.41	MQ
MG240416	run_20260601_144953	FLYE-MetaBinnerRefined-group-group_240416.28.fa	70.41	7.53	MQ
MG240416	run_20260601_144953	FLYE-MetaBinnerRefined-group-group_240416.30.fa	57.94	4.86	MQ
MG240416	run_20260601_144953	FLYE-MetaBinnerRefined-group-group_240416.40.fa	46.78	3.69	LQ
MG240416	run_20260601_144953	FLYE-MetaBinnerRefined-group-group_240416.46.fa	70.59	8.85	MQ
MG240416	run_20260601_144953	FLYE-MetaBinnerRefined-group-group_240416.49_sub.fa	70.05	3.83	MQ
MG240416	run_20260601_144953	FLYE-MetaBinnerRefined-group-group_240416.5.fa	83.85	2.9	MQ
MG240416	run_20260601_144953	FLYE-MetaBinnerRefined-group-group_240416.50.fa	51.19	5.03	MQ
MG240416	run_20260601_144953	FLYE-MetaBinnerRefined-group-group_240416.51.fa	43.97	5.45	LQ
MG240416	run_20260601_144953	FLYE-MetaBinnerRefined-group-group_240416.57_sub.fa	57.56	7.15	MQ
MG240416	run_20260601_144953	FLYE-MetaBinnerRefined-group-group_240416.59_sub.fa	15.5	0.29	LQ
MG240416	run_20260601_144953	FLYE-MetaBinnerRefined-group-group_240416.62.fa	45.96	2.95	LQ
MG240416	run_20260601_144953	FLYE-MetaBinnerRefined-group-group_240416.66.fa	51.05	6.14	MQ
MG240416	run_20260601_144953	FLYE-MetaBinnerRefined-group-group_240416.69_sub.fa	23.57	0.76	LQ
MG240416	run_20260601_144953	FLYE-MetaBinnerRefined-group-group_240416.71.fa	51.43	2.99	MQ
MG240416	run_20260601_144953	FLYE-MetaBinnerRefined-group-group_240416.76.fa	53.57	9.12	MQ
MG240416	run_20260601_144953	FLYE-MetaBinnerRefined-group-group_240416.77.fa	65.48	11.14	LQ
MG240416	run_20260601_144953	FLYE-MetaBinnerRefined-group-group_240416.79.fa	38.26	4.02	LQ
MG240416	run_20260601_144953	FLYE-MetaBinnerRefined-group-group_240416.8.fa	66.14	0.76	MQ
MG240416	run_20260601_144953	FLYE-MetaBinnerRefined-group-group_240416.88_sub.fa	41.94	2.81	LQ
MG240416	run_20260601_144953	FLYE-MetaBinnerRefined-group-group_240416.94.fa	80.4	10.86	LQ
MG240416	run_20260601_144953	FLYE-MetaBinnerRefined-group-group_240416.96.fa	54.07	3.38	MQ
MG240416	run_20260601_144953	FLYE-MetaBinnerRefined-group-group_240416.97.fa	85.27	15.46	LQ
MG240416	run_20260601_144953	METAMDBG-CONCOCTRefined-group-group_240416.113.fa	91.31	4.85	HQ_candidate
MG240416	run_20260601_144953	METAMDBG-CONCOCTRefined-group-group_240416.12_sub.fa	94.56	13.7	LQ
MG240416	run_20260601_144953	METAMDBG-CONCOCTRefined-group-group_240416.137.fa	88.54	7.58	MQ
MG240416	run_20260601_144953	METAMDBG-CONCOCTRefined-group-group_240416.142.fa	95.14	8.79	MQ
MG240416	run_20260601_144953	METAMDBG-CONCOCTRefined-group-group_240416.151_sub.fa	82.24	6.65	MQ
MG240416	run_20260601_144953	METAMDBG-CONCOCTRefined-group-group_240416.153_sub.fa	89.52	34.43	LQ
MG240416	run_20260601_144953	METAMDBG-CONCOCTRefined-group-group_240416.16_sub.fa	72.99	24.24	LQ
MG240416	run_20260601_144953	METAMDBG-CONCOCTRefined-group-group_240416.184_sub.fa	71.91	10.87	LQ
MG240416	run_20260601_144953	METAMDBG-CONCOCTRefined-group-group_240416.186_sub.fa	89.95	21.04	LQ
MG240416	run_20260601_144953	METAMDBG-CONCOCTRefined-group-group_240416.187_sub.fa	56.11	15.82	LQ
MG240416	run_20260601_144953	METAMDBG-CONCOCTRefined-group-group_240416.18_sub.fa	45.41	7.79	LQ
MG240416	run_20260601_144953	METAMDBG-CONCOCTRefined-group-group_240416.206_sub.fa	79.64	18.54	LQ
MG240416	run_20260601_144953	METAMDBG-CONCOCTRefined-group-group_240416.212_sub.fa	85.55	6.7	MQ
MG240416	run_20260601_144953	METAMDBG-CONCOCTRefined-group-group_240416.255_sub.fa	61.33	9.19	MQ
MG240416	run_20260601_144953	METAMDBG-CONCOCTRefined-group-group_240416.266_sub.fa	25.4	0.19	LQ
MG240416	run_20260601_144953	METAMDBG-CONCOCTRefined-group-group_240416.30.fa	81.98	15.09	LQ
MG240416	run_20260601_144953	METAMDBG-CONCOCTRefined-group-group_240416.313.fa	82.91	11.42	LQ
MG240416	run_20260601_144953	METAMDBG-CONCOCTRefined-group-group_240416.52_sub.fa	78.07	21.15	LQ
MG240416	run_20260601_144953	METAMDBG-CONCOCTRefined-group-group_240416.76_sub.fa	61.01	11.57	LQ
MG240416	run_20260601_144953	METAMDBG-CONCOCTRefined-group-group_240416.78_sub.fa	83.15	19.68	LQ
MG240416	run_20260601_144953	METAMDBG-CONCOCTRefined-group-group_240416.94.fa	80.48	18.9	LQ
MG240416	run_20260601_144953	METAMDBG-CONCOCTRefined-group-group_240416.97.fa	96.55	3.21	HQ_candidate
MG240416	run_20260601_144953	METAMDBG-CONCOCTRefined-group-group_240416.99_sub.fa	33.93	3.54	LQ
MG240416	run_20260601_144953	METAMDBG-MaxBin2Refined-group-group_240416.001.fa	94.01	0.05	HQ_candidate
MG240416	run_20260601_144953	METAMDBG-MaxBin2Refined-group-group_240416.002.fa	97.79	1.39	HQ_candidate
MG240416	run_20260601_144953	METAMDBG-MaxBin2Refined-group-group_240416.006.fa	99.55	0.28	HQ_candidate
MG240416	run_20260601_144953	METAMDBG-MaxBin2Refined-group-group_240416.013.fa	88.59	1.72	MQ
MG240416	run_20260601_144953	METAMDBG-MaxBin2Refined-group-group_240416.014.fa	95.57	0.83	HQ_candidate
MG240416	run_20260601_144953	METAMDBG-MaxBin2Refined-group-group_240416.016_sub.fa	93.95	7.77	MQ
MG240416	run_20260601_144953	METAMDBG-MaxBin2Refined-group-group_240416.020.fa	94.02	17.5	LQ
MG240416	run_20260601_144953	METAMDBG-MaxBin2Refined-group-group_240416.021.fa	99.35	10.11	LQ
MG240416	run_20260601_144953	METAMDBG-MaxBin2Refined-group-group_240416.022.fa	95.37	0.25	HQ_candidate
MG240416	run_20260601_144953	METAMDBG-MaxBin2Refined-group-group_240416.030.fa	91.06	1.3	HQ_candidate
MG240416	run_20260601_144953	METAMDBG-MaxBin2Refined-group-group_240416.031_sub.fa	48.43	0.28	LQ
MG240416	run_20260601_144953	METAMDBG-MaxBin2Refined-group-group_240416.032_sub.fa	96.17	24.55	LQ
MG240416	run_20260601_144953	METAMDBG-MaxBin2Refined-group-group_240416.037.fa	91.15	9.36	MQ
MG240416	run_20260601_144953	METAMDBG-MaxBin2Refined-group-group_240416.042_sub.fa	89.3	16.83	LQ
MG240416	run_20260601_144953	METAMDBG-MaxBin2Refined-group-group_240416.043.fa	87.61	2.37	MQ
MG240416	run_20260601_144953	METAMDBG-MaxBin2Refined-group-group_240416.048.fa	75.87	4.46	MQ
MG240416	run_20260601_144953	METAMDBG-MaxBin2Refined-group-group_240416.053_sub.fa	22.29	2.33	LQ
MG240416	run_20260601_144953	METAMDBG-MaxBin2Refined-group-group_240416.063_sub.fa	53.09	13.24	LQ
MG240416	run_20260601_144953	METAMDBG-MaxBin2Refined-group-group_240416.068.fa	85.0	14.73	LQ
MG240416	run_20260601_144953	METAMDBG-MaxBin2Refined-group-group_240416.071_sub.fa	47.91	7.62	LQ
MG240416	run_20260601_144953	METAMDBG-MaxBin2Refined-group-group_240416.076_sub.fa	69.07	12.26	LQ
MG240416	run_20260601_144953	METAMDBG-MaxBin2Refined-group-group_240416.122_sub.fa	57.07	7.33	MQ
MG240416	run_20260601_144953	METAMDBG-MaxBin2Refined-group-group_240416.166_sub.fa	51.73	7.57	MQ
MG240416	run_20260601_144953	METAMDBG-MaxBin2Refined-group-group_240416.168_sub.fa	85.07	41.25	LQ
MG240416	run_20260601_144953	METAMDBG-MaxBin2Refined-group-group_240416.171_sub.fa	64.28	14.58	LQ
MG240416	run_20260601_144953	METAMDBG-MaxBin2Refined-group-group_240416.250_sub.fa	37.02	5.98	LQ
MG240416	run_20260601_144953	METAMDBG-MaxBin2Refined-group-group_240416.267_sub.fa	82.32	12.93	LQ
MG240416	run_20260601_144953	METAMDBG-MetaBAT2Refined-group-group_240416.1037.fa	93.29	5.37	MQ
MG240416	run_20260601_144953	METAMDBG-MetaBAT2Refined-group-group_240416.1042_sub.fa	32.58	2.25	LQ
MG240416	run_20260601_144953	METAMDBG-MetaBAT2Refined-group-group_240416.1043.fa	59.05	1.3	MQ
MG240416	run_20260601_144953	METAMDBG-MetaBAT2Refined-group-group_240416.1044.fa	67.18	14.87	LQ
MG240416	run_20260601_144953	METAMDBG-MetaBAT2Refined-group-group_240416.1048.fa	7.98	0.0	LQ
MG240416	run_20260601_144953	METAMDBG-MetaBAT2Refined-group-group_240416.1064.fa	80.04	1.01	MQ
MG240416	run_20260601_144953	METAMDBG-MetaBAT2Refined-group-group_240416.1080_sub.fa	79.26	8.74	MQ
MG240416	run_20260601_144953	METAMDBG-MetaBAT2Refined-group-group_240416.1095_sub.fa	81.09	1.34	MQ
MG240416	run_20260601_144953	METAMDBG-MetaBAT2Refined-group-group_240416.109_sub.fa	29.8	2.84	LQ
MG240416	run_20260601_144953	METAMDBG-MetaBAT2Refined-group-group_240416.1105.fa	72.46	4.73	MQ
MG240416	run_20260601_144953	METAMDBG-MetaBAT2Refined-group-group_240416.112.fa	93.9	4.84	HQ_candidate
MG240416	run_20260601_144953	METAMDBG-MetaBAT2Refined-group-group_240416.1129_sub.fa	43.89	8.86	LQ
MG240416	run_20260601_144953	METAMDBG-MetaBAT2Refined-group-group_240416.1135.fa	42.66	0.04	LQ
MG240416	run_20260601_144953	METAMDBG-MetaBAT2Refined-group-group_240416.1169.fa	99.97	0.88	HQ_candidate
MG240416	run_20260601_144953	METAMDBG-MetaBAT2Refined-group-group_240416.1176_sub.fa	49.13	2.43	LQ
MG240416	run_20260601_144953	METAMDBG-MetaBAT2Refined-group-group_240416.1184.fa	74.03	11.89	LQ
MG240416	run_20260601_144953	METAMDBG-MetaBAT2Refined-group-group_240416.1192.fa	91.79	6.41	MQ
MG240416	run_20260601_144953	METAMDBG-MetaBAT2Refined-group-group_240416.1194_sub.fa	84.0	5.33	MQ
MG240416	run_20260601_144953	METAMDBG-MetaBAT2Refined-group-group_240416.122.fa	83.19	7.92	MQ
MG240416	run_20260601_144953	METAMDBG-MetaBAT2Refined-group-group_240416.1220_sub.fa	74.88	24.71	LQ
MG240416	run_20260601_144953	METAMDBG-MetaBAT2Refined-group-group_240416.1221_sub.fa	66.31	12.54	LQ
MG240416	run_20260601_144953	METAMDBG-MetaBAT2Refined-group-group_240416.126.fa	66.79	5.59	MQ
MG240416	run_20260601_144953	METAMDBG-MetaBAT2Refined-group-group_240416.127.fa	95.44	12.55	LQ
MG240416	run_20260601_144953	METAMDBG-MetaBAT2Refined-group-group_240416.13_sub.fa	53.39	2.39	MQ
MG240416	run_20260601_144953	METAMDBG-MetaBAT2Refined-group-group_240416.14_sub.fa	79.41	10.87	LQ
MG240416	run_20260601_144953	METAMDBG-MetaBAT2Refined-group-group_240416.162.fa	93.05	0.74	HQ_candidate
MG240416	run_20260601_144953	METAMDBG-MetaBAT2Refined-group-group_240416.187_sub.fa	47.08	2.44	LQ
MG240416	run_20260601_144953	METAMDBG-MetaBAT2Refined-group-group_240416.197.fa	96.34	1.83	HQ_candidate
MG240416	run_20260601_144953	METAMDBG-MetaBAT2Refined-group-group_240416.202.fa	74.17	7.64	MQ
MG240416	run_20260601_144953	METAMDBG-MetaBAT2Refined-group-group_240416.206.fa	34.29	0.23	LQ
MG240416	run_20260601_144953	METAMDBG-MetaBAT2Refined-group-group_240416.209_sub.fa	34.56	1.75	LQ
MG240416	run_20260601_144953	METAMDBG-MetaBAT2Refined-group-group_240416.215.fa	78.91	10.08	LQ
MG240416	run_20260601_144953	METAMDBG-MetaBAT2Refined-group-group_240416.233.fa	85.26	0.84	MQ
MG240416	run_20260601_144953	METAMDBG-MetaBAT2Refined-group-group_240416.242.fa	83.86	3.46	MQ
MG240416	run_20260601_144953	METAMDBG-MetaBAT2Refined-group-group_240416.251_sub.fa	53.99	14.18	LQ
MG240416	run_20260601_144953	METAMDBG-MetaBAT2Refined-group-group_240416.252.fa	86.09	5.5	MQ
MG240416	run_20260601_144953	METAMDBG-MetaBAT2Refined-group-group_240416.257.fa	100.0	0.1	HQ_candidate
MG240416	run_20260601_144953	METAMDBG-MetaBAT2Refined-group-group_240416.258_sub.fa	65.09	3.31	MQ
MG240416	run_20260601_144953	METAMDBG-MetaBAT2Refined-group-group_240416.264.fa	85.92	3.66	MQ
MG240416	run_20260601_144953	METAMDBG-MetaBAT2Refined-group-group_240416.268_sub.fa	82.66	4.13	MQ
MG240416	run_20260601_144953	METAMDBG-MetaBAT2Refined-group-group_240416.269.fa	68.81	6.4	MQ
MG240416	run_20260601_144953	METAMDBG-MetaBAT2Refined-group-group_240416.277_sub.fa	70.51	11.3	LQ
MG240416	run_20260601_144953	METAMDBG-MetaBAT2Refined-group-group_240416.281_sub.fa	63.96	5.11	MQ
MG240416	run_20260601_144953	METAMDBG-MetaBAT2Refined-group-group_240416.291.fa	95.11	1.05	HQ_candidate
MG240416	run_20260601_144953	METAMDBG-MetaBAT2Refined-group-group_240416.299.fa	64.77	0.84	MQ
MG240416	run_20260601_144953	METAMDBG-MetaBAT2Refined-group-group_240416.313.fa	100.0	0.01	HQ_candidate
MG240416	run_20260601_144953	METAMDBG-MetaBAT2Refined-group-group_240416.328.fa	83.31	1.62	MQ
MG240416	run_20260601_144953	METAMDBG-MetaBAT2Refined-group-group_240416.33.fa	91.03	3.94	HQ_candidate
MG240416	run_20260601_144953	METAMDBG-MetaBAT2Refined-group-group_240416.334.fa	25.93	0.56	LQ
MG240416	run_20260601_144953	METAMDBG-MetaBAT2Refined-group-group_240416.34.fa	71.87	9.69	MQ
MG240416	run_20260601_144953	METAMDBG-MetaBAT2Refined-group-group_240416.343.fa	21.95	0.12	LQ
MG240416	run_20260601_144953	METAMDBG-MetaBAT2Refined-group-group_240416.373.fa	93.57	6.19	MQ
MG240416	run_20260601_144953	METAMDBG-MetaBAT2Refined-group-group_240416.374.fa	52.67	0.83	MQ
MG240416	run_20260601_144953	METAMDBG-MetaBAT2Refined-group-group_240416.389_sub.fa	54.08	7.36	MQ
MG240416	run_20260601_144953	METAMDBG-MetaBAT2Refined-group-group_240416.394_sub.fa	44.56	0.09	LQ
MG240416	run_20260601_144953	METAMDBG-MetaBAT2Refined-group-group_240416.402.fa	65.85	2.37	MQ
MG240416	run_20260601_144953	METAMDBG-MetaBAT2Refined-group-group_240416.410_sub.fa	71.74	16.36	LQ
MG240416	run_20260601_144953	METAMDBG-MetaBAT2Refined-group-group_240416.413_sub.fa	98.11	24.09	LQ
MG240416	run_20260601_144953	METAMDBG-MetaBAT2Refined-group-group_240416.416_sub.fa	67.92	0.82	MQ
MG240416	run_20260601_144953	METAMDBG-MetaBAT2Refined-group-group_240416.417.fa	74.14	1.5	MQ
MG240416	run_20260601_144953	METAMDBG-MetaBAT2Refined-group-group_240416.418.fa	80.34	5.03	MQ
MG240416	run_20260601_144953	METAMDBG-MetaBAT2Refined-group-group_240416.420.fa	80.53	9.18	MQ
MG240416	run_20260601_144953	METAMDBG-MetaBAT2Refined-group-group_240416.431.fa	89.86	2.23	MQ
MG240416	run_20260601_144953	METAMDBG-MetaBAT2Refined-group-group_240416.435_sub.fa	44.24	0.95	LQ
MG240416	run_20260601_144953	METAMDBG-MetaBAT2Refined-group-group_240416.439.fa	67.68	3.29	MQ
MG240416	run_20260601_144953	METAMDBG-MetaBAT2Refined-group-group_240416.450_sub.fa	38.03	0.66	LQ
MG240416	run_20260601_144953	METAMDBG-MetaBAT2Refined-group-group_240416.458_sub.fa	28.6	0.56	LQ
MG240416	run_20260601_144953	METAMDBG-MetaBAT2Refined-group-group_240416.483.fa	72.42	4.14	MQ
MG240416	run_20260601_144953	METAMDBG-MetaBAT2Refined-group-group_240416.484_sub.fa	94.96	39.06	LQ
MG240416	run_20260601_144953	METAMDBG-MetaBAT2Refined-group-group_240416.486.fa	97.25	3.59	HQ_candidate
MG240416	run_20260601_144953	METAMDBG-MetaBAT2Refined-group-group_240416.496.fa	63.19	0.87	MQ
MG240416	run_20260601_144953	METAMDBG-MetaBAT2Refined-group-group_240416.508_sub.fa	51.49	3.13	MQ
MG240416	run_20260601_144953	METAMDBG-MetaBAT2Refined-group-group_240416.517_sub.fa	55.75	2.91	MQ
MG240416	run_20260601_144953	METAMDBG-MetaBAT2Refined-group-group_240416.519.fa	81.03	1.31	MQ
MG240416	run_20260601_144953	METAMDBG-MetaBAT2Refined-group-group_240416.523_sub.fa	57.14	10.28	LQ
MG240416	run_20260601_144953	METAMDBG-MetaBAT2Refined-group-group_240416.532_sub.fa	78.39	9.36	MQ
MG240416	run_20260601_144953	METAMDBG-MetaBAT2Refined-group-group_240416.54.fa	79.39	0.08	MQ
MG240416	run_20260601_144953	METAMDBG-MetaBAT2Refined-group-group_240416.543_sub.fa	87.22	41.39	LQ
MG240416	run_20260601_144953	METAMDBG-MetaBAT2Refined-group-group_240416.553_sub.fa	89.18	22.03	LQ
MG240416	run_20260601_144953	METAMDBG-MetaBAT2Refined-group-group_240416.559_sub.fa	51.49	8.77	MQ
MG240416	run_20260601_144953	METAMDBG-MetaBAT2Refined-group-group_240416.565_sub.fa	14.49	0.6	LQ
MG240416	run_20260601_144953	METAMDBG-MetaBAT2Refined-group-group_240416.584.fa	55.33	0.0	MQ
MG240416	run_20260601_144953	METAMDBG-MetaBAT2Refined-group-group_240416.585.fa	77.68	0.78	MQ
MG240416	run_20260601_144953	METAMDBG-MetaBAT2Refined-group-group_240416.591.fa	85.93	2.84	MQ
MG240416	run_20260601_144953	METAMDBG-MetaBAT2Refined-group-group_240416.602.fa	64.56	2.5	MQ
MG240416	run_20260601_144953	METAMDBG-MetaBAT2Refined-group-group_240416.607.fa	74.71	1.11	MQ
MG240416	run_20260601_144953	METAMDBG-MetaBAT2Refined-group-group_240416.615.fa	53.38	1.21	MQ
MG240416	run_20260601_144953	METAMDBG-MetaBAT2Refined-group-group_240416.625.fa	75.84	9.98	MQ
MG240416	run_20260601_144953	METAMDBG-MetaBAT2Refined-group-group_240416.628.fa	80.26	1.77	MQ
MG240416	run_20260601_144953	METAMDBG-MetaBAT2Refined-group-group_240416.635_sub.fa	73.35	2.87	MQ
MG240416	run_20260601_144953	METAMDBG-MetaBAT2Refined-group-group_240416.65.fa	4.64	0.05	LQ
MG240416	run_20260601_144953	METAMDBG-MetaBAT2Refined-group-group_240416.652_sub.fa	86.3	49.93	LQ
MG240416	run_20260601_144953	METAMDBG-MetaBAT2Refined-group-group_240416.667.fa	70.35	1.4	MQ
MG240416	run_20260601_144953	METAMDBG-MetaBAT2Refined-group-group_240416.674.fa	90.43	1.33	HQ_candidate
MG240416	run_20260601_144953	METAMDBG-MetaBAT2Refined-group-group_240416.694_sub.fa	92.33	42.1	LQ
MG240416	run_20260601_144953	METAMDBG-MetaBAT2Refined-group-group_240416.69_sub.fa	56.92	4.3	MQ
MG240416	run_20260601_144953	METAMDBG-MetaBAT2Refined-group-group_240416.708_sub.fa	93.19	3.69	HQ_candidate
MG240416	run_20260601_144953	METAMDBG-MetaBAT2Refined-group-group_240416.715_sub.fa	68.84	4.45	MQ
MG240416	run_20260601_144953	METAMDBG-MetaBAT2Refined-group-group_240416.726_sub.fa	24.64	2.5	LQ
MG240416	run_20260601_144953	METAMDBG-MetaBAT2Refined-group-group_240416.728_sub.fa	87.17	51.81	LQ
MG240416	run_20260601_144953	METAMDBG-MetaBAT2Refined-group-group_240416.732.fa	67.95	8.99	MQ
MG240416	run_20260601_144953	METAMDBG-MetaBAT2Refined-group-group_240416.735.fa	61.06	0.37	MQ
MG240416	run_20260601_144953	METAMDBG-MetaBAT2Refined-group-group_240416.742_sub.fa	42.68	1.83	LQ
MG240416	run_20260601_144953	METAMDBG-MetaBAT2Refined-group-group_240416.766.fa	17.28	0.64	LQ
MG240416	run_20260601_144953	METAMDBG-MetaBAT2Refined-group-group_240416.769_sub.fa	63.44	2.61	MQ
MG240416	run_20260601_144953	METAMDBG-MetaBAT2Refined-group-group_240416.77.fa	90.09	35.53	LQ
MG240416	run_20260601_144953	METAMDBG-MetaBAT2Refined-group-group_240416.774.fa	74.11	9.44	MQ
MG240416	run_20260601_144953	METAMDBG-MetaBAT2Refined-group-group_240416.795.fa	98.25	0.11	HQ_candidate
MG240416	run_20260601_144953	METAMDBG-MetaBAT2Refined-group-group_240416.797.fa	74.14	10.09	LQ
MG240416	run_20260601_144953	METAMDBG-MetaBAT2Refined-group-group_240416.824.fa	77.18	0.53	MQ
MG240416	run_20260601_144953	METAMDBG-MetaBAT2Refined-group-group_240416.829.fa	72.61	1.05	MQ
MG240416	run_20260601_144953	METAMDBG-MetaBAT2Refined-group-group_240416.83.fa	78.81	2.9	MQ
MG240416	run_20260601_144953	METAMDBG-MetaBAT2Refined-group-group_240416.835_sub.fa	99.86	66.22	LQ
MG240416	run_20260601_144953	METAMDBG-MetaBAT2Refined-group-group_240416.848.fa	94.07	6.79	MQ
MG240416	run_20260601_144953	METAMDBG-MetaBAT2Refined-group-group_240416.852.fa	83.18	5.42	MQ
MG240416	run_20260601_144953	METAMDBG-MetaBAT2Refined-group-group_240416.855_sub.fa	32.42	2.64	LQ
MG240416	run_20260601_144953	METAMDBG-MetaBAT2Refined-group-group_240416.864_sub.fa	100.0	40.36	LQ
MG240416	run_20260601_144953	METAMDBG-MetaBAT2Refined-group-group_240416.870_sub.fa	92.95	50.87	LQ
MG240416	run_20260601_144953	METAMDBG-MetaBAT2Refined-group-group_240416.87_sub.fa	87.93	6.92	MQ
MG240416	run_20260601_144953	METAMDBG-MetaBAT2Refined-group-group_240416.880.fa	48.89	3.63	LQ
MG240416	run_20260601_144953	METAMDBG-MetaBAT2Refined-group-group_240416.882_sub.fa	47.93	1.93	LQ
MG240416	run_20260601_144953	METAMDBG-MetaBAT2Refined-group-group_240416.890.fa	75.51	0.82	MQ
MG240416	run_20260601_144953	METAMDBG-MetaBAT2Refined-group-group_240416.896_sub.fa	90.23	0.21	HQ_candidate
MG240416	run_20260601_144953	METAMDBG-MetaBAT2Refined-group-group_240416.900.fa	96.98	3.52	HQ_candidate
MG240416	run_20260601_144953	METAMDBG-MetaBAT2Refined-group-group_240416.901_sub.fa	73.64	3.55	MQ
MG240416	run_20260601_144953	METAMDBG-MetaBAT2Refined-group-group_240416.915.fa	53.31	2.13	MQ
MG240416	run_20260601_144953	METAMDBG-MetaBAT2Refined-group-group_240416.923_sub.fa	29.7	1.88	LQ
MG240416	run_20260601_144953	METAMDBG-MetaBAT2Refined-group-group_240416.93_sub.fa	15.27	0.61	LQ
MG240416	run_20260601_144953	METAMDBG-MetaBAT2Refined-group-group_240416.958.fa	77.92	6.0	MQ
MG240416	run_20260601_144953	METAMDBG-MetaBAT2Refined-group-group_240416.995.fa	5.53	0.0	LQ
MG240416	run_20260601_144953	METAMDBG-MetaBinnerRefined-group-group_240416.1.fa	99.61	1.78	HQ_candidate
MG240416	run_20260601_144953	METAMDBG-MetaBinnerRefined-group-group_240416.100.fa	55.16	3.06	MQ
MG240416	run_20260601_144953	METAMDBG-MetaBinnerRefined-group-group_240416.102.fa	84.23	14.3	LQ
MG240416	run_20260601_144953	METAMDBG-MetaBinnerRefined-group-group_240416.104.fa	47.25	4.01	LQ
MG240416	run_20260601_144953	METAMDBG-MetaBinnerRefined-group-group_240416.107_sub.fa	58.59	6.72	MQ
MG240416	run_20260601_144953	METAMDBG-MetaBinnerRefined-group-group_240416.116.fa	76.91	6.47	MQ
MG240416	run_20260601_144953	METAMDBG-MetaBinnerRefined-group-group_240416.120.fa	49.52	2.21	LQ
MG240416	run_20260601_144953	METAMDBG-MetaBinnerRefined-group-group_240416.121.fa	61.0	25.19	LQ
MG240416	run_20260601_144953	METAMDBG-MetaBinnerRefined-group-group_240416.123_sub.fa	55.92	3.8	MQ
MG240416	run_20260601_144953	METAMDBG-MetaBinnerRefined-group-group_240416.124_sub.fa	63.88	7.63	MQ
MG240416	run_20260601_144953	METAMDBG-MetaBinnerRefined-group-group_240416.135.fa	62.05	7.96	MQ
MG240416	run_20260601_144953	METAMDBG-MetaBinnerRefined-group-group_240416.136_sub.fa	82.94	13.3	LQ
MG240416	run_20260601_144953	METAMDBG-MetaBinnerRefined-group-group_240416.137.fa	53.01	3.67	MQ
MG240416	run_20260601_144953	METAMDBG-MetaBinnerRefined-group-group_240416.142.fa	40.92	3.87	LQ
MG240416	run_20260601_144953	METAMDBG-MetaBinnerRefined-group-group_240416.146.fa	66.63	22.37	LQ
MG240416	run_20260601_144953	METAMDBG-MetaBinnerRefined-group-group_240416.148.fa	58.71	6.74	MQ
MG240416	run_20260601_144953	METAMDBG-MetaBinnerRefined-group-group_240416.149_sub.fa	65.83	5.18	MQ
MG240416	run_20260601_144953	METAMDBG-MetaBinnerRefined-group-group_240416.15.fa	85.89	6.22	MQ
MG240416	run_20260601_144953	METAMDBG-MetaBinnerRefined-group-group_240416.151.fa	54.72	4.44	MQ
MG240416	run_20260601_144953	METAMDBG-MetaBinnerRefined-group-group_240416.152_sub.fa	55.45	8.22	MQ
MG240416	run_20260601_144953	METAMDBG-MetaBinnerRefined-group-group_240416.153_sub.fa	47.26	8.81	LQ
MG240416	run_20260601_144953	METAMDBG-MetaBinnerRefined-group-group_240416.154.fa	44.96	4.68	LQ
MG240416	run_20260601_144953	METAMDBG-MetaBinnerRefined-group-group_240416.158.fa	69.37	11.67	LQ
MG240416	run_20260601_144953	METAMDBG-MetaBinnerRefined-group-group_240416.162_sub.fa	56.21	7.78	MQ
MG240416	run_20260601_144953	METAMDBG-MetaBinnerRefined-group-group_240416.164_sub.fa	34.53	4.67	LQ
MG240416	run_20260601_144953	METAMDBG-MetaBinnerRefined-group-group_240416.167.fa	56.46	12.28	LQ
MG240416	run_20260601_144953	METAMDBG-MetaBinnerRefined-group-group_240416.168_sub.fa	29.68	1.4	LQ
MG240416	run_20260601_144953	METAMDBG-MetaBinnerRefined-group-group_240416.169_sub.fa	39.67	2.27	LQ
MG240416	run_20260601_144953	METAMDBG-MetaBinnerRefined-group-group_240416.16_sub.fa	84.0	3.29	MQ
MG240416	run_20260601_144953	METAMDBG-MetaBinnerRefined-group-group_240416.17.fa	92.56	9.15	MQ
MG240416	run_20260601_144953	METAMDBG-MetaBinnerRefined-group-group_240416.170.fa	55.01	4.73	MQ
MG240416	run_20260601_144953	METAMDBG-MetaBinnerRefined-group-group_240416.171.fa	49.69	3.44	LQ
MG240416	run_20260601_144953	METAMDBG-MetaBinnerRefined-group-group_240416.172.fa	55.53	5.51	MQ
MG240416	run_20260601_144953	METAMDBG-MetaBinnerRefined-group-group_240416.174_sub.fa	51.66	3.52	MQ
MG240416	run_20260601_144953	METAMDBG-MetaBinnerRefined-group-group_240416.175.fa	59.31	6.75	MQ
MG240416	run_20260601_144953	METAMDBG-MetaBinnerRefined-group-group_240416.176_sub.fa	69.02	9.97	MQ
MG240416	run_20260601_144953	METAMDBG-MetaBinnerRefined-group-group_240416.177.fa	64.57	16.2	LQ
MG240416	run_20260601_144953	METAMDBG-MetaBinnerRefined-group-group_240416.180_sub.fa	30.97	2.89	LQ
MG240416	run_20260601_144953	METAMDBG-MetaBinnerRefined-group-group_240416.186_sub.fa	42.23	6.1	LQ
MG240416	run_20260601_144953	METAMDBG-MetaBinnerRefined-group-group_240416.190.fa	58.9	11.18	LQ
MG240416	run_20260601_144953	METAMDBG-MetaBinnerRefined-group-group_240416.191_sub.fa	41.75	3.55	LQ
MG240416	run_20260601_144953	METAMDBG-MetaBinnerRefined-group-group_240416.193_sub.fa	11.23	0.02	LQ
MG240416	run_20260601_144953	METAMDBG-MetaBinnerRefined-group-group_240416.197.fa	75.58	17.91	LQ
MG240416	run_20260601_144953	METAMDBG-MetaBinnerRefined-group-group_240416.2.fa	97.01	2.76	HQ_candidate
MG240416	run_20260601_144953	METAMDBG-MetaBinnerRefined-group-group_240416.200.fa	49.77	4.36	LQ
MG240416	run_20260601_144953	METAMDBG-MetaBinnerRefined-group-group_240416.203_sub.fa	51.59	12.7	LQ
MG240416	run_20260601_144953	METAMDBG-MetaBinnerRefined-group-group_240416.205_sub.fa	48.62	12.67	LQ
MG240416	run_20260601_144953	METAMDBG-MetaBinnerRefined-group-group_240416.206_sub.fa	56.24	13.21	LQ
MG240416	run_20260601_144953	METAMDBG-MetaBinnerRefined-group-group_240416.208_sub.fa	51.82	8.43	MQ
MG240416	run_20260601_144953	METAMDBG-MetaBinnerRefined-group-group_240416.21.fa	85.17	2.43	MQ
MG240416	run_20260601_144953	METAMDBG-MetaBinnerRefined-group-group_240416.210_sub.fa	57.88	5.9	MQ
MG240416	run_20260601_144953	METAMDBG-MetaBinnerRefined-group-group_240416.213.fa	54.59	4.32	MQ
MG240416	run_20260601_144953	METAMDBG-MetaBinnerRefined-group-group_240416.215.fa	48.76	10.81	LQ
MG240416	run_20260601_144953	METAMDBG-MetaBinnerRefined-group-group_240416.218.fa	61.96	7.47	MQ
MG240416	run_20260601_144953	METAMDBG-MetaBinnerRefined-group-group_240416.219_sub.fa	52.71	3.31	MQ
MG240416	run_20260601_144953	METAMDBG-MetaBinnerRefined-group-group_240416.220_sub.fa	34.08	4.18	LQ
MG240416	run_20260601_144953	METAMDBG-MetaBinnerRefined-group-group_240416.229.fa	65.81	6.11	MQ
MG240416	run_20260601_144953	METAMDBG-MetaBinnerRefined-group-group_240416.230.fa	58.16	11.62	LQ
MG240416	run_20260601_144953	METAMDBG-MetaBinnerRefined-group-group_240416.231_sub.fa	47.43	2.5	LQ
MG240416	run_20260601_144953	METAMDBG-MetaBinnerRefined-group-group_240416.233.fa	34.18	5.72	LQ
MG240416	run_20260601_144953	METAMDBG-MetaBinnerRefined-group-group_240416.235.fa	71.04	13.62	LQ
MG240416	run_20260601_144953	METAMDBG-MetaBinnerRefined-group-group_240416.236.fa	52.53	7.16	MQ
MG240416	run_20260601_144953	METAMDBG-MetaBinnerRefined-group-group_240416.239_sub.fa	55.18	10.25	LQ
MG240416	run_20260601_144953	METAMDBG-MetaBinnerRefined-group-group_240416.24.fa	76.24	4.04	MQ
MG240416	run_20260601_144953	METAMDBG-MetaBinnerRefined-group-group_240416.241.fa	63.35	5.45	MQ
MG240416	run_20260601_144953	METAMDBG-MetaBinnerRefined-group-group_240416.242_sub.fa	62.94	12.64	LQ
MG240416	run_20260601_144953	METAMDBG-MetaBinnerRefined-group-group_240416.243.fa	63.42	12.06	LQ
MG240416	run_20260601_144953	METAMDBG-MetaBinnerRefined-group-group_240416.245.fa	63.66	14.0	LQ
MG240416	run_20260601_144953	METAMDBG-MetaBinnerRefined-group-group_240416.247_sub.fa	48.8	8.19	LQ
MG240416	run_20260601_144953	METAMDBG-MetaBinnerRefined-group-group_240416.248_sub.fa	57.69	16.3	LQ
MG240416	run_20260601_144953	METAMDBG-MetaBinnerRefined-group-group_240416.250_sub.fa	57.71	6.91	MQ
MG240416	run_20260601_144953	METAMDBG-MetaBinnerRefined-group-group_240416.253.fa	71.3	17.12	LQ
MG240416	run_20260601_144953	METAMDBG-MetaBinnerRefined-group-group_240416.256_sub.fa	55.58	16.38	LQ
MG240416	run_20260601_144953	METAMDBG-MetaBinnerRefined-group-group_240416.259.fa	62.38	20.27	LQ
MG240416	run_20260601_144953	METAMDBG-MetaBinnerRefined-group-group_240416.264.fa	53.22	6.1	MQ
MG240416	run_20260601_144953	METAMDBG-MetaBinnerRefined-group-group_240416.271.fa	55.52	10.32	LQ
MG240416	run_20260601_144953	METAMDBG-MetaBinnerRefined-group-group_240416.272.fa	58.39	6.85	MQ
MG240416	run_20260601_144953	METAMDBG-MetaBinnerRefined-group-group_240416.275_sub.fa	69.52	14.37	LQ
MG240416	run_20260601_144953	METAMDBG-MetaBinnerRefined-group-group_240416.283.fa	68.4	15.54	LQ
MG240416	run_20260601_144953	METAMDBG-MetaBinnerRefined-group-group_240416.29.fa	87.97	6.96	MQ
MG240416	run_20260601_144953	METAMDBG-MetaBinnerRefined-group-group_240416.290_sub.fa	43.37	3.83	LQ
MG240416	run_20260601_144953	METAMDBG-MetaBinnerRefined-group-group_240416.291_sub.fa	57.41	10.67	LQ
MG240416	run_20260601_144953	METAMDBG-MetaBinnerRefined-group-group_240416.292.fa	61.46	9.1	MQ
MG240416	run_20260601_144953	METAMDBG-MetaBinnerRefined-group-group_240416.293_sub.fa	53.12	6.62	MQ
MG240416	run_20260601_144953	METAMDBG-MetaBinnerRefined-group-group_240416.296.fa	49.32	9.16	LQ
MG240416	run_20260601_144953	METAMDBG-MetaBinnerRefined-group-group_240416.302_sub.fa	46.56	8.13	LQ
MG240416	run_20260601_144953	METAMDBG-MetaBinnerRefined-group-group_240416.304.fa	56.69	10.03	LQ
MG240416	run_20260601_144953	METAMDBG-MetaBinnerRefined-group-group_240416.305_sub.fa	54.58	6.89	MQ
MG240416	run_20260601_144953	METAMDBG-MetaBinnerRefined-group-group_240416.306.fa	76.53	22.04	LQ
MG240416	run_20260601_144953	METAMDBG-MetaBinnerRefined-group-group_240416.31.fa	85.22	11.6	LQ
MG240416	run_20260601_144953	METAMDBG-MetaBinnerRefined-group-group_240416.319.fa	50.69	4.49	MQ
MG240416	run_20260601_144953	METAMDBG-MetaBinnerRefined-group-group_240416.32.fa	69.46	3.14	MQ
MG240416	run_20260601_144953	METAMDBG-MetaBinnerRefined-group-group_240416.320_sub.fa	62.31	12.29	LQ
MG240416	run_20260601_144953	METAMDBG-MetaBinnerRefined-group-group_240416.324_sub.fa	55.68	6.0	MQ
MG240416	run_20260601_144953	METAMDBG-MetaBinnerRefined-group-group_240416.327_sub.fa	51.97	7.17	MQ
MG240416	run_20260601_144953	METAMDBG-MetaBinnerRefined-group-group_240416.334_sub.fa	48.2	6.53	LQ
MG240416	run_20260601_144953	METAMDBG-MetaBinnerRefined-group-group_240416.341.fa	46.84	4.28	LQ
MG240416	run_20260601_144953	METAMDBG-MetaBinnerRefined-group-group_240416.347.fa	59.49	10.82	LQ
MG240416	run_20260601_144953	METAMDBG-MetaBinnerRefined-group-group_240416.353_sub.fa	42.04	12.78	LQ
MG240416	run_20260601_144953	METAMDBG-MetaBinnerRefined-group-group_240416.354.fa	54.92	10.97	LQ
MG240416	run_20260601_144953	METAMDBG-MetaBinnerRefined-group-group_240416.356.fa	32.27	4.75	LQ
MG240416	run_20260601_144953	METAMDBG-MetaBinnerRefined-group-group_240416.357_sub.fa	59.26	11.06	LQ
MG240416	run_20260601_144953	METAMDBG-MetaBinnerRefined-group-group_240416.360_sub.fa	52.63	8.32	MQ
MG240416	run_20260601_144953	METAMDBG-MetaBinnerRefined-group-group_240416.363_sub.fa	47.2	9.37	LQ
MG240416	run_20260601_144953	METAMDBG-MetaBinnerRefined-group-group_240416.364_sub.fa	44.21	7.9	LQ
MG240416	run_20260601_144953	METAMDBG-MetaBinnerRefined-group-group_240416.365_sub.fa	53.63	9.81	MQ
MG240416	run_20260601_144953	METAMDBG-MetaBinnerRefined-group-group_240416.368.fa	64.52	17.15	LQ
MG240416	run_20260601_144953	METAMDBG-MetaBinnerRefined-group-group_240416.369_sub.fa	44.26	5.29	LQ
MG240416	run_20260601_144953	METAMDBG-MetaBinnerRefined-group-group_240416.373_sub.fa	51.59	6.05	MQ
MG240416	run_20260601_144953	METAMDBG-MetaBinnerRefined-group-group_240416.374_sub.fa	36.52	7.88	LQ
MG240416	run_20260601_144953	METAMDBG-MetaBinnerRefined-group-group_240416.375.fa	45.7	7.09	LQ
MG240416	run_20260601_144953	METAMDBG-MetaBinnerRefined-group-group_240416.38.fa	65.4	7.32	MQ
MG240416	run_20260601_144953	METAMDBG-MetaBinnerRefined-group-group_240416.381_sub.fa	49.7	6.56	LQ
MG240416	run_20260601_144953	METAMDBG-MetaBinnerRefined-group-group_240416.382.fa	53.19	7.94	MQ
MG240416	run_20260601_144953	METAMDBG-MetaBinnerRefined-group-group_240416.384_sub.fa	49.13	9.45	LQ
MG240416	run_20260601_144953	METAMDBG-MetaBinnerRefined-group-group_240416.387_sub.fa	52.73	9.58	MQ
MG240416	run_20260601_144953	METAMDBG-MetaBinnerRefined-group-group_240416.388_sub.fa	44.4	4.55	LQ
MG240416	run_20260601_144953	METAMDBG-MetaBinnerRefined-group-group_240416.393_sub.fa	27.98	0.53	LQ
MG240416	run_20260601_144953	METAMDBG-MetaBinnerRefined-group-group_240416.395.fa	77.46	23.3	LQ
MG240416	run_20260601_144953	METAMDBG-MetaBinnerRefined-group-group_240416.403.fa	45.96	6.9	LQ
MG240416	run_20260601_144953	METAMDBG-MetaBinnerRefined-group-group_240416.41.fa	47.6	2.85	LQ
MG240416	run_20260601_144953	METAMDBG-MetaBinnerRefined-group-group_240416.42.fa	65.08	2.81	MQ
MG240416	run_20260601_144953	METAMDBG-MetaBinnerRefined-group-group_240416.43_sub.fa	72.43	7.08	MQ
MG240416	run_20260601_144953	METAMDBG-MetaBinnerRefined-group-group_240416.44.fa	62.21	12.2	LQ
MG240416	run_20260601_144953	METAMDBG-MetaBinnerRefined-group-group_240416.5.fa	99.2	1.51	HQ_candidate
MG240416	run_20260601_144953	METAMDBG-MetaBinnerRefined-group-group_240416.50.fa	70.8	10.13	LQ
MG240416	run_20260601_144953	METAMDBG-MetaBinnerRefined-group-group_240416.52_sub.fa	54.03	4.09	MQ
MG240416	run_20260601_144953	METAMDBG-MetaBinnerRefined-group-group_240416.53.fa	61.22	2.11	MQ
MG240416	run_20260601_144953	METAMDBG-MetaBinnerRefined-group-group_240416.55.fa	67.7	5.07	MQ
MG240416	run_20260601_144953	METAMDBG-MetaBinnerRefined-group-group_240416.59_sub.fa	69.04	1.94	MQ
MG240416	run_20260601_144953	METAMDBG-MetaBinnerRefined-group-group_240416.6.fa	95.41	3.41	HQ_candidate
MG240416	run_20260601_144953	METAMDBG-MetaBinnerRefined-group-group_240416.62.fa	60.81	3.96	MQ
MG240416	run_20260601_144953	METAMDBG-MetaBinnerRefined-group-group_240416.65.fa	56.03	2.55	MQ
MG240416	run_20260601_144953	METAMDBG-MetaBinnerRefined-group-group_240416.69_sub.fa	57.25	8.66	MQ
MG240416	run_20260601_144953	METAMDBG-MetaBinnerRefined-group-group_240416.70.fa	77.3	12.66	LQ
MG240416	run_20260601_144953	METAMDBG-MetaBinnerRefined-group-group_240416.72_sub.fa	24.7	0.27	LQ
MG240416	run_20260601_144953	METAMDBG-MetaBinnerRefined-group-group_240416.73.fa	71.91	6.83	MQ
MG240416	run_20260601_144953	METAMDBG-MetaBinnerRefined-group-group_240416.75.fa	58.48	2.12	MQ
MG240416	run_20260601_144953	METAMDBG-MetaBinnerRefined-group-group_240416.77.fa	33.07	2.26	LQ
MG240416	run_20260601_144953	METAMDBG-MetaBinnerRefined-group-group_240416.78_sub.fa	58.69	4.44	MQ
MG240416	run_20260601_144953	METAMDBG-MetaBinnerRefined-group-group_240416.81_sub.fa	58.31	2.24	MQ
MG240416	run_20260601_144953	METAMDBG-MetaBinnerRefined-group-group_240416.83.fa	42.46	1.52	LQ
MG240416	run_20260601_144953	METAMDBG-MetaBinnerRefined-group-group_240416.85_sub.fa	16.0	0.69	LQ
MG240416	run_20260601_144953	METAMDBG-MetaBinnerRefined-group-group_240416.88.fa	31.57	2.28	LQ
MG240416	run_20260601_144953	METAMDBG-MetaBinnerRefined-group-group_240416.89.fa	62.31	7.05	MQ
MG240416	run_20260601_144953	METAMDBG-MetaBinnerRefined-group-group_240416.90.fa	71.58	10.89	LQ
MG240416	run_20260601_144953	METAMDBG-MetaBinnerRefined-group-group_240416.91_sub.fa	56.91	4.08	MQ
MG240416	run_20260601_144953	METAMDBG-MetaBinnerRefined-group-group_240416.93.fa	57.72	2.65	MQ
MG240416	run_20260601_144953	METAMDBG-MetaBinnerRefined-group-group_240416.98_sub.fa	27.43	1.1	LQ
MG250307	run_20260414_125635	FLYE-CONCOCTRefined-group-group_250307.3_sub.fa	77.51	13.22	LQ
MG250307	run_20260414_125635	FLYE-MaxBin2Refined-group-group_250307.001.fa	75.28	13.46	LQ
MG250307	run_20260414_125635	FLYE-MaxBin2Refined-group-group_250307.002.fa	89.25	28.84	LQ
MG250307	run_20260414_125635	FLYE-MetaBAT2Refined-group-group_250307.2.fa	58.75	8.16	MQ
MG250307	run_20260414_125635	FLYE-MetaBinnerRefined-group-group_250307.1.fa	54.41	5.47	MQ
MG250307	run_20260414_125635	FLYE-SemiBin2Refined-group-group_250307.0.fa	65.85	2.41	MQ
MG250307	run_20260414_125635	METAMDBG-CONCOCTRefined-group-group_250307.17_sub.fa	26.13	2.43	LQ
MG250307	run_20260414_125635	METAMDBG-MaxBin2Refined-group-group_250307.001_sub.fa	100.0	8.17	MQ
MG250307	run_20260414_125635	METAMDBG-MaxBin2Refined-group-group_250307.004_sub.fa	44.61	6.85	LQ
MG250307	run_20260414_125635	METAMDBG-MaxBin2Refined-group-group_250307.007.fa	84.3	28.65	LQ
MG250307	run_20260414_125635	METAMDBG-MaxBin2Refined-group-group_250307.016_sub.fa	31.26	3.8	LQ
MG250307	run_20260414_125635	METAMDBG-MetaBAT2Refined-group-group_250307.1.fa	96.72	35.25	LQ
MG250307	run_20260414_125635	METAMDBG-MetaBAT2Refined-group-group_250307.14_sub.fa	94.06	21.15	LQ
MG250307	run_20260414_125635	METAMDBG-MetaBAT2Refined-group-group_250307.23.fa	50.83	1.1	MQ
MG250307	run_20260414_125635	METAMDBG-MetaBAT2Refined-group-group_250307.34.fa	81.42	2.73	MQ
MG250307	run_20260414_125635	METAMDBG-MetaBinnerRefined-group-group_250307.1.fa	99.66	12.94	LQ
MG250307	run_20260414_125635	METAMDBG-SemiBin2Refined-group-group_250307.3.fa	76.17	1.58	MQ
MG250307	run_20260414_125635	METAMDBG-SemiBin2Refined-group-group_250307.47_sub.fa	62.95	19.04	LQ
MG250307	run_20260414_125635	METAMDBG-SemiBin2Refined-group-group_250307.7.fa	21.78	0.16	LQ
MG211220	run_20260414_125635	FLYE-SemiBin2Refined-group-group_211220.0.fa	76.13	6.94	MQ
MG211220	run_20260414_125635	FLYE-SemiBin2Refined-group-group_211220.1.fa	23.02	0.5	LQ
MG211220	run_20260414_125635	METAMDBG-CONCOCTRefined-group-group_211220.4.fa	70.27	18.0	LQ
MG211220	run_20260414_125635	METAMDBG-CONCOCTRefined-group-group_211220.40_sub.fa	57.44	9.34	MQ
MG211220	run_20260414_125635	METAMDBG-CONCOCTRefined-group-group_211220.45.fa	89.24	30.49	LQ
MG211220	run_20260414_125635	METAMDBG-MaxBin2Refined-group-group_211220.001.fa	48.04	0.11	LQ
MG211220	run_20260414_125635	METAMDBG-MaxBin2Refined-group-group_211220.009_sub.fa	38.3	2.67	LQ
MG211220	run_20260414_125635	METAMDBG-MaxBin2Refined-group-group_211220.017_sub.fa	67.31	30.0	LQ
MG211220	run_20260414_125635	METAMDBG-SemiBin2Refined-group-group_211220.0.fa	87.15	10.18	LQ
MG220224	run_20260414_214141	FLYE-MetaBAT2Refined-group-group_220224.19.fa	35.77	5.98	LQ
MG220224	run_20260414_214141	FLYE-MetaBinnerRefined-group-group_220224.2.fa	38.07	6.81	LQ
MG220224	run_20260414_214141	FLYE-SemiBin2Refined-group-group_220224.3.fa	27.8	1.77	LQ
MG220224	run_20260414_214141	FLYE-SemiBin2Refined-group-group_220224.35.fa	37.86	8.05	LQ
MG220224	run_20260414_214141	METAMDBG-CONCOCTRefined-group-group_220224.12_sub.fa	57.67	8.23	MQ
MG220224	run_20260414_214141	METAMDBG-CONCOCTRefined-group-group_220224.13.fa	76.51	21.8	LQ
MG220224	run_20260414_214141	METAMDBG-CONCOCTRefined-group-group_220224.67.fa	75.16	17.82	LQ
MG220224	run_20260414_214141	METAMDBG-CONCOCTRefined-group-group_220224.71.fa	33.9	2.83	LQ
MG220224	run_20260414_214141	METAMDBG-MaxBin2Refined-group-group_220224.039_sub.fa	47.59	7.35	LQ
MG220224	run_20260414_214141	METAMDBG-MaxBin2Refined-group-group_220224.048_sub.fa	53.88	9.44	MQ
MG220224	run_20260414_214141	METAMDBG-MetaBAT2Refined-group-group_220224.36_sub.fa	26.89	2.49	LQ
MG220224	run_20260414_214141	METAMDBG-MetaBAT2Refined-group-group_220224.62_sub.fa	60.3	12.79	LQ
MG220224	run_20260414_214141	METAMDBG-MetaBAT2Refined-group-group_220224.98_sub.fa	26.42	2.07	LQ
MG220224	run_20260414_214141	METAMDBG-MetaBinnerRefined-group-group_220224.1.fa	60.01	8.97	MQ
MG220224	run_20260414_214141	METAMDBG-MetaBinnerRefined-group-group_220224.13_sub.fa	61.79	21.36	LQ
MG220224	run_20260414_214141	METAMDBG-MetaBinnerRefined-group-group_220224.14_sub.fa	48.11	8.54	LQ
MG220224	run_20260414_214141	METAMDBG-MetaBinnerRefined-group-group_220224.15_sub.fa	43.82	4.78	LQ
MG220224	run_20260414_214141	METAMDBG-MetaBinnerRefined-group-group_220224.20_sub.fa	34.43	6.5	LQ
MG220224	run_20260414_214141	METAMDBG-MetaBinnerRefined-group-group_220224.3.fa	51.9	7.21	MQ
MG220224	run_20260414_214141	METAMDBG-MetaBinnerRefined-group-group_220224.5.fa	49.29	6.43	LQ
MG220224	run_20260414_214141	METAMDBG-MetaBinnerRefined-group-group_220224.7_sub.fa	34.46	4.12	LQ
MG220224	run_20260414_214141	METAMDBG-MetaBinnerRefined-group-group_220224.8.fa	57.38	6.91	MQ
MG220224	run_20260414_214141	METAMDBG-MetaBinnerRefined-group-group_220224.9_sub.fa	61.67	8.48	MQ
MG220224	run_20260414_214141	METAMDBG-SemiBin2Refined-group-group_220224.0.fa	67.38	9.7	MQ
MG220224	run_20260414_214141	METAMDBG-SemiBin2Refined-group-group_220224.1.fa	75.38	9.74	MQ
MG220224	run_20260414_214141	METAMDBG-SemiBin2Refined-group-group_220224.2.fa	52.26	1.08	MQ
MG230906	run_20260414_202323	FLYE-MaxBin2Refined-group-group_230906.011_sub.fa	22.26	0.48	LQ
MG230906	run_20260414_202323	FLYE-MetaBAT2Refined-group-group_230906.13.fa	48.21	9.06	LQ
MG230906	run_20260414_202323	FLYE-SemiBin2Refined-group-group_230906.0.fa	60.77	3.85	MQ
MG230906	run_20260414_202323	FLYE-SemiBin2Refined-group-group_230906.1.fa	48.84	3.03	LQ
MG230906	run_20260414_202323	FLYE-SemiBin2Refined-group-group_230906.2.fa	31.88	5.45	LQ
MG230906	run_20260414_202323	FLYE-SemiBin2Refined-group-group_230906.39_sub.fa	38.2	3.79	LQ
MG230906	run_20260414_202323	METAMDBG-MaxBin2Refined-group-group_230906.007_sub.fa	35.83	4.94	LQ
MG230906	run_20260414_202323	METAMDBG-MaxBin2Refined-group-group_230906.024_sub.fa	48.13	5.6	LQ
MG230906	run_20260414_202323	METAMDBG-MaxBin2Refined-group-group_230906.029.fa	46.5	4.64	LQ
MG230906	run_20260414_202323	METAMDBG-MaxBin2Refined-group-group_230906.033.fa	79.85	29.67	LQ
MG230906	run_20260414_202323	METAMDBG-MetaBAT2Refined-group-group_230906.17_sub.fa	66.5	22.46	LQ
MG230906	run_20260414_202323	METAMDBG-MetaBAT2Refined-group-group_230906.2.fa	54.48	0.21	MQ
MG230906	run_20260414_202323	METAMDBG-MetaBAT2Refined-group-group_230906.20.fa	82.7	37.17	LQ
MG230906	run_20260414_202323	METAMDBG-MetaBAT2Refined-group-group_230906.27.fa	50.63	8.03	MQ
MG230906	run_20260414_202323	METAMDBG-MetaBAT2Refined-group-group_230906.58.fa	69.84	0.53	MQ
MG230906	run_20260414_202323	METAMDBG-MetaBinnerRefined-group-group_230906.1.fa	71.71	12.53	LQ
MG230906	run_20260414_202323	METAMDBG-MetaBinnerRefined-group-group_230906.10.fa	60.12	10.5	LQ
MG230906	run_20260414_202323	METAMDBG-MetaBinnerRefined-group-group_230906.2.fa	59.63	8.21	MQ
MG230906	run_20260414_202323	METAMDBG-MetaBinnerRefined-group-group_230906.3_sub.fa	48.64	8.21	LQ
MG230906	run_20260414_202323	METAMDBG-MetaBinnerRefined-group-group_230906.6_sub.fa	32.87	4.96	LQ
MG230906	run_20260414_202323	METAMDBG-SemiBin2Refined-group-group_230906.54.fa	61.43	15.37	LQ
MG230906	run_20260414_202323	METAMDBG-SemiBin2Refined-group-group_230906.65_sub.fa	62.28	10.6	LQ

