source_sample	bin_id	pass_GUNC	primary_gunc_summary_path_note
MG211022	METAMDBG-CONCOCTRefined-group-group_211022.46_sub	False	per-sample `GenomeBinning/QC/gunc_summary.tsv`
MG211022	METAMDBG-CONCOCTRefined-group-group_211022.54	True	per-sample `GenomeBinning/QC/gunc_summary.tsv`
MG211022	METAMDBG-CONCOCTRefined-group-group_211022.64	True	per-sample `GenomeBinning/QC/gunc_summary.tsv`
MG211022	METAMDBG-CONCOCTRefined-group-group_211022.93_sub	True	per-sample `GenomeBinning/QC/gunc_summary.tsv`
MG211022	METAMDBG-MaxBin2Refined-group-group_211022.001	True	per-sample `GenomeBinning/QC/gunc_summary.tsv`
MG211022	METAMDBG-MaxBin2Refined-group-group_211022.002	True	per-sample `GenomeBinning/QC/gunc_summary.tsv`
MG211022	METAMDBG-MaxBin2Refined-group-group_211022.015	True	per-sample `GenomeBinning/QC/gunc_summary.tsv`
MG211022	METAMDBG-MaxBin2Refined-group-group_211022.025	False	per-sample `GenomeBinning/QC/gunc_summary.tsv`
MG211022	METAMDBG-MaxBin2Refined-group-group_211022.026	False	per-sample `GenomeBinning/QC/gunc_summary.tsv`
MG211022	METAMDBG-MetaBAT2Refined-group-group_211022.101	True	per-sample `GenomeBinning/QC/gunc_summary.tsv`
MG211022	METAMDBG-MetaBinnerRefined-group-group_211022.11	True	per-sample `GenomeBinning/QC/gunc_summary.tsv`
MG211022	METAMDBG-MetaBinnerRefined-group-group_211022.19	True	per-sample `GenomeBinning/QC/gunc_summary.tsv`
MG211022	METAMDBG-MetaBinnerRefined-group-group_211022.23_sub	True	per-sample `GenomeBinning/QC/gunc_summary.tsv`
MG211022	METAMDBG-MetaBinnerRefined-group-group_211022.3	True	per-sample `GenomeBinning/QC/gunc_summary.tsv`
MG211022	METAMDBG-MetaBinnerRefined-group-group_211022.30_sub	False	per-sample `GenomeBinning/QC/gunc_summary.tsv`
MG211022	METAMDBG-MetaBinnerRefined-group-group_211022.5_sub	False	per-sample `GenomeBinning/QC/gunc_summary.tsv`
MG211022	METAMDBG-MetaBinnerRefined-group-group_211022.8	True	per-sample `GenomeBinning/QC/gunc_summary.tsv`
MG211022	METAMDBG-SemiBin2Refined-group-group_211022.101_sub	False	per-sample `GenomeBinning/QC/gunc_summary.tsv`
MG211022	METAMDBG-SemiBin2Refined-group-group_211022.2	True	per-sample `GenomeBinning/QC/gunc_summary.tsv`
MG211022	METAMDBG-SemiBin2Refined-group-group_211022.3	True	per-sample `GenomeBinning/QC/gunc_summary.tsv`
MG211022	METAMDBG-SemiBin2Refined-group-group_211022.4	True	per-sample `GenomeBinning/QC/gunc_summary.tsv`
MG211022	METAMDBG-SemiBin2Refined-group-group_211022.85	True	per-sample `GenomeBinning/QC/gunc_summary.tsv`
MG211022	FLYE-DASToolUnbinned-group-group_211022	False	per-sample `GenomeBinning/QC/gunc_summary.tsv`
MG211022	FLYE-CONCOCTRefined-group-group_211022.18	True	per-sample `GenomeBinning/QC/gunc_summary.tsv`
MG211022	FLYE-CONCOCTRefined-group-group_211022.25_sub	True	per-sample `GenomeBinning/QC/gunc_summary.tsv`
MG211022	FLYE-CONCOCTRefined-group-group_211022.26	True	per-sample `GenomeBinning/QC/gunc_summary.tsv`
MG211022	FLYE-CONCOCTRefined-group-group_211022.39_sub	True	per-sample `GenomeBinning/QC/gunc_summary.tsv`
MG211022	FLYE-CONCOCTRefined-group-group_211022.47	False	per-sample `GenomeBinning/QC/gunc_summary.tsv`
MG211022	FLYE-MaxBin2Refined-group-group_211022.031_sub	True	per-sample `GenomeBinning/QC/gunc_summary.tsv`
MG211022	FLYE-MetaBinnerRefined-group-group_211022.3	True	per-sample `GenomeBinning/QC/gunc_summary.tsv`
MG211022	FLYE-MetaBinnerRefined-group-group_211022.5	False	per-sample `GenomeBinning/QC/gunc_summary.tsv`
MG211022	FLYE-MetaBinnerRefined-group-group_211022.6	True	per-sample `GenomeBinning/QC/gunc_summary.tsv`
MG211022	FLYE-SemiBin2Refined-group-group_211022.3	True	per-sample `GenomeBinning/QC/gunc_summary.tsv`
MG211022	FLYE-SemiBin2Refined-group-group_211022.4	True	per-sample `GenomeBinning/QC/gunc_summary.tsv`
MG211022	FLYE-SemiBin2Refined-group-group_211022.6	True	per-sample `GenomeBinning/QC/gunc_summary.tsv`
MG211022	METAMDBG-DASToolUnbinned-group-group_211022	False	per-sample `GenomeBinning/QC/gunc_summary.tsv`
MG211220	FLYE-SemiBin2Refined-group-group_211220.0	True	per-sample `GenomeBinning/QC/gunc_summary.tsv`
MG211220	FLYE-SemiBin2Refined-group-group_211220.1	True	per-sample `GenomeBinning/QC/gunc_summary.tsv`
MG211220	FLYE-DASToolUnbinned-group-group_211220	False	per-sample `GenomeBinning/QC/gunc_summary.tsv`
MG211220	METAMDBG-CONCOCTRefined-group-group_211220.4	False	per-sample `GenomeBinning/QC/gunc_summary.tsv`
MG211220	METAMDBG-CONCOCTRefined-group-group_211220.40_sub	False	per-sample `GenomeBinning/QC/gunc_summary.tsv`
MG211220	METAMDBG-CONCOCTRefined-group-group_211220.45	False	per-sample `GenomeBinning/QC/gunc_summary.tsv`
MG211220	METAMDBG-MaxBin2Refined-group-group_211220.001	True	per-sample `GenomeBinning/QC/gunc_summary.tsv`
MG211220	METAMDBG-MaxBin2Refined-group-group_211220.009_sub	False	per-sample `GenomeBinning/QC/gunc_summary.tsv`
MG211220	METAMDBG-MaxBin2Refined-group-group_211220.017_sub	False	per-sample `GenomeBinning/QC/gunc_summary.tsv`
MG211220	METAMDBG-SemiBin2Refined-group-group_211220.0	True	per-sample `GenomeBinning/QC/gunc_summary.tsv`
MG211220	METAMDBG-DASToolUnbinned-group-group_211220	False	per-sample `GenomeBinning/QC/gunc_summary.tsv`
MG220224	METAMDBG-CONCOCTRefined-group-group_220224.12_sub	True	per-sample `GenomeBinning/QC/gunc_summary.tsv`
MG220224	METAMDBG-CONCOCTRefined-group-group_220224.13	True	per-sample `GenomeBinning/QC/gunc_summary.tsv`
MG220224	METAMDBG-CONCOCTRefined-group-group_220224.67	True	per-sample `GenomeBinning/QC/gunc_summary.tsv`
MG220224	METAMDBG-CONCOCTRefined-group-group_220224.71	False	per-sample `GenomeBinning/QC/gunc_summary.tsv`
MG220224	METAMDBG-MaxBin2Refined-group-group_220224.039_sub	True	per-sample `GenomeBinning/QC/gunc_summary.tsv`
MG220224	METAMDBG-MaxBin2Refined-group-group_220224.048_sub	True	per-sample `GenomeBinning/QC/gunc_summary.tsv`
MG220224	METAMDBG-MetaBAT2Refined-group-group_220224.36_sub	True	per-sample `GenomeBinning/QC/gunc_summary.tsv`
MG220224	METAMDBG-MetaBAT2Refined-group-group_220224.62_sub	False	per-sample `GenomeBinning/QC/gunc_summary.tsv`
MG220224	METAMDBG-MetaBAT2Refined-group-group_220224.98_sub	True	per-sample `GenomeBinning/QC/gunc_summary.tsv`
MG220224	METAMDBG-MetaBinnerRefined-group-group_220224.1	True	per-sample `GenomeBinning/QC/gunc_summary.tsv`
MG220224	METAMDBG-MetaBinnerRefined-group-group_220224.13_sub	True	per-sample `GenomeBinning/QC/gunc_summary.tsv`
MG220224	METAMDBG-MetaBinnerRefined-group-group_220224.14_sub	True	per-sample `GenomeBinning/QC/gunc_summary.tsv`
MG220224	METAMDBG-MetaBinnerRefined-group-group_220224.15_sub	False	per-sample `GenomeBinning/QC/gunc_summary.tsv`
MG220224	METAMDBG-MetaBinnerRefined-group-group_220224.20_sub	False	per-sample `GenomeBinning/QC/gunc_summary.tsv`
MG220224	METAMDBG-MetaBinnerRefined-group-group_220224.3	True	per-sample `GenomeBinning/QC/gunc_summary.tsv`
MG220224	METAMDBG-MetaBinnerRefined-group-group_220224.5	True	per-sample `GenomeBinning/QC/gunc_summary.tsv`
MG220224	METAMDBG-MetaBinnerRefined-group-group_220224.7_sub	True	per-sample `GenomeBinning/QC/gunc_summary.tsv`
MG220224	METAMDBG-MetaBinnerRefined-group-group_220224.8	False	per-sample `GenomeBinning/QC/gunc_summary.tsv`
MG220224	METAMDBG-MetaBinnerRefined-group-group_220224.9_sub	False	per-sample `GenomeBinning/QC/gunc_summary.tsv`
MG220224	METAMDBG-SemiBin2Refined-group-group_220224.0	True	per-sample `GenomeBinning/QC/gunc_summary.tsv`
MG220224	METAMDBG-SemiBin2Refined-group-group_220224.1	True	per-sample `GenomeBinning/QC/gunc_summary.tsv`
MG220224	METAMDBG-SemiBin2Refined-group-group_220224.2	True	per-sample `GenomeBinning/QC/gunc_summary.tsv`
MG220224	FLYE-DASToolUnbinned-group-group_220224	False	per-sample `GenomeBinning/QC/gunc_summary.tsv`
MG220224	METAMDBG-DASToolUnbinned-group-group_220224	False	per-sample `GenomeBinning/QC/gunc_summary.tsv`
MG220224	FLYE-MetaBAT2Refined-group-group_220224.19	True	per-sample `GenomeBinning/QC/gunc_summary.tsv`
MG220224	FLYE-MetaBinnerRefined-group-group_220224.2	True	per-sample `GenomeBinning/QC/gunc_summary.tsv`
MG220224	FLYE-SemiBin2Refined-group-group_220224.3	True	per-sample `GenomeBinning/QC/gunc_summary.tsv`
MG220224	FLYE-SemiBin2Refined-group-group_220224.35	True	per-sample `GenomeBinning/QC/gunc_summary.tsv`
MG220428	FLYE-CONCOCTRefined-group-group_220428.113	True	per-sample `GenomeBinning/QC/gunc_summary.tsv`
MG220428	FLYE-CONCOCTRefined-group-group_220428.118	True	per-sample `GenomeBinning/QC/gunc_summary.tsv`
MG220428	FLYE-CONCOCTRefined-group-group_220428.19	True	per-sample `GenomeBinning/QC/gunc_summary.tsv`
MG220428	FLYE-CONCOCTRefined-group-group_220428.20_sub	True	per-sample `GenomeBinning/QC/gunc_summary.tsv`
MG220428	FLYE-CONCOCTRefined-group-group_220428.27	True	per-sample `GenomeBinning/QC/gunc_summary.tsv`
MG220428	FLYE-CONCOCTRefined-group-group_220428.4_sub	False	per-sample `GenomeBinning/QC/gunc_summary.tsv`
MG220428	FLYE-CONCOCTRefined-group-group_220428.58_sub	True	per-sample `GenomeBinning/QC/gunc_summary.tsv`
MG220428	FLYE-CONCOCTRefined-group-group_220428.8	True	per-sample `GenomeBinning/QC/gunc_summary.tsv`
MG220428	FLYE-CONCOCTRefined-group-group_220428.9	True	per-sample `GenomeBinning/QC/gunc_summary.tsv`
MG220428	FLYE-CONCOCTRefined-group-group_220428.94	True	per-sample `GenomeBinning/QC/gunc_summary.tsv`
MG220428	FLYE-MaxBin2Refined-group-group_220428.004	True	per-sample `GenomeBinning/QC/gunc_summary.tsv`
MG220428	FLYE-MaxBin2Refined-group-group_220428.015	True	per-sample `GenomeBinning/QC/gunc_summary.tsv`
MG220428	FLYE-MetaBAT2Refined-group-group_220428.105	True	per-sample `GenomeBinning/QC/gunc_summary.tsv`
MG220428	FLYE-MetaBAT2Refined-group-group_220428.11	True	per-sample `GenomeBinning/QC/gunc_summary.tsv`
MG220428	FLYE-MetaBAT2Refined-group-group_220428.117	True	per-sample `GenomeBinning/QC/gunc_summary.tsv`
MG220428	FLYE-MetaBAT2Refined-group-group_220428.120	True	per-sample `GenomeBinning/QC/gunc_summary.tsv`
MG220428	FLYE-MetaBAT2Refined-group-group_220428.123_sub	True	per-sample `GenomeBinning/QC/gunc_summary.tsv`
MG220428	FLYE-MetaBAT2Refined-group-group_220428.135_sub	True	per-sample `GenomeBinning/QC/gunc_summary.tsv`
MG220428	FLYE-MetaBAT2Refined-group-group_220428.143	True	per-sample `GenomeBinning/QC/gunc_summary.tsv`
MG220428	FLYE-MetaBAT2Refined-group-group_220428.144	True	per-sample `GenomeBinning/QC/gunc_summary.tsv`
MG220428	FLYE-MetaBAT2Refined-group-group_220428.145	True	per-sample `GenomeBinning/QC/gunc_summary.tsv`
MG220428	FLYE-MetaBAT2Refined-group-group_220428.158	True	per-sample `GenomeBinning/QC/gunc_summary.tsv`
MG220428	FLYE-MetaBAT2Refined-group-group_220428.167	True	per-sample `GenomeBinning/QC/gunc_summary.tsv`
MG220428	FLYE-MetaBAT2Refined-group-group_220428.31_sub	True	per-sample `GenomeBinning/QC/gunc_summary.tsv`
MG220428	FLYE-MetaBAT2Refined-group-group_220428.47	True	per-sample `GenomeBinning/QC/gunc_summary.tsv`
MG220428	FLYE-MetaBAT2Refined-group-group_220428.49	True	per-sample `GenomeBinning/QC/gunc_summary.tsv`
MG220428	FLYE-MetaBAT2Refined-group-group_220428.73	True	per-sample `GenomeBinning/QC/gunc_summary.tsv`
MG220428	FLYE-MetaBAT2Refined-group-group_220428.91	True	per-sample `GenomeBinning/QC/gunc_summary.tsv`
MG220428	FLYE-MetaBinnerRefined-group-group_220428.10_sub	False	per-sample `GenomeBinning/QC/gunc_summary.tsv`
MG220428	FLYE-MetaBinnerRefined-group-group_220428.11	True	per-sample `GenomeBinning/QC/gunc_summary.tsv`
MG220428	FLYE-MetaBinnerRefined-group-group_220428.19_sub	True	per-sample `GenomeBinning/QC/gunc_summary.tsv`
MG220428	FLYE-MetaBinnerRefined-group-group_220428.25_sub	False	per-sample `GenomeBinning/QC/gunc_summary.tsv`
MG220428	FLYE-MetaBinnerRefined-group-group_220428.26_sub	True	per-sample `GenomeBinning/QC/gunc_summary.tsv`
MG220428	FLYE-MetaBinnerRefined-group-group_220428.29_sub	True	per-sample `GenomeBinning/QC/gunc_summary.tsv`
MG220428	FLYE-MetaBinnerRefined-group-group_220428.32_sub	True	per-sample `GenomeBinning/QC/gunc_summary.tsv`
MG220428	FLYE-MetaBinnerRefined-group-group_220428.7_sub	True	per-sample `GenomeBinning/QC/gunc_summary.tsv`
MG220428	FLYE-SemiBin2Refined-group-group_220428.1	True	per-sample `GenomeBinning/QC/gunc_summary.tsv`
MG220428	FLYE-SemiBin2Refined-group-group_220428.10	True	per-sample `GenomeBinning/QC/gunc_summary.tsv`
MG220428	FLYE-SemiBin2Refined-group-group_220428.13	True	per-sample `GenomeBinning/QC/gunc_summary.tsv`
MG220428	FLYE-SemiBin2Refined-group-group_220428.14	True	per-sample `GenomeBinning/QC/gunc_summary.tsv`
MG220428	FLYE-SemiBin2Refined-group-group_220428.24	True	per-sample `GenomeBinning/QC/gunc_summary.tsv`
MG220428	FLYE-SemiBin2Refined-group-group_220428.27	True	per-sample `GenomeBinning/QC/gunc_summary.tsv`
MG220428	FLYE-SemiBin2Refined-group-group_220428.5	True	per-sample `GenomeBinning/QC/gunc_summary.tsv`
MG220428	FLYE-SemiBin2Refined-group-group_220428.8	True	per-sample `GenomeBinning/QC/gunc_summary.tsv`
MG220428	METAMDBG-CONCOCTRefined-group-group_220428.11	True	per-sample `GenomeBinning/QC/gunc_summary.tsv`
MG220428	METAMDBG-CONCOCTRefined-group-group_220428.111_sub	True	per-sample `GenomeBinning/QC/gunc_summary.tsv`
MG220428	METAMDBG-CONCOCTRefined-group-group_220428.117_sub	True	per-sample `GenomeBinning/QC/gunc_summary.tsv`
MG220428	METAMDBG-CONCOCTRefined-group-group_220428.119_sub	True	per-sample `GenomeBinning/QC/gunc_summary.tsv`
MG220428	METAMDBG-CONCOCTRefined-group-group_220428.13	False	per-sample `GenomeBinning/QC/gunc_summary.tsv`
MG220428	METAMDBG-CONCOCTRefined-group-group_220428.143_sub	True	per-sample `GenomeBinning/QC/gunc_summary.tsv`
MG220428	METAMDBG-CONCOCTRefined-group-group_220428.14_sub	True	per-sample `GenomeBinning/QC/gunc_summary.tsv`
MG220428	METAMDBG-CONCOCTRefined-group-group_220428.156	False	per-sample `GenomeBinning/QC/gunc_summary.tsv`
MG220428	METAMDBG-CONCOCTRefined-group-group_220428.18_sub	True	per-sample `GenomeBinning/QC/gunc_summary.tsv`
MG220428	METAMDBG-CONCOCTRefined-group-group_220428.76	True	per-sample `GenomeBinning/QC/gunc_summary.tsv`
MG220428	METAMDBG-CONCOCTRefined-group-group_220428.77_sub	True	per-sample `GenomeBinning/QC/gunc_summary.tsv`
MG220428	METAMDBG-CONCOCTRefined-group-group_220428.91_sub	False	per-sample `GenomeBinning/QC/gunc_summary.tsv`
MG220428	METAMDBG-CONCOCTRefined-group-group_220428.99_sub	False	per-sample `GenomeBinning/QC/gunc_summary.tsv`
MG220428	METAMDBG-MaxBin2Refined-group-group_220428.004	True	per-sample `GenomeBinning/QC/gunc_summary.tsv`
MG220428	METAMDBG-MaxBin2Refined-group-group_220428.005	True	per-sample `GenomeBinning/QC/gunc_summary.tsv`
MG220428	METAMDBG-MaxBin2Refined-group-group_220428.011	False	per-sample `GenomeBinning/QC/gunc_summary.tsv`
MG220428	METAMDBG-MaxBin2Refined-group-group_220428.048_sub	True	per-sample `GenomeBinning/QC/gunc_summary.tsv`
MG220428	METAMDBG-MaxBin2Refined-group-group_220428.062_sub	False	per-sample `GenomeBinning/QC/gunc_summary.tsv`
MG220428	METAMDBG-MaxBin2Refined-group-group_220428.071_sub	True	per-sample `GenomeBinning/QC/gunc_summary.tsv`
MG220428	METAMDBG-MetaBAT2Refined-group-group_220428.102	True	per-sample `GenomeBinning/QC/gunc_summary.tsv`
MG220428	METAMDBG-MetaBAT2Refined-group-group_220428.108_sub	True	per-sample `GenomeBinning/QC/gunc_summary.tsv`
MG220428	METAMDBG-MetaBAT2Refined-group-group_220428.114_sub	False	per-sample `GenomeBinning/QC/gunc_summary.tsv`
MG220428	METAMDBG-MetaBAT2Refined-group-group_220428.138	True	per-sample `GenomeBinning/QC/gunc_summary.tsv`
MG220428	METAMDBG-MetaBAT2Refined-group-group_220428.141_sub	True	per-sample `GenomeBinning/QC/gunc_summary.tsv`
MG220428	METAMDBG-MetaBAT2Refined-group-group_220428.152	True	per-sample `GenomeBinning/QC/gunc_summary.tsv`
MG220428	METAMDBG-MetaBAT2Refined-group-group_220428.155_sub	True	per-sample `GenomeBinning/QC/gunc_summary.tsv`
MG220428	METAMDBG-MetaBAT2Refined-group-group_220428.157	True	per-sample `GenomeBinning/QC/gunc_summary.tsv`
MG220428	METAMDBG-MetaBAT2Refined-group-group_220428.165_sub	True	per-sample `GenomeBinning/QC/gunc_summary.tsv`
MG220428	METAMDBG-MetaBAT2Refined-group-group_220428.169_sub	True	per-sample `GenomeBinning/QC/gunc_summary.tsv`
MG220428	METAMDBG-MetaBAT2Refined-group-group_220428.173	True	per-sample `GenomeBinning/QC/gunc_summary.tsv`
MG220428	METAMDBG-MetaBAT2Refined-group-group_220428.19	True	per-sample `GenomeBinning/QC/gunc_summary.tsv`
MG220428	METAMDBG-MetaBAT2Refined-group-group_220428.232_sub	True	per-sample `GenomeBinning/QC/gunc_summary.tsv`
MG220428	METAMDBG-MetaBAT2Refined-group-group_220428.65_sub	True	per-sample `GenomeBinning/QC/gunc_summary.tsv`
MG220428	METAMDBG-MetaBAT2Refined-group-group_220428.66	True	per-sample `GenomeBinning/QC/gunc_summary.tsv`
MG220428	METAMDBG-MetaBAT2Refined-group-group_220428.71_sub	False	per-sample `GenomeBinning/QC/gunc_summary.tsv`
MG220428	METAMDBG-MetaBAT2Refined-group-group_220428.75	True	per-sample `GenomeBinning/QC/gunc_summary.tsv`
MG220428	METAMDBG-MetaBAT2Refined-group-group_220428.77_sub	True	per-sample `GenomeBinning/QC/gunc_summary.tsv`
MG220428	METAMDBG-MetaBAT2Refined-group-group_220428.93_sub	True	per-sample `GenomeBinning/QC/gunc_summary.tsv`
MG220428	METAMDBG-MetaBAT2Refined-group-group_220428.95	True	per-sample `GenomeBinning/QC/gunc_summary.tsv`
MG220428	METAMDBG-MetaBinnerRefined-group-group_220428.10_sub	True	per-sample `GenomeBinning/QC/gunc_summary.tsv`
MG220428	METAMDBG-MetaBinnerRefined-group-group_220428.11_sub	True	per-sample `GenomeBinning/QC/gunc_summary.tsv`
MG220428	METAMDBG-MetaBinnerRefined-group-group_220428.16_sub	True	per-sample `GenomeBinning/QC/gunc_summary.tsv`
MG220428	METAMDBG-MetaBinnerRefined-group-group_220428.1_sub	True	per-sample `GenomeBinning/QC/gunc_summary.tsv`
MG220428	METAMDBG-MetaBinnerRefined-group-group_220428.21_sub	True	per-sample `GenomeBinning/QC/gunc_summary.tsv`
MG220428	METAMDBG-MetaBinnerRefined-group-group_220428.23_sub	True	per-sample `GenomeBinning/QC/gunc_summary.tsv`
MG220428	METAMDBG-MetaBinnerRefined-group-group_220428.26	True	per-sample `GenomeBinning/QC/gunc_summary.tsv`
MG220428	METAMDBG-MetaBinnerRefined-group-group_220428.27	False	per-sample `GenomeBinning/QC/gunc_summary.tsv`
MG220428	METAMDBG-MetaBinnerRefined-group-group_220428.28	True	per-sample `GenomeBinning/QC/gunc_summary.tsv`
MG220428	METAMDBG-MetaBinnerRefined-group-group_220428.29_sub	True	per-sample `GenomeBinning/QC/gunc_summary.tsv`
MG220428	METAMDBG-MetaBinnerRefined-group-group_220428.36	True	per-sample `GenomeBinning/QC/gunc_summary.tsv`
MG220428	METAMDBG-MetaBinnerRefined-group-group_220428.39_sub	True	per-sample `GenomeBinning/QC/gunc_summary.tsv`
MG220428	METAMDBG-MetaBinnerRefined-group-group_220428.41_sub	True	per-sample `GenomeBinning/QC/gunc_summary.tsv`
MG220428	METAMDBG-MetaBinnerRefined-group-group_220428.44	True	per-sample `GenomeBinning/QC/gunc_summary.tsv`
MG220428	METAMDBG-MetaBinnerRefined-group-group_220428.49_sub	False	per-sample `GenomeBinning/QC/gunc_summary.tsv`
MG220428	METAMDBG-MetaBinnerRefined-group-group_220428.50_sub	True	per-sample `GenomeBinning/QC/gunc_summary.tsv`
MG220428	METAMDBG-MetaBinnerRefined-group-group_220428.52	True	per-sample `GenomeBinning/QC/gunc_summary.tsv`
MG220428	METAMDBG-MetaBinnerRefined-group-group_220428.56_sub	False	per-sample `GenomeBinning/QC/gunc_summary.tsv`
MG220428	METAMDBG-MetaBinnerRefined-group-group_220428.6	True	per-sample `GenomeBinning/QC/gunc_summary.tsv`
MG220428	METAMDBG-MetaBinnerRefined-group-group_220428.60_sub	False	per-sample `GenomeBinning/QC/gunc_summary.tsv`
MG220428	METAMDBG-MetaBinnerRefined-group-group_220428.61_sub	False	per-sample `GenomeBinning/QC/gunc_summary.tsv`
MG220428	METAMDBG-MetaBinnerRefined-group-group_220428.64	True	per-sample `GenomeBinning/QC/gunc_summary.tsv`
MG220428	METAMDBG-MetaBinnerRefined-group-group_220428.70_sub	True	per-sample `GenomeBinning/QC/gunc_summary.tsv`
MG220428	METAMDBG-MetaBinnerRefined-group-group_220428.9	True	per-sample `GenomeBinning/QC/gunc_summary.tsv`
MG220428	METAMDBG-SemiBin2Refined-group-group_220428.13	True	per-sample `GenomeBinning/QC/gunc_summary.tsv`
MG220428	METAMDBG-SemiBin2Refined-group-group_220428.14	True	per-sample `GenomeBinning/QC/gunc_summary.tsv`
MG220428	METAMDBG-SemiBin2Refined-group-group_220428.16_sub	True	per-sample `GenomeBinning/QC/gunc_summary.tsv`
MG220428	METAMDBG-SemiBin2Refined-group-group_220428.18	True	per-sample `GenomeBinning/QC/gunc_summary.tsv`
MG220428	METAMDBG-SemiBin2Refined-group-group_220428.21	True	per-sample `GenomeBinning/QC/gunc_summary.tsv`
MG220428	METAMDBG-SemiBin2Refined-group-group_220428.217_sub	True	per-sample `GenomeBinning/QC/gunc_summary.tsv`
MG220428	METAMDBG-SemiBin2Refined-group-group_220428.28	True	per-sample `GenomeBinning/QC/gunc_summary.tsv`
MG220428	METAMDBG-SemiBin2Refined-group-group_220428.3	True	per-sample `GenomeBinning/QC/gunc_summary.tsv`
MG220428	METAMDBG-SemiBin2Refined-group-group_220428.4	True	per-sample `GenomeBinning/QC/gunc_summary.tsv`
MG220428	METAMDBG-SemiBin2Refined-group-group_220428.6	True	per-sample `GenomeBinning/QC/gunc_summary.tsv`
MG220428	METAMDBG-SemiBin2Refined-group-group_220428.62	True	per-sample `GenomeBinning/QC/gunc_summary.tsv`
MG220428	METAMDBG-SemiBin2Refined-group-group_220428.7	True	per-sample `GenomeBinning/QC/gunc_summary.tsv`
MG220428	METAMDBG-SemiBin2Refined-group-group_220428.8	True	per-sample `GenomeBinning/QC/gunc_summary.tsv`
MG220428	METAMDBG-SemiBin2Refined-group-group_220428.9	True	per-sample `GenomeBinning/QC/gunc_summary.tsv`
MG220428	METAMDBG-SemiBin2Refined-group-group_220428.91_sub	True	per-sample `GenomeBinning/QC/gunc_summary.tsv`
MG220428	METAMDBG-DASToolUnbinned-group-group_220428	False	per-sample `GenomeBinning/QC/gunc_summary.tsv`
MG220428	FLYE-DASToolUnbinned-group-group_220428	False	per-sample `GenomeBinning/QC/gunc_summary.tsv`
MG220629	METAMDBG-MaxBin2Refined-group-group_220629.003_sub	True	per-sample `GenomeBinning/QC/gunc_summary.tsv`
MG220629	METAMDBG-MaxBin2Refined-group-group_220629.011	True	per-sample `GenomeBinning/QC/gunc_summary.tsv`
MG220629	METAMDBG-MetaBAT2Refined-group-group_220629.18	False	per-sample `GenomeBinning/QC/gunc_summary.tsv`
MG220629	METAMDBG-MetaBinnerRefined-group-group_220629.2_sub	True	per-sample `GenomeBinning/QC/gunc_summary.tsv`
MG220629	METAMDBG-MetaBinnerRefined-group-group_220629.6_sub	True	per-sample `GenomeBinning/QC/gunc_summary.tsv`
MG220629	METAMDBG-MetaBinnerRefined-group-group_220629.9	False	per-sample `GenomeBinning/QC/gunc_summary.tsv`
MG220629	METAMDBG-DASToolUnbinned-group-group_220629	False	per-sample `GenomeBinning/QC/gunc_summary.tsv`
MG220909	FLYE-DASToolUnbinned-group-group_220909	False	per-sample `GenomeBinning/QC/gunc_summary.tsv`
MG220909	METAMDBG-DASToolUnbinned-group-group_220909	False	per-sample `GenomeBinning/QC/gunc_summary.tsv`
MG220909	METAMDBG-CONCOCTRefined-group-group_220909.19_sub	False	per-sample `GenomeBinning/QC/gunc_summary.tsv`
MG220909	METAMDBG-CONCOCTRefined-group-group_220909.64	False	per-sample `GenomeBinning/QC/gunc_summary.tsv`
MG220909	METAMDBG-MaxBin2Refined-group-group_220909.004	True	per-sample `GenomeBinning/QC/gunc_summary.tsv`
MG220909	METAMDBG-MaxBin2Refined-group-group_220909.013_sub	False	per-sample `GenomeBinning/QC/gunc_summary.tsv`
MG220909	METAMDBG-MaxBin2Refined-group-group_220909.026_sub	True	per-sample `GenomeBinning/QC/gunc_summary.tsv`
MG220909	METAMDBG-MaxBin2Refined-group-group_220909.032	False	per-sample `GenomeBinning/QC/gunc_summary.tsv`
MG220909	METAMDBG-MaxBin2Refined-group-group_220909.033_sub	False	per-sample `GenomeBinning/QC/gunc_summary.tsv`
MG220909	METAMDBG-MaxBin2Refined-group-group_220909.035_sub	False	per-sample `GenomeBinning/QC/gunc_summary.tsv`
MG220909	METAMDBG-MaxBin2Refined-group-group_220909.043	True	per-sample `GenomeBinning/QC/gunc_summary.tsv`
MG220909	METAMDBG-MetaBAT2Refined-group-group_220909.32	True	per-sample `GenomeBinning/QC/gunc_summary.tsv`
MG220909	METAMDBG-MetaBAT2Refined-group-group_220909.61	True	per-sample `GenomeBinning/QC/gunc_summary.tsv`
MG220909	METAMDBG-MetaBinnerRefined-group-group_220909.3	True	per-sample `GenomeBinning/QC/gunc_summary.tsv`
MG220909	METAMDBG-SemiBin2Refined-group-group_220909.0	True	per-sample `GenomeBinning/QC/gunc_summary.tsv`
MG220909	METAMDBG-SemiBin2Refined-group-group_220909.4	True	per-sample `GenomeBinning/QC/gunc_summary.tsv`
MG220909	METAMDBG-SemiBin2Refined-group-group_220909.58_sub	True	per-sample `GenomeBinning/QC/gunc_summary.tsv`
MG220909	FLYE-MaxBin2Refined-group-group_220909.004	False	per-sample `GenomeBinning/QC/gunc_summary.tsv`
MG220909	FLYE-MaxBin2Refined-group-group_220909.010_sub	False	per-sample `GenomeBinning/QC/gunc_summary.tsv`
MG220909	FLYE-MetaBAT2Refined-group-group_220909.13	True	per-sample `GenomeBinning/QC/gunc_summary.tsv`
MG220909	FLYE-MetaBAT2Refined-group-group_220909.22_sub	True	per-sample `GenomeBinning/QC/gunc_summary.tsv`
MG220909	FLYE-MetaBinnerRefined-group-group_220909.6_sub	True	per-sample `GenomeBinning/QC/gunc_summary.tsv`
MG220909	FLYE-MetaBinnerRefined-group-group_220909.8	True	per-sample `GenomeBinning/QC/gunc_summary.tsv`
MG220909	FLYE-SemiBin2Refined-group-group_220909.3	True	per-sample `GenomeBinning/QC/gunc_summary.tsv`
MG220909	FLYE-SemiBin2Refined-group-group_220909.43	True	per-sample `GenomeBinning/QC/gunc_summary.tsv`
MG220909	FLYE-SemiBin2Refined-group-group_220909.52_sub	True	per-sample `GenomeBinning/QC/gunc_summary.tsv`
MG221021	METAMDBG-DASToolUnbinned-group-group_221021	False	per-sample `GenomeBinning/QC/gunc_summary.tsv`
MG221021	METAMDBG-CONCOCTRefined-group-group_221021.106	True	per-sample `GenomeBinning/QC/gunc_summary.tsv`
MG221021	METAMDBG-CONCOCTRefined-group-group_221021.137_sub	False	per-sample `GenomeBinning/QC/gunc_summary.tsv`
MG221021	METAMDBG-CONCOCTRefined-group-group_221021.149_sub	True	per-sample `GenomeBinning/QC/gunc_summary.tsv`
MG221021	METAMDBG-CONCOCTRefined-group-group_221021.150_sub	True	per-sample `GenomeBinning/QC/gunc_summary.tsv`
MG221021	METAMDBG-CONCOCTRefined-group-group_221021.16_sub	True	per-sample `GenomeBinning/QC/gunc_summary.tsv`
MG221021	METAMDBG-CONCOCTRefined-group-group_221021.23_sub	True	per-sample `GenomeBinning/QC/gunc_summary.tsv`
MG221021	METAMDBG-CONCOCTRefined-group-group_221021.38	True	per-sample `GenomeBinning/QC/gunc_summary.tsv`
MG221021	METAMDBG-CONCOCTRefined-group-group_221021.55_sub	True	per-sample `GenomeBinning/QC/gunc_summary.tsv`
MG221021	METAMDBG-CONCOCTRefined-group-group_221021.56	True	per-sample `GenomeBinning/QC/gunc_summary.tsv`
MG221021	METAMDBG-CONCOCTRefined-group-group_221021.63_sub	False	per-sample `GenomeBinning/QC/gunc_summary.tsv`
MG221021	METAMDBG-CONCOCTRefined-group-group_221021.65_sub	True	per-sample `GenomeBinning/QC/gunc_summary.tsv`
MG221021	METAMDBG-CONCOCTRefined-group-group_221021.68_sub	False	per-sample `GenomeBinning/QC/gunc_summary.tsv`
MG221021	METAMDBG-CONCOCTRefined-group-group_221021.6_sub	True	per-sample `GenomeBinning/QC/gunc_summary.tsv`
MG221021	METAMDBG-CONCOCTRefined-group-group_221021.88_sub	True	per-sample `GenomeBinning/QC/gunc_summary.tsv`
MG221021	METAMDBG-MaxBin2Refined-group-group_221021.026_sub	False	per-sample `GenomeBinning/QC/gunc_summary.tsv`
MG221021	METAMDBG-MaxBin2Refined-group-group_221021.030_sub	True	per-sample `GenomeBinning/QC/gunc_summary.tsv`
MG221021	METAMDBG-MaxBin2Refined-group-group_221021.062_sub	False	per-sample `GenomeBinning/QC/gunc_summary.tsv`
MG221021	METAMDBG-MaxBin2Refined-group-group_221021.064_sub	True	per-sample `GenomeBinning/QC/gunc_summary.tsv`
MG221021	METAMDBG-MaxBin2Refined-group-group_221021.085_sub	False	per-sample `GenomeBinning/QC/gunc_summary.tsv`
MG221021	METAMDBG-MaxBin2Refined-group-group_221021.096_sub	True	per-sample `GenomeBinning/QC/gunc_summary.tsv`
MG221021	METAMDBG-MaxBin2Refined-group-group_221021.107_sub	False	per-sample `GenomeBinning/QC/gunc_summary.tsv`
MG221021	METAMDBG-MaxBin2Refined-group-group_221021.111_sub	False	per-sample `GenomeBinning/QC/gunc_summary.tsv`
MG221021	METAMDBG-MaxBin2Refined-group-group_221021.113_sub	False	per-sample `GenomeBinning/QC/gunc_summary.tsv`
MG221021	METAMDBG-MaxBin2Refined-group-group_221021.115_sub	True	per-sample `GenomeBinning/QC/gunc_summary.tsv`
MG221021	METAMDBG-MetaBAT2Refined-group-group_221021.1	True	per-sample `GenomeBinning/QC/gunc_summary.tsv`
MG221021	METAMDBG-MetaBAT2Refined-group-group_221021.103_sub	False	per-sample `GenomeBinning/QC/gunc_summary.tsv`
MG221021	METAMDBG-MetaBAT2Refined-group-group_221021.138_sub	True	per-sample `GenomeBinning/QC/gunc_summary.tsv`
MG221021	METAMDBG-MetaBAT2Refined-group-group_221021.141_sub	True	per-sample `GenomeBinning/QC/gunc_summary.tsv`
MG221021	METAMDBG-MetaBAT2Refined-group-group_221021.154_sub	True	per-sample `GenomeBinning/QC/gunc_summary.tsv`
MG221021	METAMDBG-MetaBAT2Refined-group-group_221021.164_sub	True	per-sample `GenomeBinning/QC/gunc_summary.tsv`
MG221021	METAMDBG-MetaBAT2Refined-group-group_221021.215	True	per-sample `GenomeBinning/QC/gunc_summary.tsv`
MG221021	METAMDBG-MetaBAT2Refined-group-group_221021.221_sub	False	per-sample `GenomeBinning/QC/gunc_summary.tsv`
MG221021	METAMDBG-MetaBAT2Refined-group-group_221021.222	True	per-sample `GenomeBinning/QC/gunc_summary.tsv`
MG221021	METAMDBG-MetaBAT2Refined-group-group_221021.231_sub	True	per-sample `GenomeBinning/QC/gunc_summary.tsv`
MG221021	METAMDBG-MetaBAT2Refined-group-group_221021.234	True	per-sample `GenomeBinning/QC/gunc_summary.tsv`
MG221021	METAMDBG-MetaBAT2Refined-group-group_221021.245	True	per-sample `GenomeBinning/QC/gunc_summary.tsv`
MG221021	METAMDBG-MetaBAT2Refined-group-group_221021.264_sub	True	per-sample `GenomeBinning/QC/gunc_summary.tsv`
MG221021	METAMDBG-MetaBAT2Refined-group-group_221021.50	True	per-sample `GenomeBinning/QC/gunc_summary.tsv`
MG221021	METAMDBG-MetaBAT2Refined-group-group_221021.53_sub	False	per-sample `GenomeBinning/QC/gunc_summary.tsv`
MG221021	METAMDBG-MetaBAT2Refined-group-group_221021.54	True	per-sample `GenomeBinning/QC/gunc_summary.tsv`
MG221021	METAMDBG-MetaBAT2Refined-group-group_221021.55	True	per-sample `GenomeBinning/QC/gunc_summary.tsv`
MG221021	METAMDBG-MetaBAT2Refined-group-group_221021.98_sub	False	per-sample `GenomeBinning/QC/gunc_summary.tsv`
MG221021	METAMDBG-MetaBinnerRefined-group-group_221021.1	True	per-sample `GenomeBinning/QC/gunc_summary.tsv`
MG221021	METAMDBG-MetaBinnerRefined-group-group_221021.13	True	per-sample `GenomeBinning/QC/gunc_summary.tsv`
MG221021	METAMDBG-MetaBinnerRefined-group-group_221021.16	True	per-sample `GenomeBinning/QC/gunc_summary.tsv`
MG221021	METAMDBG-MetaBinnerRefined-group-group_221021.2	True	per-sample `GenomeBinning/QC/gunc_summary.tsv`
MG221021	METAMDBG-MetaBinnerRefined-group-group_221021.27_sub	False	per-sample `GenomeBinning/QC/gunc_summary.tsv`
MG221021	METAMDBG-MetaBinnerRefined-group-group_221021.29	False	per-sample `GenomeBinning/QC/gunc_summary.tsv`
MG221021	METAMDBG-MetaBinnerRefined-group-group_221021.34	True	per-sample `GenomeBinning/QC/gunc_summary.tsv`
MG221021	METAMDBG-MetaBinnerRefined-group-group_221021.35_sub	False	per-sample `GenomeBinning/QC/gunc_summary.tsv`
MG221021	METAMDBG-MetaBinnerRefined-group-group_221021.39_sub	False	per-sample `GenomeBinning/QC/gunc_summary.tsv`
MG221021	METAMDBG-MetaBinnerRefined-group-group_221021.44_sub	True	per-sample `GenomeBinning/QC/gunc_summary.tsv`
MG221021	METAMDBG-MetaBinnerRefined-group-group_221021.46	True	per-sample `GenomeBinning/QC/gunc_summary.tsv`
MG221021	METAMDBG-MetaBinnerRefined-group-group_221021.47_sub	True	per-sample `GenomeBinning/QC/gunc_summary.tsv`
MG221021	METAMDBG-MetaBinnerRefined-group-group_221021.4_sub	True	per-sample `GenomeBinning/QC/gunc_summary.tsv`
MG221021	METAMDBG-MetaBinnerRefined-group-group_221021.5	True	per-sample `GenomeBinning/QC/gunc_summary.tsv`
MG221021	METAMDBG-MetaBinnerRefined-group-group_221021.52_sub	False	per-sample `GenomeBinning/QC/gunc_summary.tsv`
MG221021	METAMDBG-MetaBinnerRefined-group-group_221021.55_sub	True	per-sample `GenomeBinning/QC/gunc_summary.tsv`
MG221021	METAMDBG-MetaBinnerRefined-group-group_221021.58	True	per-sample `GenomeBinning/QC/gunc_summary.tsv`
MG221021	METAMDBG-MetaBinnerRefined-group-group_221021.6	True	per-sample `GenomeBinning/QC/gunc_summary.tsv`
MG221021	METAMDBG-MetaBinnerRefined-group-group_221021.62	False	per-sample `GenomeBinning/QC/gunc_summary.tsv`
MG221021	METAMDBG-MetaBinnerRefined-group-group_221021.68_sub	True	per-sample `GenomeBinning/QC/gunc_summary.tsv`
MG221021	METAMDBG-SemiBin2Refined-group-group_221021.1	True	per-sample `GenomeBinning/QC/gunc_summary.tsv`
MG221021	METAMDBG-SemiBin2Refined-group-group_221021.19	True	per-sample `GenomeBinning/QC/gunc_summary.tsv`
MG221021	METAMDBG-SemiBin2Refined-group-group_221021.218_sub	True	per-sample `GenomeBinning/QC/gunc_summary.tsv`
MG221021	METAMDBG-SemiBin2Refined-group-group_221021.219	True	per-sample `GenomeBinning/QC/gunc_summary.tsv`
MG221021	METAMDBG-SemiBin2Refined-group-group_221021.21_sub	True	per-sample `GenomeBinning/QC/gunc_summary.tsv`
MG221021	METAMDBG-SemiBin2Refined-group-group_221021.222	True	per-sample `GenomeBinning/QC/gunc_summary.tsv`
MG221021	METAMDBG-SemiBin2Refined-group-group_221021.23	True	per-sample `GenomeBinning/QC/gunc_summary.tsv`
MG221021	METAMDBG-SemiBin2Refined-group-group_221021.234	False	per-sample `GenomeBinning/QC/gunc_summary.tsv`
MG221021	METAMDBG-SemiBin2Refined-group-group_221021.237_sub	True	per-sample `GenomeBinning/QC/gunc_summary.tsv`
MG221021	METAMDBG-SemiBin2Refined-group-group_221021.244_sub	False	per-sample `GenomeBinning/QC/gunc_summary.tsv`
MG221021	METAMDBG-SemiBin2Refined-group-group_221021.4	True	per-sample `GenomeBinning/QC/gunc_summary.tsv`
MG221021	METAMDBG-SemiBin2Refined-group-group_221021.5	True	per-sample `GenomeBinning/QC/gunc_summary.tsv`
MG221021	METAMDBG-SemiBin2Refined-group-group_221021.7_sub	True	per-sample `GenomeBinning/QC/gunc_summary.tsv`
MG221021	FLYE-CONCOCTRefined-group-group_221021.110	False	per-sample `GenomeBinning/QC/gunc_summary.tsv`
MG221021	FLYE-CONCOCTRefined-group-group_221021.53	True	per-sample `GenomeBinning/QC/gunc_summary.tsv`
MG221021	FLYE-CONCOCTRefined-group-group_221021.58	True	per-sample `GenomeBinning/QC/gunc_summary.tsv`
MG221021	FLYE-CONCOCTRefined-group-group_221021.87	True	per-sample `GenomeBinning/QC/gunc_summary.tsv`
MG221021	FLYE-CONCOCTRefined-group-group_221021.93	True	per-sample `GenomeBinning/QC/gunc_summary.tsv`
MG221021	FLYE-MaxBin2Refined-group-group_221021.001	True	per-sample `GenomeBinning/QC/gunc_summary.tsv`
MG221021	FLYE-MaxBin2Refined-group-group_221021.005	True	per-sample `GenomeBinning/QC/gunc_summary.tsv`
MG221021	FLYE-MaxBin2Refined-group-group_221021.042_sub	True	per-sample `GenomeBinning/QC/gunc_summary.tsv`
MG221021	FLYE-MetaBAT2Refined-group-group_221021.108	True	per-sample `GenomeBinning/QC/gunc_summary.tsv`
MG221021	FLYE-MetaBAT2Refined-group-group_221021.10_sub	True	per-sample `GenomeBinning/QC/gunc_summary.tsv`
MG221021	FLYE-MetaBAT2Refined-group-group_221021.120	True	per-sample `GenomeBinning/QC/gunc_summary.tsv`
MG221021	FLYE-MetaBAT2Refined-group-group_221021.42	True	per-sample `GenomeBinning/QC/gunc_summary.tsv`
MG221021	FLYE-MetaBAT2Refined-group-group_221021.56_sub	True	per-sample `GenomeBinning/QC/gunc_summary.tsv`
MG221021	FLYE-MetaBAT2Refined-group-group_221021.6	True	per-sample `GenomeBinning/QC/gunc_summary.tsv`
MG221021	FLYE-MetaBAT2Refined-group-group_221021.60	True	per-sample `GenomeBinning/QC/gunc_summary.tsv`
MG221021	FLYE-MetaBAT2Refined-group-group_221021.66	True	per-sample `GenomeBinning/QC/gunc_summary.tsv`
MG221021	FLYE-MetaBAT2Refined-group-group_221021.72	True	per-sample `GenomeBinning/QC/gunc_summary.tsv`
MG221021	FLYE-MetaBAT2Refined-group-group_221021.79_sub	True	per-sample `GenomeBinning/QC/gunc_summary.tsv`
MG221021	FLYE-MetaBinnerRefined-group-group_221021.1	True	per-sample `GenomeBinning/QC/gunc_summary.tsv`
MG221021	FLYE-MetaBinnerRefined-group-group_221021.15	True	per-sample `GenomeBinning/QC/gunc_summary.tsv`
MG221021	FLYE-MetaBinnerRefined-group-group_221021.17_sub	False	per-sample `GenomeBinning/QC/gunc_summary.tsv`
MG221021	FLYE-MetaBinnerRefined-group-group_221021.26	True	per-sample `GenomeBinning/QC/gunc_summary.tsv`
MG221021	FLYE-MetaBinnerRefined-group-group_221021.27_sub	True	per-sample `GenomeBinning/QC/gunc_summary.tsv`
MG221021	FLYE-MetaBinnerRefined-group-group_221021.3	True	per-sample `GenomeBinning/QC/gunc_summary.tsv`
MG221021	FLYE-MetaBinnerRefined-group-group_221021.32	True	per-sample `GenomeBinning/QC/gunc_summary.tsv`
MG221021	FLYE-MetaBinnerRefined-group-group_221021.35	True	per-sample `GenomeBinning/QC/gunc_summary.tsv`
MG221021	FLYE-MetaBinnerRefined-group-group_221021.9	True	per-sample `GenomeBinning/QC/gunc_summary.tsv`
MG221021	FLYE-SemiBin2Refined-group-group_221021.14	True	per-sample `GenomeBinning/QC/gunc_summary.tsv`
MG221021	FLYE-SemiBin2Refined-group-group_221021.15	True	per-sample `GenomeBinning/QC/gunc_summary.tsv`
MG221021	FLYE-SemiBin2Refined-group-group_221021.17	True	per-sample `GenomeBinning/QC/gunc_summary.tsv`
MG221021	FLYE-SemiBin2Refined-group-group_221021.22	True	per-sample `GenomeBinning/QC/gunc_summary.tsv`
MG221021	FLYE-SemiBin2Refined-group-group_221021.3	True	per-sample `GenomeBinning/QC/gunc_summary.tsv`
MG221021	FLYE-SemiBin2Refined-group-group_221021.5	True	per-sample `GenomeBinning/QC/gunc_summary.tsv`
MG221021	FLYE-SemiBin2Refined-group-group_221021.50	True	per-sample `GenomeBinning/QC/gunc_summary.tsv`
MG221021	FLYE-SemiBin2Refined-group-group_221021.75	True	per-sample `GenomeBinning/QC/gunc_summary.tsv`
MG221021	FLYE-DASToolUnbinned-group-group_221021	False	per-sample `GenomeBinning/QC/gunc_summary.tsv`
MG221216	FLYE-DASToolUnbinned-group-group_221216	False	per-sample `GenomeBinning/QC/gunc_summary.tsv`
MG221216	METAMDBG-DASToolUnbinned-group-group_221216	False	per-sample `GenomeBinning/QC/gunc_summary.tsv`
MG221216	METAMDBG-CONCOCTRefined-group-group_221216.0_sub	True	per-sample `GenomeBinning/QC/gunc_summary.tsv`
MG221216	METAMDBG-CONCOCTRefined-group-group_221216.18_sub	False	per-sample `GenomeBinning/QC/gunc_summary.tsv`
MG221216	METAMDBG-MaxBin2Refined-group-group_221216.001	True	per-sample `GenomeBinning/QC/gunc_summary.tsv`
MG221216	METAMDBG-MaxBin2Refined-group-group_221216.002	True	per-sample `GenomeBinning/QC/gunc_summary.tsv`
MG221216	METAMDBG-MaxBin2Refined-group-group_221216.003	True	per-sample `GenomeBinning/QC/gunc_summary.tsv`
MG221216	METAMDBG-MaxBin2Refined-group-group_221216.010_sub	False	per-sample `GenomeBinning/QC/gunc_summary.tsv`
MG221216	METAMDBG-MaxBin2Refined-group-group_221216.012_sub	True	per-sample `GenomeBinning/QC/gunc_summary.tsv`
MG221216	METAMDBG-MaxBin2Refined-group-group_221216.030_sub	False	per-sample `GenomeBinning/QC/gunc_summary.tsv`
MG221216	METAMDBG-MaxBin2Refined-group-group_221216.035_sub	False	per-sample `GenomeBinning/QC/gunc_summary.tsv`
MG221216	METAMDBG-MaxBin2Refined-group-group_221216.041_sub	False	per-sample `GenomeBinning/QC/gunc_summary.tsv`
MG221216	METAMDBG-MaxBin2Refined-group-group_221216.072_sub	False	per-sample `GenomeBinning/QC/gunc_summary.tsv`
MG221216	METAMDBG-MetaBinnerRefined-group-group_221216.1	True	per-sample `GenomeBinning/QC/gunc_summary.tsv`
MG221216	METAMDBG-MetaBinnerRefined-group-group_221216.11	False	per-sample `GenomeBinning/QC/gunc_summary.tsv`
MG221216	METAMDBG-MetaBinnerRefined-group-group_221216.12	False	per-sample `GenomeBinning/QC/gunc_summary.tsv`
MG221216	METAMDBG-MetaBinnerRefined-group-group_221216.14_sub	False	per-sample `GenomeBinning/QC/gunc_summary.tsv`
MG221216	METAMDBG-MetaBinnerRefined-group-group_221216.18_sub	False	per-sample `GenomeBinning/QC/gunc_summary.tsv`
MG221216	METAMDBG-MetaBinnerRefined-group-group_221216.19_sub	False	per-sample `GenomeBinning/QC/gunc_summary.tsv`
MG221216	METAMDBG-MetaBinnerRefined-group-group_221216.2	True	per-sample `GenomeBinning/QC/gunc_summary.tsv`
MG221216	METAMDBG-MetaBinnerRefined-group-group_221216.20_sub	False	per-sample `GenomeBinning/QC/gunc_summary.tsv`
MG221216	METAMDBG-MetaBinnerRefined-group-group_221216.3	True	per-sample `GenomeBinning/QC/gunc_summary.tsv`
MG221216	METAMDBG-MetaBinnerRefined-group-group_221216.4	True	per-sample `GenomeBinning/QC/gunc_summary.tsv`
MG221216	METAMDBG-MetaBinnerRefined-group-group_221216.5	True	per-sample `GenomeBinning/QC/gunc_summary.tsv`
MG221216	METAMDBG-MetaBinnerRefined-group-group_221216.7_sub	True	per-sample `GenomeBinning/QC/gunc_summary.tsv`
MG221216	METAMDBG-MetaBinnerRefined-group-group_221216.9	False	per-sample `GenomeBinning/QC/gunc_summary.tsv`
MG221216	METAMDBG-SemiBin2Refined-group-group_221216.1	True	per-sample `GenomeBinning/QC/gunc_summary.tsv`
MG221216	METAMDBG-SemiBin2Refined-group-group_221216.137	True	per-sample `GenomeBinning/QC/gunc_summary.tsv`
MG221216	METAMDBG-SemiBin2Refined-group-group_221216.155_sub	True	per-sample `GenomeBinning/QC/gunc_summary.tsv`
MG221216	METAMDBG-SemiBin2Refined-group-group_221216.5	True	per-sample `GenomeBinning/QC/gunc_summary.tsv`
MG221216	FLYE-CONCOCTRefined-group-group_221216.19	True	per-sample `GenomeBinning/QC/gunc_summary.tsv`
MG221216	FLYE-MaxBin2Refined-group-group_221216.001	True	per-sample `GenomeBinning/QC/gunc_summary.tsv`
MG221216	FLYE-MaxBin2Refined-group-group_221216.003	True	per-sample `GenomeBinning/QC/gunc_summary.tsv`
MG221216	FLYE-MaxBin2Refined-group-group_221216.016	False	per-sample `GenomeBinning/QC/gunc_summary.tsv`
MG221216	FLYE-MetaBAT2Refined-group-group_221216.41	True	per-sample `GenomeBinning/QC/gunc_summary.tsv`
MG221216	FLYE-MetaBinnerRefined-group-group_221216.9_sub	False	per-sample `GenomeBinning/QC/gunc_summary.tsv`
MG221216	FLYE-SemiBin2Refined-group-group_221216.3	True	per-sample `GenomeBinning/QC/gunc_summary.tsv`
MG221216	FLYE-SemiBin2Refined-group-group_221216.64	True	per-sample `GenomeBinning/QC/gunc_summary.tsv`
MG230420	FLYE-DASToolUnbinned-group-group_230420	False	per-sample `GenomeBinning/QC/gunc_summary.tsv`
MG230420	FLYE-CONCOCTRefined-group-group_230420.25	True	per-sample `GenomeBinning/QC/gunc_summary.tsv`
MG230420	FLYE-CONCOCTRefined-group-group_230420.34	True	per-sample `GenomeBinning/QC/gunc_summary.tsv`
MG230420	FLYE-CONCOCTRefined-group-group_230420.58	True	per-sample `GenomeBinning/QC/gunc_summary.tsv`
MG230420	FLYE-MaxBin2Refined-group-group_230420.004_sub	True	per-sample `GenomeBinning/QC/gunc_summary.tsv`
MG230420	FLYE-MetaBAT2Refined-group-group_230420.1_sub	True	per-sample `GenomeBinning/QC/gunc_summary.tsv`
MG230420	FLYE-MetaBinnerRefined-group-group_230420.3	True	per-sample `GenomeBinning/QC/gunc_summary.tsv`
MG230420	FLYE-MetaBinnerRefined-group-group_230420.6	True	per-sample `GenomeBinning/QC/gunc_summary.tsv`
MG230420	FLYE-SemiBin2Refined-group-group_230420.1	True	per-sample `GenomeBinning/QC/gunc_summary.tsv`
MG230420	FLYE-SemiBin2Refined-group-group_230420.42	True	per-sample `GenomeBinning/QC/gunc_summary.tsv`
MG230420	FLYE-SemiBin2Refined-group-group_230420.6	True	per-sample `GenomeBinning/QC/gunc_summary.tsv`
MG230420	METAMDBG-CONCOCTRefined-group-group_230420.11_sub	True	per-sample `GenomeBinning/QC/gunc_summary.tsv`
MG230420	METAMDBG-CONCOCTRefined-group-group_230420.26	True	per-sample `GenomeBinning/QC/gunc_summary.tsv`
MG230420	METAMDBG-CONCOCTRefined-group-group_230420.43_sub	False	per-sample `GenomeBinning/QC/gunc_summary.tsv`
MG230420	METAMDBG-MaxBin2Refined-group-group_230420.011_sub	False	per-sample `GenomeBinning/QC/gunc_summary.tsv`
MG230420	METAMDBG-MaxBin2Refined-group-group_230420.012	False	per-sample `GenomeBinning/QC/gunc_summary.tsv`
MG230420	METAMDBG-MaxBin2Refined-group-group_230420.015_sub	False	per-sample `GenomeBinning/QC/gunc_summary.tsv`
MG230420	METAMDBG-MaxBin2Refined-group-group_230420.016_sub	False	per-sample `GenomeBinning/QC/gunc_summary.tsv`
MG230420	METAMDBG-MaxBin2Refined-group-group_230420.021_sub	False	per-sample `GenomeBinning/QC/gunc_summary.tsv`
MG230420	METAMDBG-MaxBin2Refined-group-group_230420.023_sub	False	per-sample `GenomeBinning/QC/gunc_summary.tsv`
MG230420	METAMDBG-MaxBin2Refined-group-group_230420.033_sub	False	per-sample `GenomeBinning/QC/gunc_summary.tsv`
MG230420	METAMDBG-MaxBin2Refined-group-group_230420.042_sub	False	per-sample `GenomeBinning/QC/gunc_summary.tsv`
MG230420	METAMDBG-MetaBAT2Refined-group-group_230420.118_sub	True	per-sample `GenomeBinning/QC/gunc_summary.tsv`
MG230420	METAMDBG-MetaBAT2Refined-group-group_230420.19	False	per-sample `GenomeBinning/QC/gunc_summary.tsv`
MG230420	METAMDBG-MetaBAT2Refined-group-group_230420.20	True	per-sample `GenomeBinning/QC/gunc_summary.tsv`
MG230420	METAMDBG-MetaBAT2Refined-group-group_230420.41_sub	True	per-sample `GenomeBinning/QC/gunc_summary.tsv`
MG230420	METAMDBG-MetaBAT2Refined-group-group_230420.91	False	per-sample `GenomeBinning/QC/gunc_summary.tsv`
MG230420	METAMDBG-MetaBinnerRefined-group-group_230420.1	True	per-sample `GenomeBinning/QC/gunc_summary.tsv`
MG230420	METAMDBG-MetaBinnerRefined-group-group_230420.12_sub	True	per-sample `GenomeBinning/QC/gunc_summary.tsv`
MG230420	METAMDBG-MetaBinnerRefined-group-group_230420.15_sub	False	per-sample `GenomeBinning/QC/gunc_summary.tsv`
MG230420	METAMDBG-MetaBinnerRefined-group-group_230420.16_sub	True	per-sample `GenomeBinning/QC/gunc_summary.tsv`
MG230420	METAMDBG-MetaBinnerRefined-group-group_230420.18	False	per-sample `GenomeBinning/QC/gunc_summary.tsv`
MG230420	METAMDBG-MetaBinnerRefined-group-group_230420.2	True	per-sample `GenomeBinning/QC/gunc_summary.tsv`
MG230420	METAMDBG-MetaBinnerRefined-group-group_230420.20_sub	False	per-sample `GenomeBinning/QC/gunc_summary.tsv`
MG230420	METAMDBG-SemiBin2Refined-group-group_230420.25	True	per-sample `GenomeBinning/QC/gunc_summary.tsv`
MG230420	METAMDBG-SemiBin2Refined-group-group_230420.4	True	per-sample `GenomeBinning/QC/gunc_summary.tsv`
MG230420	METAMDBG-SemiBin2Refined-group-group_230420.6	True	per-sample `GenomeBinning/QC/gunc_summary.tsv`
MG230420	METAMDBG-SemiBin2Refined-group-group_230420.9	True	per-sample `GenomeBinning/QC/gunc_summary.tsv`
MG230420	METAMDBG-DASToolUnbinned-group-group_230420	False	per-sample `GenomeBinning/QC/gunc_summary.tsv`
MG230703	METAMDBG-CONCOCTRefined-group-group_230703.72_sub	True	per-sample `GenomeBinning/QC/gunc_summary.tsv`
MG230703	METAMDBG-CONCOCTRefined-group-group_230703.85_sub	False	per-sample `GenomeBinning/QC/gunc_summary.tsv`
MG230703	METAMDBG-MaxBin2Refined-group-group_230703.006_sub	False	per-sample `GenomeBinning/QC/gunc_summary.tsv`
MG230703	METAMDBG-MaxBin2Refined-group-group_230703.008_sub	True	per-sample `GenomeBinning/QC/gunc_summary.tsv`
MG230703	METAMDBG-MaxBin2Refined-group-group_230703.026_sub	False	per-sample `GenomeBinning/QC/gunc_summary.tsv`
MG230703	METAMDBG-MaxBin2Refined-group-group_230703.035_sub	False	per-sample `GenomeBinning/QC/gunc_summary.tsv`
MG230703	METAMDBG-MetaBAT2Refined-group-group_230703.50	True	per-sample `GenomeBinning/QC/gunc_summary.tsv`
MG230703	METAMDBG-MetaBAT2Refined-group-group_230703.71_sub	False	per-sample `GenomeBinning/QC/gunc_summary.tsv`
MG230703	METAMDBG-MetaBinnerRefined-group-group_230703.11	True	per-sample `GenomeBinning/QC/gunc_summary.tsv`
MG230703	METAMDBG-MetaBinnerRefined-group-group_230703.15	False	per-sample `GenomeBinning/QC/gunc_summary.tsv`
MG230703	METAMDBG-MetaBinnerRefined-group-group_230703.16_sub	False	per-sample `GenomeBinning/QC/gunc_summary.tsv`
MG230703	METAMDBG-MetaBinnerRefined-group-group_230703.2	True	per-sample `GenomeBinning/QC/gunc_summary.tsv`
MG230703	METAMDBG-MetaBinnerRefined-group-group_230703.6	True	per-sample `GenomeBinning/QC/gunc_summary.tsv`
MG230703	METAMDBG-SemiBin2Refined-group-group_230703.1	True	per-sample `GenomeBinning/QC/gunc_summary.tsv`
MG230703	METAMDBG-SemiBin2Refined-group-group_230703.16	True	per-sample `GenomeBinning/QC/gunc_summary.tsv`
MG230703	METAMDBG-SemiBin2Refined-group-group_230703.2	True	per-sample `GenomeBinning/QC/gunc_summary.tsv`
MG230703	METAMDBG-SemiBin2Refined-group-group_230703.7_sub	False	per-sample `GenomeBinning/QC/gunc_summary.tsv`
MG230703	METAMDBG-DASToolUnbinned-group-group_230703	False	per-sample `GenomeBinning/QC/gunc_summary.tsv`
MG230703	FLYE-MaxBin2Refined-group-group_230703.007	True	per-sample `GenomeBinning/QC/gunc_summary.tsv`
MG230703	FLYE-MetaBAT2Refined-group-group_230703.14_sub	True	per-sample `GenomeBinning/QC/gunc_summary.tsv`
MG230703	FLYE-MetaBAT2Refined-group-group_230703.21	True	per-sample `GenomeBinning/QC/gunc_summary.tsv`
MG230703	FLYE-MetaBinnerRefined-group-group_230703.2	True	per-sample `GenomeBinning/QC/gunc_summary.tsv`
MG230703	FLYE-MetaBinnerRefined-group-group_230703.4	True	per-sample `GenomeBinning/QC/gunc_summary.tsv`
MG230703	FLYE-SemiBin2Refined-group-group_230703.0	True	per-sample `GenomeBinning/QC/gunc_summary.tsv`
MG230703	FLYE-SemiBin2Refined-group-group_230703.1	True	per-sample `GenomeBinning/QC/gunc_summary.tsv`
MG230703	FLYE-SemiBin2Refined-group-group_230703.2	True	per-sample `GenomeBinning/QC/gunc_summary.tsv`
MG230703	FLYE-SemiBin2Refined-group-group_230703.3	True	per-sample `GenomeBinning/QC/gunc_summary.tsv`
MG230703	FLYE-SemiBin2Refined-group-group_230703.49_sub	True	per-sample `GenomeBinning/QC/gunc_summary.tsv`
MG230703	FLYE-DASToolUnbinned-group-group_230703	False	per-sample `GenomeBinning/QC/gunc_summary.tsv`
MG230906	FLYE-DASToolUnbinned-group-group_230906	False	per-sample `GenomeBinning/QC/gunc_summary.tsv`
MG230906	METAMDBG-MaxBin2Refined-group-group_230906.007_sub	True	per-sample `GenomeBinning/QC/gunc_summary.tsv`
MG230906	METAMDBG-MaxBin2Refined-group-group_230906.024_sub	False	per-sample `GenomeBinning/QC/gunc_summary.tsv`
MG230906	METAMDBG-MaxBin2Refined-group-group_230906.029	True	per-sample `GenomeBinning/QC/gunc_summary.tsv`
MG230906	METAMDBG-MaxBin2Refined-group-group_230906.033	False	per-sample `GenomeBinning/QC/gunc_summary.tsv`
MG230906	METAMDBG-MetaBAT2Refined-group-group_230906.17_sub	True	per-sample `GenomeBinning/QC/gunc_summary.tsv`
MG230906	METAMDBG-MetaBAT2Refined-group-group_230906.2	True	per-sample `GenomeBinning/QC/gunc_summary.tsv`
MG230906	METAMDBG-MetaBAT2Refined-group-group_230906.20	True	per-sample `GenomeBinning/QC/gunc_summary.tsv`
MG230906	METAMDBG-MetaBAT2Refined-group-group_230906.27	True	per-sample `GenomeBinning/QC/gunc_summary.tsv`
MG230906	METAMDBG-MetaBAT2Refined-group-group_230906.58	True	per-sample `GenomeBinning/QC/gunc_summary.tsv`
MG230906	METAMDBG-MetaBinnerRefined-group-group_230906.1	True	per-sample `GenomeBinning/QC/gunc_summary.tsv`
MG230906	METAMDBG-MetaBinnerRefined-group-group_230906.10	False	per-sample `GenomeBinning/QC/gunc_summary.tsv`
MG230906	METAMDBG-MetaBinnerRefined-group-group_230906.2	False	per-sample `GenomeBinning/QC/gunc_summary.tsv`
MG230906	METAMDBG-MetaBinnerRefined-group-group_230906.3_sub	False	per-sample `GenomeBinning/QC/gunc_summary.tsv`
MG230906	METAMDBG-MetaBinnerRefined-group-group_230906.6_sub	False	per-sample `GenomeBinning/QC/gunc_summary.tsv`
MG230906	METAMDBG-SemiBin2Refined-group-group_230906.54	True	per-sample `GenomeBinning/QC/gunc_summary.tsv`
MG230906	METAMDBG-SemiBin2Refined-group-group_230906.65_sub	True	per-sample `GenomeBinning/QC/gunc_summary.tsv`
MG230906	FLYE-MaxBin2Refined-group-group_230906.011_sub	True	per-sample `GenomeBinning/QC/gunc_summary.tsv`
MG230906	FLYE-MetaBAT2Refined-group-group_230906.13	True	per-sample `GenomeBinning/QC/gunc_summary.tsv`
MG230906	FLYE-SemiBin2Refined-group-group_230906.0	True	per-sample `GenomeBinning/QC/gunc_summary.tsv`
MG230906	FLYE-SemiBin2Refined-group-group_230906.1	True	per-sample `GenomeBinning/QC/gunc_summary.tsv`
MG230906	FLYE-SemiBin2Refined-group-group_230906.2	True	per-sample `GenomeBinning/QC/gunc_summary.tsv`
MG230906	FLYE-SemiBin2Refined-group-group_230906.39_sub	True	per-sample `GenomeBinning/QC/gunc_summary.tsv`
MG230906	METAMDBG-DASToolUnbinned-group-group_230906	False	per-sample `GenomeBinning/QC/gunc_summary.tsv`
MG231025	METAMDBG-CONCOCTRefined-group-group_231025.11_sub	False	per-sample `GenomeBinning/QC/gunc_summary.tsv`
MG231025	METAMDBG-CONCOCTRefined-group-group_231025.45_sub	True	per-sample `GenomeBinning/QC/gunc_summary.tsv`
MG231025	METAMDBG-CONCOCTRefined-group-group_231025.48	True	per-sample `GenomeBinning/QC/gunc_summary.tsv`
MG231025	METAMDBG-CONCOCTRefined-group-group_231025.58_sub	False	per-sample `GenomeBinning/QC/gunc_summary.tsv`
MG231025	METAMDBG-CONCOCTRefined-group-group_231025.76	True	per-sample `GenomeBinning/QC/gunc_summary.tsv`
MG231025	METAMDBG-CONCOCTRefined-group-group_231025.87_sub	True	per-sample `GenomeBinning/QC/gunc_summary.tsv`
MG231025	METAMDBG-CONCOCTRefined-group-group_231025.90_sub	True	per-sample `GenomeBinning/QC/gunc_summary.tsv`
MG231025	METAMDBG-CONCOCTRefined-group-group_231025.97_sub	False	per-sample `GenomeBinning/QC/gunc_summary.tsv`
MG231025	METAMDBG-MaxBin2Refined-group-group_231025.029_sub	False	per-sample `GenomeBinning/QC/gunc_summary.tsv`
MG231025	METAMDBG-MaxBin2Refined-group-group_231025.041_sub	False	per-sample `GenomeBinning/QC/gunc_summary.tsv`
MG231025	METAMDBG-MaxBin2Refined-group-group_231025.053_sub	False	per-sample `GenomeBinning/QC/gunc_summary.tsv`
MG231025	METAMDBG-MaxBin2Refined-group-group_231025.055_sub	True	per-sample `GenomeBinning/QC/gunc_summary.tsv`
MG231025	METAMDBG-MetaBAT2Refined-group-group_231025.101	True	per-sample `GenomeBinning/QC/gunc_summary.tsv`
MG231025	METAMDBG-MetaBAT2Refined-group-group_231025.111	True	per-sample `GenomeBinning/QC/gunc_summary.tsv`
MG231025	METAMDBG-MetaBAT2Refined-group-group_231025.118	True	per-sample `GenomeBinning/QC/gunc_summary.tsv`
MG231025	METAMDBG-MetaBAT2Refined-group-group_231025.142_sub	True	per-sample `GenomeBinning/QC/gunc_summary.tsv`
MG231025	METAMDBG-MetaBAT2Refined-group-group_231025.28	True	per-sample `GenomeBinning/QC/gunc_summary.tsv`
MG231025	METAMDBG-MetaBAT2Refined-group-group_231025.48_sub	True	per-sample `GenomeBinning/QC/gunc_summary.tsv`
MG231025	METAMDBG-MetaBAT2Refined-group-group_231025.52_sub	True	per-sample `GenomeBinning/QC/gunc_summary.tsv`
MG231025	METAMDBG-MetaBAT2Refined-group-group_231025.73	True	per-sample `GenomeBinning/QC/gunc_summary.tsv`
MG231025	METAMDBG-MetaBAT2Refined-group-group_231025.82_sub	True	per-sample `GenomeBinning/QC/gunc_summary.tsv`
MG231025	METAMDBG-MetaBinnerRefined-group-group_231025.10_sub	True	per-sample `GenomeBinning/QC/gunc_summary.tsv`
MG231025	METAMDBG-MetaBinnerRefined-group-group_231025.15_sub	False	per-sample `GenomeBinning/QC/gunc_summary.tsv`
MG231025	METAMDBG-MetaBinnerRefined-group-group_231025.16_sub	True	per-sample `GenomeBinning/QC/gunc_summary.tsv`
MG231025	METAMDBG-MetaBinnerRefined-group-group_231025.17	False	per-sample `GenomeBinning/QC/gunc_summary.tsv`
MG231025	METAMDBG-MetaBinnerRefined-group-group_231025.19_sub	False	per-sample `GenomeBinning/QC/gunc_summary.tsv`
MG231025	METAMDBG-MetaBinnerRefined-group-group_231025.20	True	per-sample `GenomeBinning/QC/gunc_summary.tsv`
MG231025	METAMDBG-MetaBinnerRefined-group-group_231025.21	False	per-sample `GenomeBinning/QC/gunc_summary.tsv`
MG231025	METAMDBG-MetaBinnerRefined-group-group_231025.22	False	per-sample `GenomeBinning/QC/gunc_summary.tsv`
MG231025	METAMDBG-MetaBinnerRefined-group-group_231025.23_sub	True	per-sample `GenomeBinning/QC/gunc_summary.tsv`
MG231025	METAMDBG-MetaBinnerRefined-group-group_231025.28	True	per-sample `GenomeBinning/QC/gunc_summary.tsv`
MG231025	METAMDBG-MetaBinnerRefined-group-group_231025.3	True	per-sample `GenomeBinning/QC/gunc_summary.tsv`
MG231025	METAMDBG-MetaBinnerRefined-group-group_231025.33_sub	False	per-sample `GenomeBinning/QC/gunc_summary.tsv`
MG231025	METAMDBG-MetaBinnerRefined-group-group_231025.36_sub	False	per-sample `GenomeBinning/QC/gunc_summary.tsv`
MG231025	METAMDBG-MetaBinnerRefined-group-group_231025.4	False	per-sample `GenomeBinning/QC/gunc_summary.tsv`
MG231025	METAMDBG-MetaBinnerRefined-group-group_231025.5	True	per-sample `GenomeBinning/QC/gunc_summary.tsv`
MG231025	METAMDBG-MetaBinnerRefined-group-group_231025.7	True	per-sample `GenomeBinning/QC/gunc_summary.tsv`
MG231025	METAMDBG-MetaBinnerRefined-group-group_231025.8_sub	True	per-sample `GenomeBinning/QC/gunc_summary.tsv`
MG231025	METAMDBG-MetaBinnerRefined-group-group_231025.9	True	per-sample `GenomeBinning/QC/gunc_summary.tsv`
MG231025	METAMDBG-SemiBin2Refined-group-group_231025.0	True	per-sample `GenomeBinning/QC/gunc_summary.tsv`
MG231025	METAMDBG-SemiBin2Refined-group-group_231025.159_sub	True	per-sample `GenomeBinning/QC/gunc_summary.tsv`
MG231025	METAMDBG-SemiBin2Refined-group-group_231025.16	True	per-sample `GenomeBinning/QC/gunc_summary.tsv`
MG231025	METAMDBG-SemiBin2Refined-group-group_231025.17	True	per-sample `GenomeBinning/QC/gunc_summary.tsv`
MG231025	METAMDBG-SemiBin2Refined-group-group_231025.2	True	per-sample `GenomeBinning/QC/gunc_summary.tsv`
MG231025	METAMDBG-SemiBin2Refined-group-group_231025.4	True	per-sample `GenomeBinning/QC/gunc_summary.tsv`
MG231025	METAMDBG-SemiBin2Refined-group-group_231025.5_sub	True	per-sample `GenomeBinning/QC/gunc_summary.tsv`
MG231025	METAMDBG-DASToolUnbinned-group-group_231025	False	per-sample `GenomeBinning/QC/gunc_summary.tsv`
MG231025	FLYE-CONCOCTRefined-group-group_231025.18	True	per-sample `GenomeBinning/QC/gunc_summary.tsv`
MG231025	FLYE-CONCOCTRefined-group-group_231025.66	True	per-sample `GenomeBinning/QC/gunc_summary.tsv`
MG231025	FLYE-MaxBin2Refined-group-group_231025.002	True	per-sample `GenomeBinning/QC/gunc_summary.tsv`
MG231025	FLYE-MaxBin2Refined-group-group_231025.009_sub	True	per-sample `GenomeBinning/QC/gunc_summary.tsv`
MG231025	FLYE-MaxBin2Refined-group-group_231025.010	True	per-sample `GenomeBinning/QC/gunc_summary.tsv`
MG231025	FLYE-MetaBAT2Refined-group-group_231025.13	True	per-sample `GenomeBinning/QC/gunc_summary.tsv`
MG231025	FLYE-MetaBAT2Refined-group-group_231025.20	True	per-sample `GenomeBinning/QC/gunc_summary.tsv`
MG231025	FLYE-MetaBAT2Refined-group-group_231025.3	True	per-sample `GenomeBinning/QC/gunc_summary.tsv`
MG231025	FLYE-MetaBAT2Refined-group-group_231025.38_sub	True	per-sample `GenomeBinning/QC/gunc_summary.tsv`
MG231025	FLYE-MetaBAT2Refined-group-group_231025.43_sub	True	per-sample `GenomeBinning/QC/gunc_summary.tsv`
MG231025	FLYE-MetaBAT2Refined-group-group_231025.5	True	per-sample `GenomeBinning/QC/gunc_summary.tsv`
MG231025	FLYE-MetaBAT2Refined-group-group_231025.58	True	per-sample `GenomeBinning/QC/gunc_summary.tsv`
MG231025	FLYE-MetaBinnerRefined-group-group_231025.12	False	per-sample `GenomeBinning/QC/gunc_summary.tsv`
MG231025	FLYE-MetaBinnerRefined-group-group_231025.14	True	per-sample `GenomeBinning/QC/gunc_summary.tsv`
MG231025	FLYE-MetaBinnerRefined-group-group_231025.17	True	per-sample `GenomeBinning/QC/gunc_summary.tsv`
MG231025	FLYE-MetaBinnerRefined-group-group_231025.18_sub	True	per-sample `GenomeBinning/QC/gunc_summary.tsv`
MG231025	FLYE-MetaBinnerRefined-group-group_231025.5	True	per-sample `GenomeBinning/QC/gunc_summary.tsv`
MG231025	FLYE-SemiBin2Refined-group-group_231025.1	True	per-sample `GenomeBinning/QC/gunc_summary.tsv`
MG231025	FLYE-SemiBin2Refined-group-group_231025.109	True	per-sample `GenomeBinning/QC/gunc_summary.tsv`
MG231025	FLYE-SemiBin2Refined-group-group_231025.16	True	per-sample `GenomeBinning/QC/gunc_summary.tsv`
MG231025	FLYE-SemiBin2Refined-group-group_231025.18	True	per-sample `GenomeBinning/QC/gunc_summary.tsv`
MG231025	FLYE-SemiBin2Refined-group-group_231025.2	True	per-sample `GenomeBinning/QC/gunc_summary.tsv`
MG231025	FLYE-SemiBin2Refined-group-group_231025.3	True	per-sample `GenomeBinning/QC/gunc_summary.tsv`
MG231025	FLYE-SemiBin2Refined-group-group_231025.4	True	per-sample `GenomeBinning/QC/gunc_summary.tsv`
MG231025	FLYE-SemiBin2Refined-group-group_231025.6	True	per-sample `GenomeBinning/QC/gunc_summary.tsv`
MG231025	FLYE-SemiBin2Refined-group-group_231025.9	True	per-sample `GenomeBinning/QC/gunc_summary.tsv`
MG231025	FLYE-DASToolUnbinned-group-group_231025	False	per-sample `GenomeBinning/QC/gunc_summary.tsv`
MG240104	METAMDBG-CONCOCTRefined-group-group_240104.24_sub	True	per-sample `GenomeBinning/QC/gunc_summary.tsv`
MG240104	METAMDBG-CONCOCTRefined-group-group_240104.32	True	per-sample `GenomeBinning/QC/gunc_summary.tsv`
MG240104	METAMDBG-CONCOCTRefined-group-group_240104.49_sub	True	per-sample `GenomeBinning/QC/gunc_summary.tsv`
MG240104	METAMDBG-CONCOCTRefined-group-group_240104.57	True	per-sample `GenomeBinning/QC/gunc_summary.tsv`
MG240104	METAMDBG-MaxBin2Refined-group-group_240104.010	True	per-sample `GenomeBinning/QC/gunc_summary.tsv`
MG240104	METAMDBG-MaxBin2Refined-group-group_240104.046_sub	True	per-sample `GenomeBinning/QC/gunc_summary.tsv`
MG240104	METAMDBG-MaxBin2Refined-group-group_240104.049_sub	True	per-sample `GenomeBinning/QC/gunc_summary.tsv`
MG240104	METAMDBG-MaxBin2Refined-group-group_240104.050	False	per-sample `GenomeBinning/QC/gunc_summary.tsv`
MG240104	METAMDBG-MetaBAT2Refined-group-group_240104.41_sub	True	per-sample `GenomeBinning/QC/gunc_summary.tsv`
MG240104	METAMDBG-MetaBAT2Refined-group-group_240104.57_sub	False	per-sample `GenomeBinning/QC/gunc_summary.tsv`
MG240104	METAMDBG-MetaBAT2Refined-group-group_240104.81_sub	True	per-sample `GenomeBinning/QC/gunc_summary.tsv`
MG240104	METAMDBG-MetaBinnerRefined-group-group_240104.15_sub	False	per-sample `GenomeBinning/QC/gunc_summary.tsv`
MG240104	METAMDBG-MetaBinnerRefined-group-group_240104.16	False	per-sample `GenomeBinning/QC/gunc_summary.tsv`
MG240104	METAMDBG-MetaBinnerRefined-group-group_240104.17	True	per-sample `GenomeBinning/QC/gunc_summary.tsv`
MG240104	METAMDBG-MetaBinnerRefined-group-group_240104.19	True	per-sample `GenomeBinning/QC/gunc_summary.tsv`
MG240104	METAMDBG-MetaBinnerRefined-group-group_240104.21_sub	False	per-sample `GenomeBinning/QC/gunc_summary.tsv`
MG240104	METAMDBG-MetaBinnerRefined-group-group_240104.23	False	per-sample `GenomeBinning/QC/gunc_summary.tsv`
MG240104	METAMDBG-MetaBinnerRefined-group-group_240104.2_sub	False	per-sample `GenomeBinning/QC/gunc_summary.tsv`
MG240104	METAMDBG-MetaBinnerRefined-group-group_240104.5_sub	True	per-sample `GenomeBinning/QC/gunc_summary.tsv`
MG240104	METAMDBG-MetaBinnerRefined-group-group_240104.6	True	per-sample `GenomeBinning/QC/gunc_summary.tsv`
MG240104	METAMDBG-MetaBinnerRefined-group-group_240104.7	False	per-sample `GenomeBinning/QC/gunc_summary.tsv`
MG240104	METAMDBG-MetaBinnerRefined-group-group_240104.9	False	per-sample `GenomeBinning/QC/gunc_summary.tsv`
MG240104	METAMDBG-SemiBin2Refined-group-group_240104.0	True	per-sample `GenomeBinning/QC/gunc_summary.tsv`
MG240104	METAMDBG-SemiBin2Refined-group-group_240104.1	True	per-sample `GenomeBinning/QC/gunc_summary.tsv`
MG240104	METAMDBG-SemiBin2Refined-group-group_240104.3	True	per-sample `GenomeBinning/QC/gunc_summary.tsv`
MG240104	METAMDBG-SemiBin2Refined-group-group_240104.5_sub	True	per-sample `GenomeBinning/QC/gunc_summary.tsv`
MG240104	METAMDBG-SemiBin2Refined-group-group_240104.71	True	per-sample `GenomeBinning/QC/gunc_summary.tsv`
MG240104	METAMDBG-SemiBin2Refined-group-group_240104.72_sub	True	per-sample `GenomeBinning/QC/gunc_summary.tsv`
MG240104	METAMDBG-SemiBin2Refined-group-group_240104.8	True	per-sample `GenomeBinning/QC/gunc_summary.tsv`
MG240104	METAMDBG-DASToolUnbinned-group-group_240104	False	per-sample `GenomeBinning/QC/gunc_summary.tsv`
MG240104	FLYE-DASToolUnbinned-group-group_240104	False	per-sample `GenomeBinning/QC/gunc_summary.tsv`
MG240104	FLYE-CONCOCTRefined-group-group_240104.11	True	per-sample `GenomeBinning/QC/gunc_summary.tsv`
MG240104	FLYE-CONCOCTRefined-group-group_240104.40	True	per-sample `GenomeBinning/QC/gunc_summary.tsv`
MG240104	FLYE-CONCOCTRefined-group-group_240104.56	True	per-sample `GenomeBinning/QC/gunc_summary.tsv`
MG240104	FLYE-MetaBAT2Refined-group-group_240104.1	True	per-sample `GenomeBinning/QC/gunc_summary.tsv`
MG240104	FLYE-SemiBin2Refined-group-group_240104.0	True	per-sample `GenomeBinning/QC/gunc_summary.tsv`
MG240104	FLYE-SemiBin2Refined-group-group_240104.1	True	per-sample `GenomeBinning/QC/gunc_summary.tsv`
MG240304	METAMDBG-DASToolUnbinned-group-group_240304	False	per-sample `GenomeBinning/QC/gunc_summary.tsv`
MG240304	FLYE-CONCOCTRefined-group-group_240304.116	False	per-sample `GenomeBinning/QC/gunc_summary.tsv`
MG240304	FLYE-CONCOCTRefined-group-group_240304.66_sub	True	per-sample `GenomeBinning/QC/gunc_summary.tsv`
MG240304	FLYE-CONCOCTRefined-group-group_240304.97	True	per-sample `GenomeBinning/QC/gunc_summary.tsv`
MG240304	FLYE-MaxBin2Refined-group-group_240304.026_sub	False	per-sample `GenomeBinning/QC/gunc_summary.tsv`
MG240304	FLYE-MetaBAT2Refined-group-group_240304.55	True	per-sample `GenomeBinning/QC/gunc_summary.tsv`
MG240304	FLYE-MetaBAT2Refined-group-group_240304.66_sub	True	per-sample `GenomeBinning/QC/gunc_summary.tsv`
MG240304	FLYE-MetaBAT2Refined-group-group_240304.7_sub	True	per-sample `GenomeBinning/QC/gunc_summary.tsv`
MG240304	FLYE-MetaBinnerRefined-group-group_240304.10_sub	True	per-sample `GenomeBinning/QC/gunc_summary.tsv`
MG240304	FLYE-MetaBinnerRefined-group-group_240304.12_sub	False	per-sample `GenomeBinning/QC/gunc_summary.tsv`
MG240304	FLYE-MetaBinnerRefined-group-group_240304.13_sub	True	per-sample `GenomeBinning/QC/gunc_summary.tsv`
MG240304	FLYE-MetaBinnerRefined-group-group_240304.15_sub	True	per-sample `GenomeBinning/QC/gunc_summary.tsv`
MG240304	FLYE-MetaBinnerRefined-group-group_240304.19_sub	True	per-sample `GenomeBinning/QC/gunc_summary.tsv`
MG240304	FLYE-MetaBinnerRefined-group-group_240304.2	True	per-sample `GenomeBinning/QC/gunc_summary.tsv`
MG240304	FLYE-MetaBinnerRefined-group-group_240304.20	True	per-sample `GenomeBinning/QC/gunc_summary.tsv`
MG240304	FLYE-MetaBinnerRefined-group-group_240304.29_sub	True	per-sample `GenomeBinning/QC/gunc_summary.tsv`
MG240304	FLYE-MetaBinnerRefined-group-group_240304.6	True	per-sample `GenomeBinning/QC/gunc_summary.tsv`
MG240304	FLYE-SemiBin2Refined-group-group_240304.0	True	per-sample `GenomeBinning/QC/gunc_summary.tsv`
MG240304	FLYE-SemiBin2Refined-group-group_240304.1	True	per-sample `GenomeBinning/QC/gunc_summary.tsv`
MG240304	FLYE-SemiBin2Refined-group-group_240304.11	True	per-sample `GenomeBinning/QC/gunc_summary.tsv`
MG240304	FLYE-SemiBin2Refined-group-group_240304.12	True	per-sample `GenomeBinning/QC/gunc_summary.tsv`
MG240304	FLYE-SemiBin2Refined-group-group_240304.2	True	per-sample `GenomeBinning/QC/gunc_summary.tsv`
MG240304	FLYE-SemiBin2Refined-group-group_240304.23	True	per-sample `GenomeBinning/QC/gunc_summary.tsv`
MG240304	FLYE-SemiBin2Refined-group-group_240304.3	True	per-sample `GenomeBinning/QC/gunc_summary.tsv`
MG240304	FLYE-SemiBin2Refined-group-group_240304.4	True	per-sample `GenomeBinning/QC/gunc_summary.tsv`
MG240304	FLYE-SemiBin2Refined-group-group_240304.5	True	per-sample `GenomeBinning/QC/gunc_summary.tsv`
MG240304	FLYE-SemiBin2Refined-group-group_240304.6	True	per-sample `GenomeBinning/QC/gunc_summary.tsv`
MG240304	FLYE-SemiBin2Refined-group-group_240304.7	True	per-sample `GenomeBinning/QC/gunc_summary.tsv`
MG240304	FLYE-SemiBin2Refined-group-group_240304.8	True	per-sample `GenomeBinning/QC/gunc_summary.tsv`
MG240304	FLYE-DASToolUnbinned-group-group_240304	False	per-sample `GenomeBinning/QC/gunc_summary.tsv`
MG240304	METAMDBG-CONCOCTRefined-group-group_240304.20_sub	True	per-sample `GenomeBinning/QC/gunc_summary.tsv`
MG240304	METAMDBG-CONCOCTRefined-group-group_240304.51	True	per-sample `GenomeBinning/QC/gunc_summary.tsv`
MG240304	METAMDBG-MaxBin2Refined-group-group_240304.020	False	per-sample `GenomeBinning/QC/gunc_summary.tsv`
MG240304	METAMDBG-MaxBin2Refined-group-group_240304.040_sub	False	per-sample `GenomeBinning/QC/gunc_summary.tsv`
MG240304	METAMDBG-MaxBin2Refined-group-group_240304.072_sub	True	per-sample `GenomeBinning/QC/gunc_summary.tsv`
MG240304	METAMDBG-MetaBAT2Refined-group-group_240304.123_sub	True	per-sample `GenomeBinning/QC/gunc_summary.tsv`
MG240304	METAMDBG-MetaBAT2Refined-group-group_240304.124_sub	False	per-sample `GenomeBinning/QC/gunc_summary.tsv`
MG240304	METAMDBG-MetaBAT2Refined-group-group_240304.13	True	per-sample `GenomeBinning/QC/gunc_summary.tsv`
MG240304	METAMDBG-MetaBAT2Refined-group-group_240304.142_sub	True	per-sample `GenomeBinning/QC/gunc_summary.tsv`
MG240304	METAMDBG-MetaBAT2Refined-group-group_240304.148	True	per-sample `GenomeBinning/QC/gunc_summary.tsv`
MG240304	METAMDBG-MetaBAT2Refined-group-group_240304.155_sub	True	per-sample `GenomeBinning/QC/gunc_summary.tsv`
MG240304	METAMDBG-MetaBAT2Refined-group-group_240304.160	True	per-sample `GenomeBinning/QC/gunc_summary.tsv`
MG240304	METAMDBG-MetaBAT2Refined-group-group_240304.168	True	per-sample `GenomeBinning/QC/gunc_summary.tsv`
MG240304	METAMDBG-MetaBAT2Refined-group-group_240304.198	True	per-sample `GenomeBinning/QC/gunc_summary.tsv`
MG240304	METAMDBG-MetaBAT2Refined-group-group_240304.199	True	per-sample `GenomeBinning/QC/gunc_summary.tsv`
MG240304	METAMDBG-MetaBAT2Refined-group-group_240304.32_sub	True	per-sample `GenomeBinning/QC/gunc_summary.tsv`
MG240304	METAMDBG-MetaBAT2Refined-group-group_240304.5	True	per-sample `GenomeBinning/QC/gunc_summary.tsv`
MG240304	METAMDBG-MetaBAT2Refined-group-group_240304.72_sub	True	per-sample `GenomeBinning/QC/gunc_summary.tsv`
MG240304	METAMDBG-MetaBAT2Refined-group-group_240304.75_sub	True	per-sample `GenomeBinning/QC/gunc_summary.tsv`
MG240304	METAMDBG-MetaBinnerRefined-group-group_240304.11	True	per-sample `GenomeBinning/QC/gunc_summary.tsv`
MG240304	METAMDBG-MetaBinnerRefined-group-group_240304.14	True	per-sample `GenomeBinning/QC/gunc_summary.tsv`
MG240304	METAMDBG-MetaBinnerRefined-group-group_240304.15	True	per-sample `GenomeBinning/QC/gunc_summary.tsv`
MG240304	METAMDBG-MetaBinnerRefined-group-group_240304.16_sub	True	per-sample `GenomeBinning/QC/gunc_summary.tsv`
MG240304	METAMDBG-MetaBinnerRefined-group-group_240304.18	True	per-sample `GenomeBinning/QC/gunc_summary.tsv`
MG240304	METAMDBG-MetaBinnerRefined-group-group_240304.19	False	per-sample `GenomeBinning/QC/gunc_summary.tsv`
MG240304	METAMDBG-MetaBinnerRefined-group-group_240304.21	True	per-sample `GenomeBinning/QC/gunc_summary.tsv`
MG240304	METAMDBG-MetaBinnerRefined-group-group_240304.23_sub	True	per-sample `GenomeBinning/QC/gunc_summary.tsv`
MG240304	METAMDBG-MetaBinnerRefined-group-group_240304.24_sub	False	per-sample `GenomeBinning/QC/gunc_summary.tsv`
MG240304	METAMDBG-MetaBinnerRefined-group-group_240304.29	True	per-sample `GenomeBinning/QC/gunc_summary.tsv`
MG240304	METAMDBG-MetaBinnerRefined-group-group_240304.3	True	per-sample `GenomeBinning/QC/gunc_summary.tsv`
MG240304	METAMDBG-MetaBinnerRefined-group-group_240304.34	True	per-sample `GenomeBinning/QC/gunc_summary.tsv`
MG240304	METAMDBG-MetaBinnerRefined-group-group_240304.35_sub	True	per-sample `GenomeBinning/QC/gunc_summary.tsv`
MG240304	METAMDBG-MetaBinnerRefined-group-group_240304.36	False	per-sample `GenomeBinning/QC/gunc_summary.tsv`
MG240304	METAMDBG-MetaBinnerRefined-group-group_240304.38_sub	False	per-sample `GenomeBinning/QC/gunc_summary.tsv`
MG240304	METAMDBG-MetaBinnerRefined-group-group_240304.39	True	per-sample `GenomeBinning/QC/gunc_summary.tsv`
MG240304	METAMDBG-MetaBinnerRefined-group-group_240304.42	True	per-sample `GenomeBinning/QC/gunc_summary.tsv`
MG240304	METAMDBG-MetaBinnerRefined-group-group_240304.46	False	per-sample `GenomeBinning/QC/gunc_summary.tsv`
MG240304	METAMDBG-MetaBinnerRefined-group-group_240304.48	True	per-sample `GenomeBinning/QC/gunc_summary.tsv`
MG240304	METAMDBG-MetaBinnerRefined-group-group_240304.49_sub	True	per-sample `GenomeBinning/QC/gunc_summary.tsv`
MG240304	METAMDBG-MetaBinnerRefined-group-group_240304.52_sub	False	per-sample `GenomeBinning/QC/gunc_summary.tsv`
MG240304	METAMDBG-MetaBinnerRefined-group-group_240304.57_sub	False	per-sample `GenomeBinning/QC/gunc_summary.tsv`
MG240304	METAMDBG-MetaBinnerRefined-group-group_240304.6	True	per-sample `GenomeBinning/QC/gunc_summary.tsv`
MG240304	METAMDBG-MetaBinnerRefined-group-group_240304.7	True	per-sample `GenomeBinning/QC/gunc_summary.tsv`
MG240304	METAMDBG-MetaBinnerRefined-group-group_240304.9_sub	True	per-sample `GenomeBinning/QC/gunc_summary.tsv`
MG240304	METAMDBG-SemiBin2Refined-group-group_240304.180	True	per-sample `GenomeBinning/QC/gunc_summary.tsv`
MG240304	METAMDBG-SemiBin2Refined-group-group_240304.196	False	per-sample `GenomeBinning/QC/gunc_summary.tsv`
MG240304	METAMDBG-SemiBin2Refined-group-group_240304.205_sub	True	per-sample `GenomeBinning/QC/gunc_summary.tsv`
MG240304	METAMDBG-SemiBin2Refined-group-group_240304.209_sub	True	per-sample `GenomeBinning/QC/gunc_summary.tsv`
MG240304	METAMDBG-SemiBin2Refined-group-group_240304.219_sub	True	per-sample `GenomeBinning/QC/gunc_summary.tsv`
MG240304	METAMDBG-SemiBin2Refined-group-group_240304.3	True	per-sample `GenomeBinning/QC/gunc_summary.tsv`
MG240304	METAMDBG-SemiBin2Refined-group-group_240304.6	True	per-sample `GenomeBinning/QC/gunc_summary.tsv`
MG240304	METAMDBG-SemiBin2Refined-group-group_240304.8	True	per-sample `GenomeBinning/QC/gunc_summary.tsv`
MG240416	METAMDBG-CONCOCTRefined-group-group_240416.113	True	per-sample `GenomeBinning/QC/gunc_summary.tsv`
MG240416	METAMDBG-CONCOCTRefined-group-group_240416.12_sub	True	per-sample `GenomeBinning/QC/gunc_summary.tsv`
MG240416	METAMDBG-CONCOCTRefined-group-group_240416.137	True	per-sample `GenomeBinning/QC/gunc_summary.tsv`
MG240416	METAMDBG-CONCOCTRefined-group-group_240416.142	True	per-sample `GenomeBinning/QC/gunc_summary.tsv`
MG240416	METAMDBG-CONCOCTRefined-group-group_240416.151_sub	True	per-sample `GenomeBinning/QC/gunc_summary.tsv`
MG240416	METAMDBG-CONCOCTRefined-group-group_240416.153_sub	True	per-sample `GenomeBinning/QC/gunc_summary.tsv`
MG240416	METAMDBG-CONCOCTRefined-group-group_240416.16_sub	False	per-sample `GenomeBinning/QC/gunc_summary.tsv`
MG240416	METAMDBG-CONCOCTRefined-group-group_240416.184_sub	True	per-sample `GenomeBinning/QC/gunc_summary.tsv`
MG240416	METAMDBG-CONCOCTRefined-group-group_240416.186_sub	False	per-sample `GenomeBinning/QC/gunc_summary.tsv`
MG240416	METAMDBG-CONCOCTRefined-group-group_240416.187_sub	True	per-sample `GenomeBinning/QC/gunc_summary.tsv`
MG240416	METAMDBG-CONCOCTRefined-group-group_240416.18_sub	True	per-sample `GenomeBinning/QC/gunc_summary.tsv`
MG240416	METAMDBG-CONCOCTRefined-group-group_240416.206_sub	True	per-sample `GenomeBinning/QC/gunc_summary.tsv`
MG240416	METAMDBG-CONCOCTRefined-group-group_240416.212_sub	True	per-sample `GenomeBinning/QC/gunc_summary.tsv`
MG240416	METAMDBG-CONCOCTRefined-group-group_240416.255_sub	True	per-sample `GenomeBinning/QC/gunc_summary.tsv`
MG240416	METAMDBG-CONCOCTRefined-group-group_240416.266_sub	True	per-sample `GenomeBinning/QC/gunc_summary.tsv`
MG240416	METAMDBG-CONCOCTRefined-group-group_240416.30	False	per-sample `GenomeBinning/QC/gunc_summary.tsv`
MG240416	METAMDBG-CONCOCTRefined-group-group_240416.313	True	per-sample `GenomeBinning/QC/gunc_summary.tsv`
MG240416	METAMDBG-CONCOCTRefined-group-group_240416.52_sub	False	per-sample `GenomeBinning/QC/gunc_summary.tsv`
MG240416	METAMDBG-CONCOCTRefined-group-group_240416.76_sub	False	per-sample `GenomeBinning/QC/gunc_summary.tsv`
MG240416	METAMDBG-CONCOCTRefined-group-group_240416.78_sub	True	per-sample `GenomeBinning/QC/gunc_summary.tsv`
MG240416	METAMDBG-CONCOCTRefined-group-group_240416.94	False	per-sample `GenomeBinning/QC/gunc_summary.tsv`
MG240416	METAMDBG-CONCOCTRefined-group-group_240416.97	True	per-sample `GenomeBinning/QC/gunc_summary.tsv`
MG240416	METAMDBG-CONCOCTRefined-group-group_240416.99_sub	True	per-sample `GenomeBinning/QC/gunc_summary.tsv`
MG240416	METAMDBG-MaxBin2Refined-group-group_240416.001	True	per-sample `GenomeBinning/QC/gunc_summary.tsv`
MG240416	METAMDBG-MaxBin2Refined-group-group_240416.002	True	per-sample `GenomeBinning/QC/gunc_summary.tsv`
MG240416	METAMDBG-MaxBin2Refined-group-group_240416.006	True	per-sample `GenomeBinning/QC/gunc_summary.tsv`
MG240416	METAMDBG-MaxBin2Refined-group-group_240416.013	True	per-sample `GenomeBinning/QC/gunc_summary.tsv`
MG240416	METAMDBG-MaxBin2Refined-group-group_240416.014	True	per-sample `GenomeBinning/QC/gunc_summary.tsv`
MG240416	METAMDBG-MaxBin2Refined-group-group_240416.016_sub	True	per-sample `GenomeBinning/QC/gunc_summary.tsv`
MG240416	METAMDBG-MaxBin2Refined-group-group_240416.020	True	per-sample `GenomeBinning/QC/gunc_summary.tsv`
MG240416	METAMDBG-MaxBin2Refined-group-group_240416.021	False	per-sample `GenomeBinning/QC/gunc_summary.tsv`
MG240416	METAMDBG-MaxBin2Refined-group-group_240416.022	True	per-sample `GenomeBinning/QC/gunc_summary.tsv`
MG240416	METAMDBG-MaxBin2Refined-group-group_240416.030	True	per-sample `GenomeBinning/QC/gunc_summary.tsv`
MG240416	METAMDBG-MaxBin2Refined-group-group_240416.031_sub	False	per-sample `GenomeBinning/QC/gunc_summary.tsv`
MG240416	METAMDBG-MaxBin2Refined-group-group_240416.032_sub	True	per-sample `GenomeBinning/QC/gunc_summary.tsv`
MG240416	METAMDBG-MaxBin2Refined-group-group_240416.037	True	per-sample `GenomeBinning/QC/gunc_summary.tsv`
MG240416	METAMDBG-MaxBin2Refined-group-group_240416.042_sub	True	per-sample `GenomeBinning/QC/gunc_summary.tsv`
MG240416	METAMDBG-MaxBin2Refined-group-group_240416.043	True	per-sample `GenomeBinning/QC/gunc_summary.tsv`
MG240416	METAMDBG-MaxBin2Refined-group-group_240416.048	True	per-sample `GenomeBinning/QC/gunc_summary.tsv`
MG240416	METAMDBG-MaxBin2Refined-group-group_240416.053_sub	True	per-sample `GenomeBinning/QC/gunc_summary.tsv`
MG240416	METAMDBG-MaxBin2Refined-group-group_240416.063_sub	True	per-sample `GenomeBinning/QC/gunc_summary.tsv`
MG240416	METAMDBG-MaxBin2Refined-group-group_240416.068	True	per-sample `GenomeBinning/QC/gunc_summary.tsv`
MG240416	METAMDBG-MaxBin2Refined-group-group_240416.071_sub	True	per-sample `GenomeBinning/QC/gunc_summary.tsv`
MG240416	METAMDBG-MaxBin2Refined-group-group_240416.076_sub	True	per-sample `GenomeBinning/QC/gunc_summary.tsv`
MG240416	METAMDBG-MaxBin2Refined-group-group_240416.122_sub	True	per-sample `GenomeBinning/QC/gunc_summary.tsv`
MG240416	METAMDBG-MaxBin2Refined-group-group_240416.166_sub	True	per-sample `GenomeBinning/QC/gunc_summary.tsv`
MG240416	METAMDBG-MaxBin2Refined-group-group_240416.168_sub	True	per-sample `GenomeBinning/QC/gunc_summary.tsv`
MG240416	METAMDBG-MaxBin2Refined-group-group_240416.171_sub	True	per-sample `GenomeBinning/QC/gunc_summary.tsv`
MG240416	METAMDBG-MaxBin2Refined-group-group_240416.250_sub	True	per-sample `GenomeBinning/QC/gunc_summary.tsv`
MG240416	METAMDBG-MaxBin2Refined-group-group_240416.267_sub	False	per-sample `GenomeBinning/QC/gunc_summary.tsv`
MG240416	METAMDBG-MetaBAT2Refined-group-group_240416.1037	True	per-sample `GenomeBinning/QC/gunc_summary.tsv`
MG240416	METAMDBG-MetaBAT2Refined-group-group_240416.1042_sub	True	per-sample `GenomeBinning/QC/gunc_summary.tsv`
MG240416	METAMDBG-MetaBAT2Refined-group-group_240416.1043	True	per-sample `GenomeBinning/QC/gunc_summary.tsv`
MG240416	METAMDBG-MetaBAT2Refined-group-group_240416.1044	True	per-sample `GenomeBinning/QC/gunc_summary.tsv`
MG240416	METAMDBG-MetaBAT2Refined-group-group_240416.1048	True	per-sample `GenomeBinning/QC/gunc_summary.tsv`
MG240416	METAMDBG-MetaBAT2Refined-group-group_240416.1064	True	per-sample `GenomeBinning/QC/gunc_summary.tsv`
MG240416	METAMDBG-MetaBAT2Refined-group-group_240416.1080_sub	False	per-sample `GenomeBinning/QC/gunc_summary.tsv`
MG240416	METAMDBG-MetaBAT2Refined-group-group_240416.1095_sub	True	per-sample `GenomeBinning/QC/gunc_summary.tsv`
MG240416	METAMDBG-MetaBAT2Refined-group-group_240416.109_sub	True	per-sample `GenomeBinning/QC/gunc_summary.tsv`
MG240416	METAMDBG-MetaBAT2Refined-group-group_240416.1105	True	per-sample `GenomeBinning/QC/gunc_summary.tsv`
MG240416	METAMDBG-MetaBAT2Refined-group-group_240416.112	True	per-sample `GenomeBinning/QC/gunc_summary.tsv`
MG240416	METAMDBG-MetaBAT2Refined-group-group_240416.1129_sub	False	per-sample `GenomeBinning/QC/gunc_summary.tsv`
MG240416	METAMDBG-MetaBAT2Refined-group-group_240416.1135	True	per-sample `GenomeBinning/QC/gunc_summary.tsv`
MG240416	METAMDBG-MetaBAT2Refined-group-group_240416.1169	True	per-sample `GenomeBinning/QC/gunc_summary.tsv`
MG240416	METAMDBG-MetaBAT2Refined-group-group_240416.1176_sub	True	per-sample `GenomeBinning/QC/gunc_summary.tsv`
MG240416	METAMDBG-MetaBAT2Refined-group-group_240416.1184	True	per-sample `GenomeBinning/QC/gunc_summary.tsv`
MG240416	METAMDBG-MetaBAT2Refined-group-group_240416.1192	True	per-sample `GenomeBinning/QC/gunc_summary.tsv`
MG240416	METAMDBG-MetaBAT2Refined-group-group_240416.1194_sub	True	per-sample `GenomeBinning/QC/gunc_summary.tsv`
MG240416	METAMDBG-MetaBAT2Refined-group-group_240416.122	False	per-sample `GenomeBinning/QC/gunc_summary.tsv`
MG240416	METAMDBG-MetaBAT2Refined-group-group_240416.1220_sub	True	per-sample `GenomeBinning/QC/gunc_summary.tsv`
MG240416	METAMDBG-MetaBAT2Refined-group-group_240416.1221_sub	True	per-sample `GenomeBinning/QC/gunc_summary.tsv`
MG240416	METAMDBG-MetaBAT2Refined-group-group_240416.126	True	per-sample `GenomeBinning/QC/gunc_summary.tsv`
MG240416	METAMDBG-MetaBAT2Refined-group-group_240416.127	True	per-sample `GenomeBinning/QC/gunc_summary.tsv`
MG240416	METAMDBG-MetaBAT2Refined-group-group_240416.13_sub	True	per-sample `GenomeBinning/QC/gunc_summary.tsv`
MG240416	METAMDBG-MetaBAT2Refined-group-group_240416.14_sub	True	per-sample `GenomeBinning/QC/gunc_summary.tsv`
MG240416	METAMDBG-MetaBAT2Refined-group-group_240416.162	True	per-sample `GenomeBinning/QC/gunc_summary.tsv`
MG240416	METAMDBG-MetaBAT2Refined-group-group_240416.187_sub	True	per-sample `GenomeBinning/QC/gunc_summary.tsv`
MG240416	METAMDBG-MetaBAT2Refined-group-group_240416.197	True	per-sample `GenomeBinning/QC/gunc_summary.tsv`
MG240416	METAMDBG-MetaBAT2Refined-group-group_240416.202	True	per-sample `GenomeBinning/QC/gunc_summary.tsv`
MG240416	METAMDBG-MetaBAT2Refined-group-group_240416.206	True	per-sample `GenomeBinning/QC/gunc_summary.tsv`
MG240416	METAMDBG-MetaBAT2Refined-group-group_240416.209_sub	True	per-sample `GenomeBinning/QC/gunc_summary.tsv`
MG240416	METAMDBG-MetaBAT2Refined-group-group_240416.215	True	per-sample `GenomeBinning/QC/gunc_summary.tsv`
MG240416	METAMDBG-MetaBAT2Refined-group-group_240416.233	True	per-sample `GenomeBinning/QC/gunc_summary.tsv`
MG240416	METAMDBG-MetaBAT2Refined-group-group_240416.242	True	per-sample `GenomeBinning/QC/gunc_summary.tsv`
MG240416	METAMDBG-MetaBAT2Refined-group-group_240416.251_sub	True	per-sample `GenomeBinning/QC/gunc_summary.tsv`
MG240416	METAMDBG-MetaBAT2Refined-group-group_240416.252	True	per-sample `GenomeBinning/QC/gunc_summary.tsv`
MG240416	METAMDBG-MetaBAT2Refined-group-group_240416.257	True	per-sample `GenomeBinning/QC/gunc_summary.tsv`
MG240416	METAMDBG-MetaBAT2Refined-group-group_240416.258_sub	True	per-sample `GenomeBinning/QC/gunc_summary.tsv`
MG240416	METAMDBG-MetaBAT2Refined-group-group_240416.264	True	per-sample `GenomeBinning/QC/gunc_summary.tsv`
MG240416	METAMDBG-MetaBAT2Refined-group-group_240416.268_sub	True	per-sample `GenomeBinning/QC/gunc_summary.tsv`
MG240416	METAMDBG-MetaBAT2Refined-group-group_240416.269	True	per-sample `GenomeBinning/QC/gunc_summary.tsv`
MG240416	METAMDBG-MetaBAT2Refined-group-group_240416.277_sub	False	per-sample `GenomeBinning/QC/gunc_summary.tsv`
MG240416	METAMDBG-MetaBAT2Refined-group-group_240416.281_sub	True	per-sample `GenomeBinning/QC/gunc_summary.tsv`
MG240416	METAMDBG-MetaBAT2Refined-group-group_240416.291	True	per-sample `GenomeBinning/QC/gunc_summary.tsv`
MG240416	METAMDBG-MetaBAT2Refined-group-group_240416.299	True	per-sample `GenomeBinning/QC/gunc_summary.tsv`
MG240416	METAMDBG-MetaBAT2Refined-group-group_240416.313	True	per-sample `GenomeBinning/QC/gunc_summary.tsv`
MG240416	METAMDBG-MetaBAT2Refined-group-group_240416.328	True	per-sample `GenomeBinning/QC/gunc_summary.tsv`
MG240416	METAMDBG-MetaBAT2Refined-group-group_240416.33	True	per-sample `GenomeBinning/QC/gunc_summary.tsv`
MG240416	METAMDBG-MetaBAT2Refined-group-group_240416.334	False	per-sample `GenomeBinning/QC/gunc_summary.tsv`
MG240416	METAMDBG-MetaBAT2Refined-group-group_240416.34	True	per-sample `GenomeBinning/QC/gunc_summary.tsv`
MG240416	METAMDBG-MetaBAT2Refined-group-group_240416.343	True	per-sample `GenomeBinning/QC/gunc_summary.tsv`
MG240416	METAMDBG-MetaBAT2Refined-group-group_240416.373	True	per-sample `GenomeBinning/QC/gunc_summary.tsv`
MG240416	METAMDBG-MetaBAT2Refined-group-group_240416.374	True	per-sample `GenomeBinning/QC/gunc_summary.tsv`
MG240416	METAMDBG-MetaBAT2Refined-group-group_240416.389_sub	True	per-sample `GenomeBinning/QC/gunc_summary.tsv`
MG240416	METAMDBG-MetaBAT2Refined-group-group_240416.394_sub	True	per-sample `GenomeBinning/QC/gunc_summary.tsv`
MG240416	METAMDBG-MetaBAT2Refined-group-group_240416.402	True	per-sample `GenomeBinning/QC/gunc_summary.tsv`
MG240416	METAMDBG-MetaBAT2Refined-group-group_240416.410_sub	True	per-sample `GenomeBinning/QC/gunc_summary.tsv`
MG240416	METAMDBG-MetaBAT2Refined-group-group_240416.413_sub	True	per-sample `GenomeBinning/QC/gunc_summary.tsv`
MG240416	METAMDBG-MetaBAT2Refined-group-group_240416.416_sub	True	per-sample `GenomeBinning/QC/gunc_summary.tsv`
MG240416	METAMDBG-MetaBAT2Refined-group-group_240416.417	True	per-sample `GenomeBinning/QC/gunc_summary.tsv`
MG240416	METAMDBG-MetaBAT2Refined-group-group_240416.418	True	per-sample `GenomeBinning/QC/gunc_summary.tsv`
MG240416	METAMDBG-MetaBAT2Refined-group-group_240416.420	True	per-sample `GenomeBinning/QC/gunc_summary.tsv`
MG240416	METAMDBG-MetaBAT2Refined-group-group_240416.431	True	per-sample `GenomeBinning/QC/gunc_summary.tsv`
MG240416	METAMDBG-MetaBAT2Refined-group-group_240416.435_sub	True	per-sample `GenomeBinning/QC/gunc_summary.tsv`
MG240416	METAMDBG-MetaBAT2Refined-group-group_240416.439	True	per-sample `GenomeBinning/QC/gunc_summary.tsv`
MG240416	METAMDBG-MetaBAT2Refined-group-group_240416.450_sub	True	per-sample `GenomeBinning/QC/gunc_summary.tsv`
MG240416	METAMDBG-MetaBAT2Refined-group-group_240416.458_sub	True	per-sample `GenomeBinning/QC/gunc_summary.tsv`
MG240416	METAMDBG-MetaBAT2Refined-group-group_240416.483	True	per-sample `GenomeBinning/QC/gunc_summary.tsv`
MG240416	METAMDBG-MetaBAT2Refined-group-group_240416.484_sub	True	per-sample `GenomeBinning/QC/gunc_summary.tsv`
MG240416	METAMDBG-MetaBAT2Refined-group-group_240416.486	True	per-sample `GenomeBinning/QC/gunc_summary.tsv`
MG240416	METAMDBG-MetaBAT2Refined-group-group_240416.496	True	per-sample `GenomeBinning/QC/gunc_summary.tsv`
MG240416	METAMDBG-MetaBAT2Refined-group-group_240416.508_sub	True	per-sample `GenomeBinning/QC/gunc_summary.tsv`
MG240416	METAMDBG-MetaBAT2Refined-group-group_240416.517_sub	True	per-sample `GenomeBinning/QC/gunc_summary.tsv`
MG240416	METAMDBG-MetaBAT2Refined-group-group_240416.519	True	per-sample `GenomeBinning/QC/gunc_summary.tsv`
MG240416	METAMDBG-MetaBAT2Refined-group-group_240416.523_sub	True	per-sample `GenomeBinning/QC/gunc_summary.tsv`
MG240416	METAMDBG-MetaBAT2Refined-group-group_240416.532_sub	True	per-sample `GenomeBinning/QC/gunc_summary.tsv`
MG240416	METAMDBG-MetaBAT2Refined-group-group_240416.54	True	per-sample `GenomeBinning/QC/gunc_summary.tsv`
MG240416	METAMDBG-MetaBAT2Refined-group-group_240416.543_sub	True	per-sample `GenomeBinning/QC/gunc_summary.tsv`
MG240416	METAMDBG-MetaBAT2Refined-group-group_240416.553_sub	True	per-sample `GenomeBinning/QC/gunc_summary.tsv`
MG240416	METAMDBG-MetaBAT2Refined-group-group_240416.559_sub	True	per-sample `GenomeBinning/QC/gunc_summary.tsv`
MG240416	METAMDBG-MetaBAT2Refined-group-group_240416.565_sub	True	per-sample `GenomeBinning/QC/gunc_summary.tsv`
MG240416	METAMDBG-MetaBAT2Refined-group-group_240416.584	True	per-sample `GenomeBinning/QC/gunc_summary.tsv`
MG240416	METAMDBG-MetaBAT2Refined-group-group_240416.585	True	per-sample `GenomeBinning/QC/gunc_summary.tsv`
MG240416	METAMDBG-MetaBAT2Refined-group-group_240416.591	True	per-sample `GenomeBinning/QC/gunc_summary.tsv`
MG240416	METAMDBG-MetaBAT2Refined-group-group_240416.602	True	per-sample `GenomeBinning/QC/gunc_summary.tsv`
MG240416	METAMDBG-MetaBAT2Refined-group-group_240416.607	True	per-sample `GenomeBinning/QC/gunc_summary.tsv`
MG240416	METAMDBG-MetaBAT2Refined-group-group_240416.615	True	per-sample `GenomeBinning/QC/gunc_summary.tsv`
MG240416	METAMDBG-MetaBAT2Refined-group-group_240416.625	True	per-sample `GenomeBinning/QC/gunc_summary.tsv`
MG240416	METAMDBG-MetaBAT2Refined-group-group_240416.628	True	per-sample `GenomeBinning/QC/gunc_summary.tsv`
MG240416	METAMDBG-MetaBAT2Refined-group-group_240416.635_sub	True	per-sample `GenomeBinning/QC/gunc_summary.tsv`
MG240416	METAMDBG-MetaBAT2Refined-group-group_240416.65	True	per-sample `GenomeBinning/QC/gunc_summary.tsv`
MG240416	METAMDBG-MetaBAT2Refined-group-group_240416.652_sub	True	per-sample `GenomeBinning/QC/gunc_summary.tsv`
MG240416	METAMDBG-MetaBAT2Refined-group-group_240416.667	True	per-sample `GenomeBinning/QC/gunc_summary.tsv`
MG240416	METAMDBG-MetaBAT2Refined-group-group_240416.674	True	per-sample `GenomeBinning/QC/gunc_summary.tsv`
MG240416	METAMDBG-MetaBAT2Refined-group-group_240416.694_sub	True	per-sample `GenomeBinning/QC/gunc_summary.tsv`
MG240416	METAMDBG-MetaBAT2Refined-group-group_240416.69_sub	True	per-sample `GenomeBinning/QC/gunc_summary.tsv`
MG240416	METAMDBG-MetaBAT2Refined-group-group_240416.708_sub	True	per-sample `GenomeBinning/QC/gunc_summary.tsv`
MG240416	METAMDBG-MetaBAT2Refined-group-group_240416.715_sub	True	per-sample `GenomeBinning/QC/gunc_summary.tsv`
MG240416	METAMDBG-MetaBAT2Refined-group-group_240416.726_sub	True	per-sample `GenomeBinning/QC/gunc_summary.tsv`
MG240416	METAMDBG-MetaBAT2Refined-group-group_240416.728_sub	True	per-sample `GenomeBinning/QC/gunc_summary.tsv`
MG240416	METAMDBG-MetaBAT2Refined-group-group_240416.732	True	per-sample `GenomeBinning/QC/gunc_summary.tsv`
MG240416	METAMDBG-MetaBAT2Refined-group-group_240416.735	True	per-sample `GenomeBinning/QC/gunc_summary.tsv`
MG240416	METAMDBG-MetaBAT2Refined-group-group_240416.742_sub	True	per-sample `GenomeBinning/QC/gunc_summary.tsv`
MG240416	METAMDBG-MetaBAT2Refined-group-group_240416.766	True	per-sample `GenomeBinning/QC/gunc_summary.tsv`
MG240416	METAMDBG-MetaBAT2Refined-group-group_240416.769_sub	True	per-sample `GenomeBinning/QC/gunc_summary.tsv`
MG240416	METAMDBG-MetaBAT2Refined-group-group_240416.77	True	per-sample `GenomeBinning/QC/gunc_summary.tsv`
MG240416	METAMDBG-MetaBAT2Refined-group-group_240416.774	True	per-sample `GenomeBinning/QC/gunc_summary.tsv`
MG240416	METAMDBG-MetaBAT2Refined-group-group_240416.795	True	per-sample `GenomeBinning/QC/gunc_summary.tsv`
MG240416	METAMDBG-MetaBAT2Refined-group-group_240416.797	True	per-sample `GenomeBinning/QC/gunc_summary.tsv`
MG240416	METAMDBG-MetaBAT2Refined-group-group_240416.824	True	per-sample `GenomeBinning/QC/gunc_summary.tsv`
MG240416	METAMDBG-MetaBAT2Refined-group-group_240416.829	True	per-sample `GenomeBinning/QC/gunc_summary.tsv`
MG240416	METAMDBG-MetaBAT2Refined-group-group_240416.83	True	per-sample `GenomeBinning/QC/gunc_summary.tsv`
MG240416	METAMDBG-MetaBAT2Refined-group-group_240416.835_sub	True	per-sample `GenomeBinning/QC/gunc_summary.tsv`
MG240416	METAMDBG-MetaBAT2Refined-group-group_240416.848	True	per-sample `GenomeBinning/QC/gunc_summary.tsv`
MG240416	METAMDBG-MetaBAT2Refined-group-group_240416.852	True	per-sample `GenomeBinning/QC/gunc_summary.tsv`
MG240416	METAMDBG-MetaBAT2Refined-group-group_240416.855_sub	True	per-sample `GenomeBinning/QC/gunc_summary.tsv`
MG240416	METAMDBG-MetaBAT2Refined-group-group_240416.864_sub	True	per-sample `GenomeBinning/QC/gunc_summary.tsv`
MG240416	METAMDBG-MetaBAT2Refined-group-group_240416.870_sub	True	per-sample `GenomeBinning/QC/gunc_summary.tsv`
MG240416	METAMDBG-MetaBAT2Refined-group-group_240416.87_sub	True	per-sample `GenomeBinning/QC/gunc_summary.tsv`
MG240416	METAMDBG-MetaBAT2Refined-group-group_240416.880	True	per-sample `GenomeBinning/QC/gunc_summary.tsv`
MG240416	METAMDBG-MetaBAT2Refined-group-group_240416.882_sub	True	per-sample `GenomeBinning/QC/gunc_summary.tsv`
MG240416	METAMDBG-MetaBAT2Refined-group-group_240416.890	True	per-sample `GenomeBinning/QC/gunc_summary.tsv`
MG240416	METAMDBG-MetaBAT2Refined-group-group_240416.896_sub	True	per-sample `GenomeBinning/QC/gunc_summary.tsv`
MG240416	METAMDBG-MetaBAT2Refined-group-group_240416.900	True	per-sample `GenomeBinning/QC/gunc_summary.tsv`
MG240416	METAMDBG-MetaBAT2Refined-group-group_240416.901_sub	True	per-sample `GenomeBinning/QC/gunc_summary.tsv`
MG240416	METAMDBG-MetaBAT2Refined-group-group_240416.915	True	per-sample `GenomeBinning/QC/gunc_summary.tsv`
MG240416	METAMDBG-MetaBAT2Refined-group-group_240416.923_sub	True	per-sample `GenomeBinning/QC/gunc_summary.tsv`
MG240416	METAMDBG-MetaBAT2Refined-group-group_240416.93_sub	True	per-sample `GenomeBinning/QC/gunc_summary.tsv`
MG240416	METAMDBG-MetaBAT2Refined-group-group_240416.958	True	per-sample `GenomeBinning/QC/gunc_summary.tsv`
MG240416	METAMDBG-MetaBAT2Refined-group-group_240416.995	True	per-sample `GenomeBinning/QC/gunc_summary.tsv`
MG240416	METAMDBG-MetaBinnerRefined-group-group_240416.1	True	per-sample `GenomeBinning/QC/gunc_summary.tsv`
MG240416	METAMDBG-MetaBinnerRefined-group-group_240416.100	True	per-sample `GenomeBinning/QC/gunc_summary.tsv`
MG240416	METAMDBG-MetaBinnerRefined-group-group_240416.102	True	per-sample `GenomeBinning/QC/gunc_summary.tsv`
MG240416	METAMDBG-MetaBinnerRefined-group-group_240416.104	True	per-sample `GenomeBinning/QC/gunc_summary.tsv`
MG240416	METAMDBG-MetaBinnerRefined-group-group_240416.107_sub	True	per-sample `GenomeBinning/QC/gunc_summary.tsv`
MG240416	METAMDBG-MetaBinnerRefined-group-group_240416.116	True	per-sample `GenomeBinning/QC/gunc_summary.tsv`
MG240416	METAMDBG-MetaBinnerRefined-group-group_240416.120	False	per-sample `GenomeBinning/QC/gunc_summary.tsv`
MG240416	METAMDBG-MetaBinnerRefined-group-group_240416.121	True	per-sample `GenomeBinning/QC/gunc_summary.tsv`
MG240416	METAMDBG-MetaBinnerRefined-group-group_240416.123_sub	False	per-sample `GenomeBinning/QC/gunc_summary.tsv`
MG240416	METAMDBG-MetaBinnerRefined-group-group_240416.124_sub	True	per-sample `GenomeBinning/QC/gunc_summary.tsv`
MG240416	METAMDBG-MetaBinnerRefined-group-group_240416.135	True	per-sample `GenomeBinning/QC/gunc_summary.tsv`
MG240416	METAMDBG-MetaBinnerRefined-group-group_240416.136_sub	True	per-sample `GenomeBinning/QC/gunc_summary.tsv`
MG240416	METAMDBG-MetaBinnerRefined-group-group_240416.137	True	per-sample `GenomeBinning/QC/gunc_summary.tsv`
MG240416	METAMDBG-MetaBinnerRefined-group-group_240416.142	True	per-sample `GenomeBinning/QC/gunc_summary.tsv`
MG240416	METAMDBG-MetaBinnerRefined-group-group_240416.146	True	per-sample `GenomeBinning/QC/gunc_summary.tsv`
MG240416	METAMDBG-MetaBinnerRefined-group-group_240416.148	True	per-sample `GenomeBinning/QC/gunc_summary.tsv`
MG240416	METAMDBG-MetaBinnerRefined-group-group_240416.149_sub	False	per-sample `GenomeBinning/QC/gunc_summary.tsv`
MG240416	METAMDBG-MetaBinnerRefined-group-group_240416.15	True	per-sample `GenomeBinning/QC/gunc_summary.tsv`
MG240416	METAMDBG-MetaBinnerRefined-group-group_240416.151	True	per-sample `GenomeBinning/QC/gunc_summary.tsv`
MG240416	METAMDBG-MetaBinnerRefined-group-group_240416.152_sub	True	per-sample `GenomeBinning/QC/gunc_summary.tsv`
MG240416	METAMDBG-MetaBinnerRefined-group-group_240416.153_sub	True	per-sample `GenomeBinning/QC/gunc_summary.tsv`
MG240416	METAMDBG-MetaBinnerRefined-group-group_240416.154	True	per-sample `GenomeBinning/QC/gunc_summary.tsv`
MG240416	METAMDBG-MetaBinnerRefined-group-group_240416.158	True	per-sample `GenomeBinning/QC/gunc_summary.tsv`
MG240416	METAMDBG-MetaBinnerRefined-group-group_240416.162_sub	False	per-sample `GenomeBinning/QC/gunc_summary.tsv`
MG240416	METAMDBG-MetaBinnerRefined-group-group_240416.164_sub	True	per-sample `GenomeBinning/QC/gunc_summary.tsv`
MG240416	METAMDBG-MetaBinnerRefined-group-group_240416.167	True	per-sample `GenomeBinning/QC/gunc_summary.tsv`
MG240416	METAMDBG-MetaBinnerRefined-group-group_240416.168_sub	True	per-sample `GenomeBinning/QC/gunc_summary.tsv`
MG240416	METAMDBG-MetaBinnerRefined-group-group_240416.169_sub	False	per-sample `GenomeBinning/QC/gunc_summary.tsv`
MG240416	METAMDBG-MetaBinnerRefined-group-group_240416.16_sub	True	per-sample `GenomeBinning/QC/gunc_summary.tsv`
MG240416	METAMDBG-MetaBinnerRefined-group-group_240416.17	True	per-sample `GenomeBinning/QC/gunc_summary.tsv`
MG240416	METAMDBG-MetaBinnerRefined-group-group_240416.170	True	per-sample `GenomeBinning/QC/gunc_summary.tsv`
MG240416	METAMDBG-MetaBinnerRefined-group-group_240416.171	True	per-sample `GenomeBinning/QC/gunc_summary.tsv`
MG240416	METAMDBG-MetaBinnerRefined-group-group_240416.172	True	per-sample `GenomeBinning/QC/gunc_summary.tsv`
MG240416	METAMDBG-MetaBinnerRefined-group-group_240416.174_sub	True	per-sample `GenomeBinning/QC/gunc_summary.tsv`
MG240416	METAMDBG-MetaBinnerRefined-group-group_240416.175	True	per-sample `GenomeBinning/QC/gunc_summary.tsv`
MG240416	METAMDBG-MetaBinnerRefined-group-group_240416.176_sub	True	per-sample `GenomeBinning/QC/gunc_summary.tsv`
MG240416	METAMDBG-MetaBinnerRefined-group-group_240416.177	True	per-sample `GenomeBinning/QC/gunc_summary.tsv`
MG240416	METAMDBG-MetaBinnerRefined-group-group_240416.180_sub	True	per-sample `GenomeBinning/QC/gunc_summary.tsv`
MG240416	METAMDBG-MetaBinnerRefined-group-group_240416.186_sub	True	per-sample `GenomeBinning/QC/gunc_summary.tsv`
MG240416	METAMDBG-MetaBinnerRefined-group-group_240416.190	True	per-sample `GenomeBinning/QC/gunc_summary.tsv`
MG240416	METAMDBG-MetaBinnerRefined-group-group_240416.191_sub	True	per-sample `GenomeBinning/QC/gunc_summary.tsv`
MG240416	METAMDBG-MetaBinnerRefined-group-group_240416.193_sub	True	per-sample `GenomeBinning/QC/gunc_summary.tsv`
MG240416	METAMDBG-MetaBinnerRefined-group-group_240416.197	True	per-sample `GenomeBinning/QC/gunc_summary.tsv`
MG240416	METAMDBG-MetaBinnerRefined-group-group_240416.2	True	per-sample `GenomeBinning/QC/gunc_summary.tsv`
MG240416	METAMDBG-MetaBinnerRefined-group-group_240416.200	True	per-sample `GenomeBinning/QC/gunc_summary.tsv`
MG240416	METAMDBG-MetaBinnerRefined-group-group_240416.203_sub	True	per-sample `GenomeBinning/QC/gunc_summary.tsv`
MG240416	METAMDBG-MetaBinnerRefined-group-group_240416.205_sub	False	per-sample `GenomeBinning/QC/gunc_summary.tsv`
MG240416	METAMDBG-MetaBinnerRefined-group-group_240416.206_sub	True	per-sample `GenomeBinning/QC/gunc_summary.tsv`
MG240416	METAMDBG-MetaBinnerRefined-group-group_240416.208_sub	True	per-sample `GenomeBinning/QC/gunc_summary.tsv`
MG240416	METAMDBG-MetaBinnerRefined-group-group_240416.21	True	per-sample `GenomeBinning/QC/gunc_summary.tsv`
MG240416	METAMDBG-MetaBinnerRefined-group-group_240416.210_sub	False	per-sample `GenomeBinning/QC/gunc_summary.tsv`
MG240416	METAMDBG-MetaBinnerRefined-group-group_240416.213	True	per-sample `GenomeBinning/QC/gunc_summary.tsv`
MG240416	METAMDBG-MetaBinnerRefined-group-group_240416.215	False	per-sample `GenomeBinning/QC/gunc_summary.tsv`
MG240416	METAMDBG-MetaBinnerRefined-group-group_240416.218	True	per-sample `GenomeBinning/QC/gunc_summary.tsv`
MG240416	METAMDBG-MetaBinnerRefined-group-group_240416.219_sub	False	per-sample `GenomeBinning/QC/gunc_summary.tsv`
MG240416	METAMDBG-MetaBinnerRefined-group-group_240416.220_sub	False	per-sample `GenomeBinning/QC/gunc_summary.tsv`
MG240416	METAMDBG-MetaBinnerRefined-group-group_240416.229	True	per-sample `GenomeBinning/QC/gunc_summary.tsv`
MG240416	METAMDBG-MetaBinnerRefined-group-group_240416.230	True	per-sample `GenomeBinning/QC/gunc_summary.tsv`
MG240416	METAMDBG-MetaBinnerRefined-group-group_240416.231_sub	False	per-sample `GenomeBinning/QC/gunc_summary.tsv`
MG240416	METAMDBG-MetaBinnerRefined-group-group_240416.233	True	per-sample `GenomeBinning/QC/gunc_summary.tsv`
MG240416	METAMDBG-MetaBinnerRefined-group-group_240416.235	False	per-sample `GenomeBinning/QC/gunc_summary.tsv`
MG240416	METAMDBG-MetaBinnerRefined-group-group_240416.236	True	per-sample `GenomeBinning/QC/gunc_summary.tsv`
MG240416	METAMDBG-MetaBinnerRefined-group-group_240416.239_sub	False	per-sample `GenomeBinning/QC/gunc_summary.tsv`
MG240416	METAMDBG-MetaBinnerRefined-group-group_240416.24	True	per-sample `GenomeBinning/QC/gunc_summary.tsv`
MG240416	METAMDBG-MetaBinnerRefined-group-group_240416.241	False	per-sample `GenomeBinning/QC/gunc_summary.tsv`
MG240416	METAMDBG-MetaBinnerRefined-group-group_240416.242_sub	False	per-sample `GenomeBinning/QC/gunc_summary.tsv`
MG240416	METAMDBG-MetaBinnerRefined-group-group_240416.243	True	per-sample `GenomeBinning/QC/gunc_summary.tsv`
MG240416	METAMDBG-MetaBinnerRefined-group-group_240416.245	True	per-sample `GenomeBinning/QC/gunc_summary.tsv`
MG240416	METAMDBG-MetaBinnerRefined-group-group_240416.247_sub	False	per-sample `GenomeBinning/QC/gunc_summary.tsv`
MG240416	METAMDBG-MetaBinnerRefined-group-group_240416.248_sub	True	per-sample `GenomeBinning/QC/gunc_summary.tsv`
MG240416	METAMDBG-MetaBinnerRefined-group-group_240416.250_sub	False	per-sample `GenomeBinning/QC/gunc_summary.tsv`
MG240416	METAMDBG-MetaBinnerRefined-group-group_240416.253	True	per-sample `GenomeBinning/QC/gunc_summary.tsv`
MG240416	METAMDBG-MetaBinnerRefined-group-group_240416.256_sub	True	per-sample `GenomeBinning/QC/gunc_summary.tsv`
MG240416	METAMDBG-MetaBinnerRefined-group-group_240416.259	True	per-sample `GenomeBinning/QC/gunc_summary.tsv`
MG240416	METAMDBG-MetaBinnerRefined-group-group_240416.264	True	per-sample `GenomeBinning/QC/gunc_summary.tsv`
MG240416	METAMDBG-MetaBinnerRefined-group-group_240416.271	True	per-sample `GenomeBinning/QC/gunc_summary.tsv`
MG240416	METAMDBG-MetaBinnerRefined-group-group_240416.272	True	per-sample `GenomeBinning/QC/gunc_summary.tsv`
MG240416	METAMDBG-MetaBinnerRefined-group-group_240416.275_sub	True	per-sample `GenomeBinning/QC/gunc_summary.tsv`
MG240416	METAMDBG-MetaBinnerRefined-group-group_240416.283	True	per-sample `GenomeBinning/QC/gunc_summary.tsv`
MG240416	METAMDBG-MetaBinnerRefined-group-group_240416.29	True	per-sample `GenomeBinning/QC/gunc_summary.tsv`
MG240416	METAMDBG-MetaBinnerRefined-group-group_240416.290_sub	False	per-sample `GenomeBinning/QC/gunc_summary.tsv`
MG240416	METAMDBG-MetaBinnerRefined-group-group_240416.291_sub	False	per-sample `GenomeBinning/QC/gunc_summary.tsv`
MG240416	METAMDBG-MetaBinnerRefined-group-group_240416.292	True	per-sample `GenomeBinning/QC/gunc_summary.tsv`
MG240416	METAMDBG-MetaBinnerRefined-group-group_240416.293_sub	False	per-sample `GenomeBinning/QC/gunc_summary.tsv`
MG240416	METAMDBG-MetaBinnerRefined-group-group_240416.296	True	per-sample `GenomeBinning/QC/gunc_summary.tsv`
MG240416	METAMDBG-MetaBinnerRefined-group-group_240416.302_sub	True	per-sample `GenomeBinning/QC/gunc_summary.tsv`
MG240416	METAMDBG-MetaBinnerRefined-group-group_240416.304	False	per-sample `GenomeBinning/QC/gunc_summary.tsv`
MG240416	METAMDBG-MetaBinnerRefined-group-group_240416.305_sub	False	per-sample `GenomeBinning/QC/gunc_summary.tsv`
MG240416	METAMDBG-MetaBinnerRefined-group-group_240416.306	True	per-sample `GenomeBinning/QC/gunc_summary.tsv`
MG240416	METAMDBG-MetaBinnerRefined-group-group_240416.31	True	per-sample `GenomeBinning/QC/gunc_summary.tsv`
MG240416	METAMDBG-MetaBinnerRefined-group-group_240416.319	False	per-sample `GenomeBinning/QC/gunc_summary.tsv`
MG240416	METAMDBG-MetaBinnerRefined-group-group_240416.32	True	per-sample `GenomeBinning/QC/gunc_summary.tsv`
MG240416	METAMDBG-MetaBinnerRefined-group-group_240416.320_sub	True	per-sample `GenomeBinning/QC/gunc_summary.tsv`
MG240416	METAMDBG-MetaBinnerRefined-group-group_240416.324_sub	True	per-sample `GenomeBinning/QC/gunc_summary.tsv`
MG240416	METAMDBG-MetaBinnerRefined-group-group_240416.327_sub	True	per-sample `GenomeBinning/QC/gunc_summary.tsv`
MG240416	METAMDBG-MetaBinnerRefined-group-group_240416.334_sub	True	per-sample `GenomeBinning/QC/gunc_summary.tsv`
MG240416	METAMDBG-MetaBinnerRefined-group-group_240416.341	True	per-sample `GenomeBinning/QC/gunc_summary.tsv`
MG240416	METAMDBG-MetaBinnerRefined-group-group_240416.347	True	per-sample `GenomeBinning/QC/gunc_summary.tsv`
MG240416	METAMDBG-MetaBinnerRefined-group-group_240416.353_sub	False	per-sample `GenomeBinning/QC/gunc_summary.tsv`
MG240416	METAMDBG-MetaBinnerRefined-group-group_240416.354	True	per-sample `GenomeBinning/QC/gunc_summary.tsv`
MG240416	METAMDBG-MetaBinnerRefined-group-group_240416.356	True	per-sample `GenomeBinning/QC/gunc_summary.tsv`
MG240416	METAMDBG-MetaBinnerRefined-group-group_240416.357_sub	True	per-sample `GenomeBinning/QC/gunc_summary.tsv`
MG240416	METAMDBG-MetaBinnerRefined-group-group_240416.360_sub	True	per-sample `GenomeBinning/QC/gunc_summary.tsv`
MG240416	METAMDBG-MetaBinnerRefined-group-group_240416.363_sub	False	per-sample `GenomeBinning/QC/gunc_summary.tsv`
MG240416	METAMDBG-MetaBinnerRefined-group-group_240416.364_sub	True	per-sample `GenomeBinning/QC/gunc_summary.tsv`
MG240705	FLYE-CONCOCTRefined-group-group_240705.20_sub	False	per-sample `GenomeBinning/QC/gunc_summary.tsv`
MG240705	FLYE-CONCOCTRefined-group-group_240705.22_sub	False	per-sample `GenomeBinning/QC/gunc_summary.tsv`
MG240705	FLYE-CONCOCTRefined-group-group_240705.29	True	per-sample `GenomeBinning/QC/gunc_summary.tsv`
MG240705	FLYE-CONCOCTRefined-group-group_240705.77	True	per-sample `GenomeBinning/QC/gunc_summary.tsv`
MG240705	FLYE-MetaBAT2Refined-group-group_240705.12	True	per-sample `GenomeBinning/QC/gunc_summary.tsv`
MG240705	FLYE-MetaBAT2Refined-group-group_240705.17_sub	True	per-sample `GenomeBinning/QC/gunc_summary.tsv`
MG240705	FLYE-MetaBAT2Refined-group-group_240705.53	True	per-sample `GenomeBinning/QC/gunc_summary.tsv`
MG240705	FLYE-MetaBAT2Refined-group-group_240705.62	True	per-sample `GenomeBinning/QC/gunc_summary.tsv`
MG240705	FLYE-MetaBinnerRefined-group-group_240705.10_sub	False	per-sample `GenomeBinning/QC/gunc_summary.tsv`
MG240705	FLYE-MetaBinnerRefined-group-group_240705.14	True	per-sample `GenomeBinning/QC/gunc_summary.tsv`
MG240705	FLYE-MetaBinnerRefined-group-group_240705.2	True	per-sample `GenomeBinning/QC/gunc_summary.tsv`
MG240705	FLYE-MetaBinnerRefined-group-group_240705.4_sub	True	per-sample `GenomeBinning/QC/gunc_summary.tsv`
MG240705	FLYE-SemiBin2Refined-group-group_240705.1	True	per-sample `GenomeBinning/QC/gunc_summary.tsv`
MG240705	FLYE-SemiBin2Refined-group-group_240705.104_sub	True	per-sample `GenomeBinning/QC/gunc_summary.tsv`
MG240705	FLYE-SemiBin2Refined-group-group_240705.2	False	per-sample `GenomeBinning/QC/gunc_summary.tsv`
MG240705	FLYE-SemiBin2Refined-group-group_240705.3	True	per-sample `GenomeBinning/QC/gunc_summary.tsv`
MG240705	FLYE-SemiBin2Refined-group-group_240705.4	True	per-sample `GenomeBinning/QC/gunc_summary.tsv`
MG240705	FLYE-SemiBin2Refined-group-group_240705.7	True	per-sample `GenomeBinning/QC/gunc_summary.tsv`
MG240705	FLYE-SemiBin2Refined-group-group_240705.9	True	per-sample `GenomeBinning/QC/gunc_summary.tsv`
MG240705	METAMDBG-DASToolUnbinned-group-group_240705	False	per-sample `GenomeBinning/QC/gunc_summary.tsv`
MG240705	METAMDBG-CONCOCTRefined-group-group_240705.110_sub	False	per-sample `GenomeBinning/QC/gunc_summary.tsv`
MG240705	METAMDBG-CONCOCTRefined-group-group_240705.113_sub	True	per-sample `GenomeBinning/QC/gunc_summary.tsv`
MG240705	METAMDBG-CONCOCTRefined-group-group_240705.20_sub	True	per-sample `GenomeBinning/QC/gunc_summary.tsv`
MG240705	METAMDBG-CONCOCTRefined-group-group_240705.27_sub	False	per-sample `GenomeBinning/QC/gunc_summary.tsv`
MG240705	METAMDBG-CONCOCTRefined-group-group_240705.31_sub	True	per-sample `GenomeBinning/QC/gunc_summary.tsv`
MG240705	METAMDBG-CONCOCTRefined-group-group_240705.35	False	per-sample `GenomeBinning/QC/gunc_summary.tsv`
MG240705	METAMDBG-CONCOCTRefined-group-group_240705.93_sub	True	per-sample `GenomeBinning/QC/gunc_summary.tsv`
MG240705	METAMDBG-MaxBin2Refined-group-group_240705.001_sub	True	per-sample `GenomeBinning/QC/gunc_summary.tsv`
MG240705	METAMDBG-MaxBin2Refined-group-group_240705.002_sub	True	per-sample `GenomeBinning/QC/gunc_summary.tsv`
MG240705	METAMDBG-MaxBin2Refined-group-group_240705.036	False	per-sample `GenomeBinning/QC/gunc_summary.tsv`
MG240705	METAMDBG-MetaBAT2Refined-group-group_240705.107_sub	True	per-sample `GenomeBinning/QC/gunc_summary.tsv`
MG240705	METAMDBG-MetaBAT2Refined-group-group_240705.112	True	per-sample `GenomeBinning/QC/gunc_summary.tsv`
MG240705	METAMDBG-MetaBAT2Refined-group-group_240705.118	True	per-sample `GenomeBinning/QC/gunc_summary.tsv`
MG240705	METAMDBG-MetaBAT2Refined-group-group_240705.121_sub	True	per-sample `GenomeBinning/QC/gunc_summary.tsv`
MG240705	METAMDBG-MetaBAT2Refined-group-group_240705.41_sub	True	per-sample `GenomeBinning/QC/gunc_summary.tsv`
MG240705	METAMDBG-MetaBAT2Refined-group-group_240705.48_sub	True	per-sample `GenomeBinning/QC/gunc_summary.tsv`
MG240705	METAMDBG-MetaBAT2Refined-group-group_240705.64	True	per-sample `GenomeBinning/QC/gunc_summary.tsv`
MG240705	METAMDBG-MetaBAT2Refined-group-group_240705.82_sub	True	per-sample `GenomeBinning/QC/gunc_summary.tsv`
MG240705	METAMDBG-MetaBAT2Refined-group-group_240705.93	True	per-sample `GenomeBinning/QC/gunc_summary.tsv`
MG240705	METAMDBG-MetaBinnerRefined-group-group_240705.17	False	per-sample `GenomeBinning/QC/gunc_summary.tsv`
MG240705	METAMDBG-MetaBinnerRefined-group-group_240705.2	True	per-sample `GenomeBinning/QC/gunc_summary.tsv`
MG240705	METAMDBG-MetaBinnerRefined-group-group_240705.23_sub	True	per-sample `GenomeBinning/QC/gunc_summary.tsv`
MG240705	METAMDBG-MetaBinnerRefined-group-group_240705.29	True	per-sample `GenomeBinning/QC/gunc_summary.tsv`
MG240705	METAMDBG-MetaBinnerRefined-group-group_240705.3	True	per-sample `GenomeBinning/QC/gunc_summary.tsv`
MG240705	METAMDBG-MetaBinnerRefined-group-group_240705.30_sub	False	per-sample `GenomeBinning/QC/gunc_summary.tsv`
MG240705	METAMDBG-MetaBinnerRefined-group-group_240705.32_sub	False	per-sample `GenomeBinning/QC/gunc_summary.tsv`
MG240705	METAMDBG-MetaBinnerRefined-group-group_240705.33_sub	True	per-sample `GenomeBinning/QC/gunc_summary.tsv`
MG240705	METAMDBG-MetaBinnerRefined-group-group_240705.36	True	per-sample `GenomeBinning/QC/gunc_summary.tsv`
MG240705	METAMDBG-MetaBinnerRefined-group-group_240705.39_sub	False	per-sample `GenomeBinning/QC/gunc_summary.tsv`
MG240705	METAMDBG-MetaBinnerRefined-group-group_240705.6_sub	False	per-sample `GenomeBinning/QC/gunc_summary.tsv`
MG240705	METAMDBG-MetaBinnerRefined-group-group_240705.9	True	per-sample `GenomeBinning/QC/gunc_summary.tsv`
MG240705	METAMDBG-SemiBin2Refined-group-group_240705.1	True	per-sample `GenomeBinning/QC/gunc_summary.tsv`
MG240705	METAMDBG-SemiBin2Refined-group-group_240705.11	True	per-sample `GenomeBinning/QC/gunc_summary.tsv`
MG240705	METAMDBG-SemiBin2Refined-group-group_240705.121_sub	True	per-sample `GenomeBinning/QC/gunc_summary.tsv`
MG240705	METAMDBG-SemiBin2Refined-group-group_240705.2	True	per-sample `GenomeBinning/QC/gunc_summary.tsv`
MG240705	METAMDBG-SemiBin2Refined-group-group_240705.3_sub	True	per-sample `GenomeBinning/QC/gunc_summary.tsv`
MG240705	FLYE-DASToolUnbinned-group-group_240705	False	per-sample `GenomeBinning/QC/gunc_summary.tsv`
MG240905	METAMDBG-CONCOCTRefined-group-group_240905.22	True	per-sample `GenomeBinning/QC/gunc_summary.tsv`
MG240905	METAMDBG-CONCOCTRefined-group-group_240905.51_sub	True	per-sample `GenomeBinning/QC/gunc_summary.tsv`
MG240905	METAMDBG-CONCOCTRefined-group-group_240905.82_sub	True	per-sample `GenomeBinning/QC/gunc_summary.tsv`
MG240905	METAMDBG-CONCOCTRefined-group-group_240905.85_sub	False	per-sample `GenomeBinning/QC/gunc_summary.tsv`
MG240905	METAMDBG-CONCOCTRefined-group-group_240905.9_sub	True	per-sample `GenomeBinning/QC/gunc_summary.tsv`
MG240905	METAMDBG-MaxBin2Refined-group-group_240905.001	True	per-sample `GenomeBinning/QC/gunc_summary.tsv`
MG240905	METAMDBG-MaxBin2Refined-group-group_240905.003	True	per-sample `GenomeBinning/QC/gunc_summary.tsv`
MG240905	METAMDBG-MaxBin2Refined-group-group_240905.005_sub	True	per-sample `GenomeBinning/QC/gunc_summary.tsv`
MG240905	METAMDBG-MaxBin2Refined-group-group_240905.006_sub	True	per-sample `GenomeBinning/QC/gunc_summary.tsv`
MG240905	METAMDBG-MaxBin2Refined-group-group_240905.014_sub	False	per-sample `GenomeBinning/QC/gunc_summary.tsv`
MG240905	METAMDBG-MaxBin2Refined-group-group_240905.016_sub	False	per-sample `GenomeBinning/QC/gunc_summary.tsv`
MG240905	METAMDBG-MaxBin2Refined-group-group_240905.017	False	per-sample `GenomeBinning/QC/gunc_summary.tsv`
MG240905	METAMDBG-MaxBin2Refined-group-group_240905.025_sub	True	per-sample `GenomeBinning/QC/gunc_summary.tsv`
MG240905	METAMDBG-MaxBin2Refined-group-group_240905.033_sub	False	per-sample `GenomeBinning/QC/gunc_summary.tsv`
MG240905	METAMDBG-MaxBin2Refined-group-group_240905.040_sub	False	per-sample `GenomeBinning/QC/gunc_summary.tsv`
MG240905	METAMDBG-MaxBin2Refined-group-group_240905.044_sub	False	per-sample `GenomeBinning/QC/gunc_summary.tsv`
MG240905	METAMDBG-MetaBAT2Refined-group-group_240905.124_sub	True	per-sample `GenomeBinning/QC/gunc_summary.tsv`
MG240905	METAMDBG-MetaBAT2Refined-group-group_240905.137	True	per-sample `GenomeBinning/QC/gunc_summary.tsv`
MG240905	METAMDBG-MetaBAT2Refined-group-group_240905.45_sub	True	per-sample `GenomeBinning/QC/gunc_summary.tsv`
MG240905	METAMDBG-MetaBAT2Refined-group-group_240905.51	True	per-sample `GenomeBinning/QC/gunc_summary.tsv`
MG240905	METAMDBG-MetaBAT2Refined-group-group_240905.65_sub	True	per-sample `GenomeBinning/QC/gunc_summary.tsv`
MG240905	METAMDBG-MetaBAT2Refined-group-group_240905.78	True	per-sample `GenomeBinning/QC/gunc_summary.tsv`
MG240905	METAMDBG-MetaBAT2Refined-group-group_240905.7_sub	False	per-sample `GenomeBinning/QC/gunc_summary.tsv`
MG240905	METAMDBG-MetaBAT2Refined-group-group_240905.81_sub	True	per-sample `GenomeBinning/QC/gunc_summary.tsv`
MG240905	METAMDBG-MetaBAT2Refined-group-group_240905.82_sub	False	per-sample `GenomeBinning/QC/gunc_summary.tsv`
MG240905	METAMDBG-MetaBAT2Refined-group-group_240905.98	True	per-sample `GenomeBinning/QC/gunc_summary.tsv`
MG240905	METAMDBG-MetaBinnerRefined-group-group_240905.10	True	per-sample `GenomeBinning/QC/gunc_summary.tsv`
MG240905	METAMDBG-MetaBinnerRefined-group-group_240905.11_sub	False	per-sample `GenomeBinning/QC/gunc_summary.tsv`
MG240905	METAMDBG-MetaBinnerRefined-group-group_240905.13	True	per-sample `GenomeBinning/QC/gunc_summary.tsv`
MG240905	METAMDBG-MetaBinnerRefined-group-group_240905.16_sub	True	per-sample `GenomeBinning/QC/gunc_summary.tsv`
MG240905	METAMDBG-MetaBinnerRefined-group-group_240905.18_sub	False	per-sample `GenomeBinning/QC/gunc_summary.tsv`
MG240905	METAMDBG-MetaBinnerRefined-group-group_240905.19_sub	False	per-sample `GenomeBinning/QC/gunc_summary.tsv`
MG240905	METAMDBG-MetaBinnerRefined-group-group_240905.21	False	per-sample `GenomeBinning/QC/gunc_summary.tsv`
MG240905	METAMDBG-MetaBinnerRefined-group-group_240905.26_sub	True	per-sample `GenomeBinning/QC/gunc_summary.tsv`
MG240905	METAMDBG-MetaBinnerRefined-group-group_240905.28_sub	False	per-sample `GenomeBinning/QC/gunc_summary.tsv`
MG240905	METAMDBG-MetaBinnerRefined-group-group_240905.34	True	per-sample `GenomeBinning/QC/gunc_summary.tsv`
MG240905	METAMDBG-MetaBinnerRefined-group-group_240905.5	False	per-sample `GenomeBinning/QC/gunc_summary.tsv`
MG240905	METAMDBG-SemiBin2Refined-group-group_240905.0	True	per-sample `GenomeBinning/QC/gunc_summary.tsv`
MG240905	METAMDBG-SemiBin2Refined-group-group_240905.121_sub	True	per-sample `GenomeBinning/QC/gunc_summary.tsv`
MG240905	METAMDBG-SemiBin2Refined-group-group_240905.4	True	per-sample `GenomeBinning/QC/gunc_summary.tsv`
MG240905	METAMDBG-SemiBin2Refined-group-group_240905.5	True	per-sample `GenomeBinning/QC/gunc_summary.tsv`
MG240905	METAMDBG-SemiBin2Refined-group-group_240905.8	True	per-sample `GenomeBinning/QC/gunc_summary.tsv`
MG240905	FLYE-DASToolUnbinned-group-group_240905	False	per-sample `GenomeBinning/QC/gunc_summary.tsv`
MG240905	FLYE-CONCOCTRefined-group-group_240905.18	False	per-sample `GenomeBinning/QC/gunc_summary.tsv`
MG240905	FLYE-CONCOCTRefined-group-group_240905.30	False	per-sample `GenomeBinning/QC/gunc_summary.tsv`
MG240905	FLYE-CONCOCTRefined-group-group_240905.40_sub	True	per-sample `GenomeBinning/QC/gunc_summary.tsv`
MG240905	FLYE-MaxBin2Refined-group-group_240905.017_sub	True	per-sample `GenomeBinning/QC/gunc_summary.tsv`
MG240905	FLYE-MaxBin2Refined-group-group_240905.022	True	per-sample `GenomeBinning/QC/gunc_summary.tsv`
MG240905	FLYE-MetaBAT2Refined-group-group_240905.21	True	per-sample `GenomeBinning/QC/gunc_summary.tsv`
MG240905	FLYE-MetaBAT2Refined-group-group_240905.26	True	per-sample `GenomeBinning/QC/gunc_summary.tsv`
MG240905	FLYE-MetaBAT2Refined-group-group_240905.28	True	per-sample `GenomeBinning/QC/gunc_summary.tsv`
MG240905	FLYE-MetaBAT2Refined-group-group_240905.47	True	per-sample `GenomeBinning/QC/gunc_summary.tsv`
MG240905	FLYE-MetaBAT2Refined-group-group_240905.5	True	per-sample `GenomeBinning/QC/gunc_summary.tsv`
MG240905	FLYE-MetaBAT2Refined-group-group_240905.6	True	per-sample `GenomeBinning/QC/gunc_summary.tsv`
MG240905	FLYE-MetaBinnerRefined-group-group_240905.1	True	per-sample `GenomeBinning/QC/gunc_summary.tsv`
MG240905	FLYE-MetaBinnerRefined-group-group_240905.10_sub	True	per-sample `GenomeBinning/QC/gunc_summary.tsv`
MG240905	FLYE-MetaBinnerRefined-group-group_240905.8	True	per-sample `GenomeBinning/QC/gunc_summary.tsv`
MG240905	FLYE-SemiBin2Refined-group-group_240905.108	False	per-sample `GenomeBinning/QC/gunc_summary.tsv`
MG240905	FLYE-SemiBin2Refined-group-group_240905.3	True	per-sample `GenomeBinning/QC/gunc_summary.tsv`
MG240905	FLYE-SemiBin2Refined-group-group_240905.5	True	per-sample `GenomeBinning/QC/gunc_summary.tsv`
MG240905	FLYE-SemiBin2Refined-group-group_240905.8	True	per-sample `GenomeBinning/QC/gunc_summary.tsv`
MG240905	METAMDBG-DASToolUnbinned-group-group_240905	False	per-sample `GenomeBinning/QC/gunc_summary.tsv`
MG241106	METAMDBG-DASToolUnbinned-group-group_241106	False	per-sample `GenomeBinning/QC/gunc_summary.tsv`
MG241106	FLYE-CONCOCTRefined-group-group_241106.30_sub	True	per-sample `GenomeBinning/QC/gunc_summary.tsv`
MG241106	FLYE-CONCOCTRefined-group-group_241106.32	True	per-sample `GenomeBinning/QC/gunc_summary.tsv`
MG241106	FLYE-MaxBin2Refined-group-group_241106.018_sub	False	per-sample `GenomeBinning/QC/gunc_summary.tsv`
MG241106	FLYE-MaxBin2Refined-group-group_241106.023	True	per-sample `GenomeBinning/QC/gunc_summary.tsv`
MG241106	FLYE-MetaBAT2Refined-group-group_241106.10	True	per-sample `GenomeBinning/QC/gunc_summary.tsv`
MG241106	FLYE-MetaBAT2Refined-group-group_241106.44	True	per-sample `GenomeBinning/QC/gunc_summary.tsv`
MG241106	FLYE-MetaBAT2Refined-group-group_241106.5	True	per-sample `GenomeBinning/QC/gunc_summary.tsv`
MG241106	FLYE-MetaBinnerRefined-group-group_241106.1	True	per-sample `GenomeBinning/QC/gunc_summary.tsv`
MG241106	FLYE-MetaBinnerRefined-group-group_241106.11	False	per-sample `GenomeBinning/QC/gunc_summary.tsv`
MG241106	FLYE-MetaBinnerRefined-group-group_241106.14	True	per-sample `GenomeBinning/QC/gunc_summary.tsv`
MG241106	FLYE-MetaBinnerRefined-group-group_241106.18	True	per-sample `GenomeBinning/QC/gunc_summary.tsv`
MG241106	FLYE-MetaBinnerRefined-group-group_241106.19	True	per-sample `GenomeBinning/QC/gunc_summary.tsv`
MG241106	FLYE-MetaBinnerRefined-group-group_241106.20	True	per-sample `GenomeBinning/QC/gunc_summary.tsv`
MG241106	FLYE-MetaBinnerRefined-group-group_241106.3	True	per-sample `GenomeBinning/QC/gunc_summary.tsv`
MG241106	FLYE-MetaBinnerRefined-group-group_241106.5	True	per-sample `GenomeBinning/QC/gunc_summary.tsv`
MG241106	FLYE-MetaBinnerRefined-group-group_241106.8	True	per-sample `GenomeBinning/QC/gunc_summary.tsv`
MG241106	FLYE-SemiBin2Refined-group-group_241106.1	True	per-sample `GenomeBinning/QC/gunc_summary.tsv`
MG241106	FLYE-SemiBin2Refined-group-group_241106.153_sub	True	per-sample `GenomeBinning/QC/gunc_summary.tsv`
MG241106	FLYE-SemiBin2Refined-group-group_241106.2	True	per-sample `GenomeBinning/QC/gunc_summary.tsv`
MG241106	FLYE-SemiBin2Refined-group-group_241106.5	True	per-sample `GenomeBinning/QC/gunc_summary.tsv`
MG241106	FLYE-DASToolUnbinned-group-group_241106	False	per-sample `GenomeBinning/QC/gunc_summary.tsv`
MG241106	METAMDBG-CONCOCTRefined-group-group_241106.108_sub	True	per-sample `GenomeBinning/QC/gunc_summary.tsv`
MG241106	METAMDBG-CONCOCTRefined-group-group_241106.114_sub	True	per-sample `GenomeBinning/QC/gunc_summary.tsv`
MG241106	METAMDBG-CONCOCTRefined-group-group_241106.63_sub	True	per-sample `GenomeBinning/QC/gunc_summary.tsv`
MG241106	METAMDBG-CONCOCTRefined-group-group_241106.67	True	per-sample `GenomeBinning/QC/gunc_summary.tsv`
MG241106	METAMDBG-MaxBin2Refined-group-group_241106.002	True	per-sample `GenomeBinning/QC/gunc_summary.tsv`
MG241106	METAMDBG-MaxBin2Refined-group-group_241106.009_sub	True	per-sample `GenomeBinning/QC/gunc_summary.tsv`
MG241106	METAMDBG-MaxBin2Refined-group-group_241106.012_sub	True	per-sample `GenomeBinning/QC/gunc_summary.tsv`
MG241106	METAMDBG-MaxBin2Refined-group-group_241106.026_sub	True	per-sample `GenomeBinning/QC/gunc_summary.tsv`
MG241106	METAMDBG-MaxBin2Refined-group-group_241106.062_sub	True	per-sample `GenomeBinning/QC/gunc_summary.tsv`
MG241106	METAMDBG-MetaBAT2Refined-group-group_241106.136_sub	True	per-sample `GenomeBinning/QC/gunc_summary.tsv`
MG241106	METAMDBG-MetaBAT2Refined-group-group_241106.139	True	per-sample `GenomeBinning/QC/gunc_summary.tsv`
MG241106	METAMDBG-MetaBAT2Refined-group-group_241106.162	True	per-sample `GenomeBinning/QC/gunc_summary.tsv`
MG241106	METAMDBG-MetaBAT2Refined-group-group_241106.187_sub	True	per-sample `GenomeBinning/QC/gunc_summary.tsv`
MG241106	METAMDBG-MetaBAT2Refined-group-group_241106.188_sub	True	per-sample `GenomeBinning/QC/gunc_summary.tsv`
MG241106	METAMDBG-MetaBAT2Refined-group-group_241106.19	True	per-sample `GenomeBinning/QC/gunc_summary.tsv`
MG241106	METAMDBG-MetaBAT2Refined-group-group_241106.46_sub	True	per-sample `GenomeBinning/QC/gunc_summary.tsv`
MG241106	METAMDBG-MetaBinnerRefined-group-group_241106.10_sub	False	per-sample `GenomeBinning/QC/gunc_summary.tsv`
MG241106	METAMDBG-MetaBinnerRefined-group-group_241106.12	True	per-sample `GenomeBinning/QC/gunc_summary.tsv`
MG241106	METAMDBG-MetaBinnerRefined-group-group_241106.19	True	per-sample `GenomeBinning/QC/gunc_summary.tsv`
MG241106	METAMDBG-MetaBinnerRefined-group-group_241106.24_sub	False	per-sample `GenomeBinning/QC/gunc_summary.tsv`
MG241106	METAMDBG-MetaBinnerRefined-group-group_241106.25	False	per-sample `GenomeBinning/QC/gunc_summary.tsv`
MG241106	METAMDBG-MetaBinnerRefined-group-group_241106.2_sub	True	per-sample `GenomeBinning/QC/gunc_summary.tsv`
MG241106	METAMDBG-MetaBinnerRefined-group-group_241106.31_sub	False	per-sample `GenomeBinning/QC/gunc_summary.tsv`
MG241106	METAMDBG-MetaBinnerRefined-group-group_241106.33	True	per-sample `GenomeBinning/QC/gunc_summary.tsv`
MG241106	METAMDBG-MetaBinnerRefined-group-group_241106.36	True	per-sample `GenomeBinning/QC/gunc_summary.tsv`
MG241106	METAMDBG-MetaBinnerRefined-group-group_241106.37	False	per-sample `GenomeBinning/QC/gunc_summary.tsv`
MG241106	METAMDBG-MetaBinnerRefined-group-group_241106.38	False	per-sample `GenomeBinning/QC/gunc_summary.tsv`
MG241106	METAMDBG-MetaBinnerRefined-group-group_241106.39	False	per-sample `GenomeBinning/QC/gunc_summary.tsv`
MG241106	METAMDBG-MetaBinnerRefined-group-group_241106.4	True	per-sample `GenomeBinning/QC/gunc_summary.tsv`
MG241106	METAMDBG-MetaBinnerRefined-group-group_241106.40	False	per-sample `GenomeBinning/QC/gunc_summary.tsv`
MG241106	METAMDBG-MetaBinnerRefined-group-group_241106.42_sub	True	per-sample `GenomeBinning/QC/gunc_summary.tsv`
MG241106	METAMDBG-MetaBinnerRefined-group-group_241106.45	True	per-sample `GenomeBinning/QC/gunc_summary.tsv`
MG241106	METAMDBG-MetaBinnerRefined-group-group_241106.46	False	per-sample `GenomeBinning/QC/gunc_summary.tsv`
MG241106	METAMDBG-MetaBinnerRefined-group-group_241106.53	True	per-sample `GenomeBinning/QC/gunc_summary.tsv`
MG241106	METAMDBG-MetaBinnerRefined-group-group_241106.6	False	per-sample `GenomeBinning/QC/gunc_summary.tsv`
MG241106	METAMDBG-MetaBinnerRefined-group-group_241106.9	False	per-sample `GenomeBinning/QC/gunc_summary.tsv`
MG241106	METAMDBG-SemiBin2Refined-group-group_241106.0	True	per-sample `GenomeBinning/QC/gunc_summary.tsv`
MG241106	METAMDBG-SemiBin2Refined-group-group_241106.1	True	per-sample `GenomeBinning/QC/gunc_summary.tsv`
MG241106	METAMDBG-SemiBin2Refined-group-group_241106.11	True	per-sample `GenomeBinning/QC/gunc_summary.tsv`
MG241106	METAMDBG-SemiBin2Refined-group-group_241106.14	True	per-sample `GenomeBinning/QC/gunc_summary.tsv`
MG241106	METAMDBG-SemiBin2Refined-group-group_241106.15_sub	True	per-sample `GenomeBinning/QC/gunc_summary.tsv`
MG241106	METAMDBG-SemiBin2Refined-group-group_241106.190_sub	True	per-sample `GenomeBinning/QC/gunc_summary.tsv`
MG241106	METAMDBG-SemiBin2Refined-group-group_241106.2	True	per-sample `GenomeBinning/QC/gunc_summary.tsv`
MG250307	FLYE-DASToolUnbinned-group-group_250307	False	per-sample `GenomeBinning/QC/gunc_summary.tsv`
MG250307	FLYE-CONCOCTRefined-group-group_250307.3_sub	False	per-sample `GenomeBinning/QC/gunc_summary.tsv`
MG250307	FLYE-MaxBin2Refined-group-group_250307.001	True	per-sample `GenomeBinning/QC/gunc_summary.tsv`
MG250307	FLYE-MaxBin2Refined-group-group_250307.002	True	per-sample `GenomeBinning/QC/gunc_summary.tsv`
MG250307	FLYE-MetaBAT2Refined-group-group_250307.2	True	per-sample `GenomeBinning/QC/gunc_summary.tsv`
MG250307	FLYE-MetaBinnerRefined-group-group_250307.1	True	per-sample `GenomeBinning/QC/gunc_summary.tsv`
MG250307	FLYE-SemiBin2Refined-group-group_250307.0	True	per-sample `GenomeBinning/QC/gunc_summary.tsv`
MG250307	METAMDBG-DASToolUnbinned-group-group_250307	False	per-sample `GenomeBinning/QC/gunc_summary.tsv`
MG250307	METAMDBG-CONCOCTRefined-group-group_250307.17_sub	False	per-sample `GenomeBinning/QC/gunc_summary.tsv`
MG250307	METAMDBG-MaxBin2Refined-group-group_250307.001_sub	True	per-sample `GenomeBinning/QC/gunc_summary.tsv`
MG250307	METAMDBG-MaxBin2Refined-group-group_250307.004_sub	False	per-sample `GenomeBinning/QC/gunc_summary.tsv`
MG250307	METAMDBG-MaxBin2Refined-group-group_250307.007	True	per-sample `GenomeBinning/QC/gunc_summary.tsv`
MG250307	METAMDBG-MaxBin2Refined-group-group_250307.016_sub	False	per-sample `GenomeBinning/QC/gunc_summary.tsv`
MG250307	METAMDBG-MetaBAT2Refined-group-group_250307.1	True	per-sample `GenomeBinning/QC/gunc_summary.tsv`
MG250307	METAMDBG-MetaBAT2Refined-group-group_250307.14_sub	True	per-sample `GenomeBinning/QC/gunc_summary.tsv`
MG250307	METAMDBG-MetaBAT2Refined-group-group_250307.23	True	per-sample `GenomeBinning/QC/gunc_summary.tsv`
MG250307	METAMDBG-MetaBAT2Refined-group-group_250307.34	True	per-sample `GenomeBinning/QC/gunc_summary.tsv`
MG250307	METAMDBG-MetaBinnerRefined-group-group_250307.1	True	per-sample `GenomeBinning/QC/gunc_summary.tsv`
MG250307	METAMDBG-SemiBin2Refined-group-group_250307.3	True	per-sample `GenomeBinning/QC/gunc_summary.tsv`
MG250307	METAMDBG-SemiBin2Refined-group-group_250307.47_sub	False	per-sample `GenomeBinning/QC/gunc_summary.tsv`
MG250307	METAMDBG-SemiBin2Refined-group-group_250307.7	True	per-sample `GenomeBinning/QC/gunc_summary.tsv`
MG250430	FLYE-MetaBAT2Refined-group-group_250430.3	True	per-sample `GenomeBinning/QC/gunc_summary.tsv`
MG250430	FLYE-MetaBAT2Refined-group-group_250430.7	True	per-sample `GenomeBinning/QC/gunc_summary.tsv`
MG250430	METAMDBG-CONCOCTRefined-group-group_250430.25	True	per-sample `GenomeBinning/QC/gunc_summary.tsv`
MG250430	METAMDBG-CONCOCTRefined-group-group_250430.6_sub	False	per-sample `GenomeBinning/QC/gunc_summary.tsv`
MG250430	METAMDBG-MaxBin2Refined-group-group_250430.010_sub	False	per-sample `GenomeBinning/QC/gunc_summary.tsv`
MG250430	METAMDBG-MetaBinnerRefined-group-group_250430.2	True	per-sample `GenomeBinning/QC/gunc_summary.tsv`
MG250430	METAMDBG-SemiBin2Refined-group-group_250430.0	True	per-sample `GenomeBinning/QC/gunc_summary.tsv`
MG250430	FLYE-DASToolUnbinned-group-group_250430	False	per-sample `GenomeBinning/QC/gunc_summary.tsv`
MG250430	METAMDBG-DASToolUnbinned-group-group_250430	False	per-sample `GenomeBinning/QC/gunc_summary.tsv`
MG250710	METAMDBG-CONCOCTRefined-group-group_250710.21	True	per-sample `GenomeBinning/QC/gunc_summary.tsv`
MG250710	METAMDBG-CONCOCTRefined-group-group_250710.23	True	per-sample `GenomeBinning/QC/gunc_summary.tsv`
MG250710	METAMDBG-CONCOCTRefined-group-group_250710.9_sub	True	per-sample `GenomeBinning/QC/gunc_summary.tsv`
MG250710	METAMDBG-MetaBAT2Refined-group-group_250710.12	True	per-sample `GenomeBinning/QC/gunc_summary.tsv`
MG250710	METAMDBG-MetaBAT2Refined-group-group_250710.5_sub	True	per-sample `GenomeBinning/QC/gunc_summary.tsv`
MG250710	METAMDBG-MetaBinnerRefined-group-group_250710.1	True	per-sample `GenomeBinning/QC/gunc_summary.tsv`
MG250710	METAMDBG-SemiBin2Refined-group-group_250710.0	True	per-sample `GenomeBinning/QC/gunc_summary.tsv`
MG250710	METAMDBG-SemiBin2Refined-group-group_250710.2	True	per-sample `GenomeBinning/QC/gunc_summary.tsv`
MG250710	METAMDBG-SemiBin2Refined-group-group_250710.4_sub	True	per-sample `GenomeBinning/QC/gunc_summary.tsv`
MG250710	FLYE-MaxBin2Refined-group-group_250710.003	True	per-sample `GenomeBinning/QC/gunc_summary.tsv`
MG250710	FLYE-MaxBin2Refined-group-group_250710.004	False	per-sample `GenomeBinning/QC/gunc_summary.tsv`
MG250710	FLYE-MaxBin2Refined-group-group_250710.007	False	per-sample `GenomeBinning/QC/gunc_summary.tsv`
MG250710	FLYE-MetaBAT2Refined-group-group_250710.15	True	per-sample `GenomeBinning/QC/gunc_summary.tsv`
MG250710	FLYE-DASToolUnbinned-group-group_250710	False	per-sample `GenomeBinning/QC/gunc_summary.tsv`
MG250710	METAMDBG-DASToolUnbinned-group-group_250710	False	per-sample `GenomeBinning/QC/gunc_summary.tsv`
MG250912	METAMDBG-DASToolUnbinned-group-group_250912	False	per-sample `GenomeBinning/QC/gunc_summary.tsv`
MG250912	METAMDBG-CONCOCTRefined-group-group_250912.23_sub	True	per-sample `GenomeBinning/QC/gunc_summary.tsv`
MG250912	METAMDBG-CONCOCTRefined-group-group_250912.8	False	per-sample `GenomeBinning/QC/gunc_summary.tsv`
MG250912	METAMDBG-MaxBin2Refined-group-group_250912.001	True	per-sample `GenomeBinning/QC/gunc_summary.tsv`
MG250912	METAMDBG-MaxBin2Refined-group-group_250912.011_sub	False	per-sample `GenomeBinning/QC/gunc_summary.tsv`
MG250912	METAMDBG-MaxBin2Refined-group-group_250912.015_sub	True	per-sample `GenomeBinning/QC/gunc_summary.tsv`
MG250912	METAMDBG-MaxBin2Refined-group-group_250912.016	False	per-sample `GenomeBinning/QC/gunc_summary.tsv`
MG250912	METAMDBG-MetaBAT2Refined-group-group_250912.13	True	per-sample `GenomeBinning/QC/gunc_summary.tsv`
MG250912	METAMDBG-MetaBAT2Refined-group-group_250912.29_sub	True	per-sample `GenomeBinning/QC/gunc_summary.tsv`
MG250912	METAMDBG-MetaBAT2Refined-group-group_250912.41	True	per-sample `GenomeBinning/QC/gunc_summary.tsv`
MG250912	METAMDBG-MetaBAT2Refined-group-group_250912.46	True	per-sample `GenomeBinning/QC/gunc_summary.tsv`
MG250912	METAMDBG-MetaBAT2Refined-group-group_250912.51	True	per-sample `GenomeBinning/QC/gunc_summary.tsv`
MG250912	METAMDBG-MetaBAT2Refined-group-group_250912.64	False	per-sample `GenomeBinning/QC/gunc_summary.tsv`
MG250912	METAMDBG-MetaBinnerRefined-group-group_250912.14	False	per-sample `GenomeBinning/QC/gunc_summary.tsv`
MG250912	METAMDBG-MetaBinnerRefined-group-group_250912.15	True	per-sample `GenomeBinning/QC/gunc_summary.tsv`
MG250912	METAMDBG-MetaBinnerRefined-group-group_250912.6_sub	False	per-sample `GenomeBinning/QC/gunc_summary.tsv`
MG250912	METAMDBG-SemiBin2Refined-group-group_250912.1	True	per-sample `GenomeBinning/QC/gunc_summary.tsv`
MG250912	METAMDBG-SemiBin2Refined-group-group_250912.15	True	per-sample `GenomeBinning/QC/gunc_summary.tsv`
MG250912	METAMDBG-SemiBin2Refined-group-group_250912.49_sub	True	per-sample `GenomeBinning/QC/gunc_summary.tsv`
MG250912	METAMDBG-SemiBin2Refined-group-group_250912.59_sub	True	per-sample `GenomeBinning/QC/gunc_summary.tsv`
MG250912	FLYE-DASToolUnbinned-group-group_250912	False	per-sample `GenomeBinning/QC/gunc_summary.tsv`
MG250912	FLYE-CONCOCTRefined-group-group_250912.35_sub	False	per-sample `GenomeBinning/QC/gunc_summary.tsv`
MG250912	FLYE-CONCOCTRefined-group-group_250912.4	True	per-sample `GenomeBinning/QC/gunc_summary.tsv`
MG250912	FLYE-MaxBin2Refined-group-group_250912.003_sub	True	per-sample `GenomeBinning/QC/gunc_summary.tsv`
MG250912	FLYE-MaxBin2Refined-group-group_250912.015	True	per-sample `GenomeBinning/QC/gunc_summary.tsv`
MG250912	FLYE-MetaBAT2Refined-group-group_250912.26	True	per-sample `GenomeBinning/QC/gunc_summary.tsv`
MG250912	FLYE-MetaBAT2Refined-group-group_250912.8_sub	True	per-sample `GenomeBinning/QC/gunc_summary.tsv`
MG250912	FLYE-MetaBinnerRefined-group-group_250912.3	False	per-sample `GenomeBinning/QC/gunc_summary.tsv`
MG250912	FLYE-SemiBin2Refined-group-group_250912.25	True	per-sample `GenomeBinning/QC/gunc_summary.tsv`
MG250912	FLYE-SemiBin2Refined-group-group_250912.3	True	per-sample `GenomeBinning/QC/gunc_summary.tsv`
MG251125	METAMDBG-CONCOCTRefined-group-group_251125.3	False	per-sample `GenomeBinning/QC/gunc_summary.tsv`
MG251125	METAMDBG-DASToolUnbinned-group-group_251125	False	per-sample `GenomeBinning/QC/gunc_summary.tsv`

