sample	requested_depth	repeat	seed	source	observed_genera	full_depth_richness_genus_100pct	full_depth_processed_reads	percent_full_depth_genera_recovered	rarefaction_report	rarefaction_report_sha256
S_21_10_22	1000	1	101043	new_read_level_subsample	219	1958	802464	11.1848825332	${CETA_RESULTS}/00_heavy_base_outputs/02_krakenuniq_subsamples/19_alpha_rarefaction_krakenuniq_all23_real/03_KRAKENUNIQ_REPORTS/S_21_10_22__d1000__r1.krakenuniq.report.txt	f3275a79ff53b9d1dfd2e97f4a820660eadf269e8c294b4bf87a1c9ebbd76b75
S_21_10_22	1000	2	101044	new_read_level_subsample	222	1958	802464	11.3381001021	${CETA_RESULTS}/00_heavy_base_outputs/02_krakenuniq_subsamples/19_alpha_rarefaction_krakenuniq_all23_real/03_KRAKENUNIQ_REPORTS/S_21_10_22__d1000__r2.krakenuniq.report.txt	ed7f85686d08b375cee0a5417681a10bfcf4d8796d7a4b8647c74ff58ab1e7b7
S_21_10_22	1000	3	101045	new_read_level_subsample	207	1958	802464	10.5720122574	${CETA_RESULTS}/00_heavy_base_outputs/02_krakenuniq_subsamples/19_alpha_rarefaction_krakenuniq_all23_real/03_KRAKENUNIQ_REPORTS/S_21_10_22__d1000__r3.krakenuniq.report.txt	c78342729497e3c6e62c1a75da87745949790731275dfdc24e020f3600948e71
S_21_10_22	5000	1	102043	new_read_level_subsample	664	1958	802464	33.9121552605	${CETA_RESULTS}/00_heavy_base_outputs/02_krakenuniq_subsamples/19_alpha_rarefaction_krakenuniq_all23_real/03_KRAKENUNIQ_REPORTS/S_21_10_22__d5000__r1.krakenuniq.report.txt	633efdd67811a255b60f2cf321c2d86cb3a6fac9f735e55bbffc213fee7d35d8
S_21_10_22	5000	2	102044	new_read_level_subsample	665	1958	802464	33.9632277835	${CETA_RESULTS}/00_heavy_base_outputs/02_krakenuniq_subsamples/19_alpha_rarefaction_krakenuniq_all23_real/03_KRAKENUNIQ_REPORTS/S_21_10_22__d5000__r2.krakenuniq.report.txt	ac37e376c878f13a5b84c6ce9ecd903f7e081d816f1f2f5339d0ea45b53e90ed
S_21_10_22	5000	3	102045	new_read_level_subsample	659	1958	802464	33.6567926456	${CETA_RESULTS}/00_heavy_base_outputs/02_krakenuniq_subsamples/19_alpha_rarefaction_krakenuniq_all23_real/03_KRAKENUNIQ_REPORTS/S_21_10_22__d5000__r3.krakenuniq.report.txt	17b1126768e6d73d4d6439cff4c53f74269ac1456834057d7a8a17bbbdc82087
S_21_10_22	10000	1	103043	new_read_level_subsample	906	1958	802464	46.2717058223	${CETA_RESULTS}/00_heavy_base_outputs/02_krakenuniq_subsamples/19_alpha_rarefaction_krakenuniq_all23_real/03_KRAKENUNIQ_REPORTS/S_21_10_22__d10000__r1.krakenuniq.report.txt	c45bd96543a387dc973fc686ab2fc2708d1fb49648886608a57ac3255aff728d
S_21_10_22	10000	2	103044	new_read_level_subsample	908	1958	802464	46.3738508682	${CETA_RESULTS}/00_heavy_base_outputs/02_krakenuniq_subsamples/19_alpha_rarefaction_krakenuniq_all23_real/03_KRAKENUNIQ_REPORTS/S_21_10_22__d10000__r2.krakenuniq.report.txt	a03aad91d1ba73c7ab12a82a275b6a97a136831b07d6551473a9efba04d42de0
S_21_10_22	10000	3	103045	new_read_level_subsample	891	1958	802464	45.5056179775	${CETA_RESULTS}/00_heavy_base_outputs/02_krakenuniq_subsamples/19_alpha_rarefaction_krakenuniq_all23_real/03_KRAKENUNIQ_REPORTS/S_21_10_22__d10000__r3.krakenuniq.report.txt	f392257d70c1531b483c596d45ba73db9c41d05e7843d7d22d57651bf368f9eb
S_21_10_22	25000	1	104043	new_read_level_subsample	1286	1958	802464	65.6792645557	${CETA_RESULTS}/00_heavy_base_outputs/02_krakenuniq_subsamples/19_alpha_rarefaction_krakenuniq_all23_real/03_KRAKENUNIQ_REPORTS/S_21_10_22__d25000__r1.krakenuniq.report.txt	c606785166446d16c0d87a0fe27e3b326f84483e0e8b79f812a7e531edc4b261
S_21_10_22	25000	2	104044	new_read_level_subsample	1279	1958	802464	65.3217568948	${CETA_RESULTS}/00_heavy_base_outputs/02_krakenuniq_subsamples/19_alpha_rarefaction_krakenuniq_all23_real/03_KRAKENUNIQ_REPORTS/S_21_10_22__d25000__r2.krakenuniq.report.txt	0773a1ea1093067ffb5f0612de5318fe81413dd811b61625af9783de307ba6b8
S_21_10_22	25000	3	104045	new_read_level_subsample	1278	1958	802464	65.2706843718	${CETA_RESULTS}/00_heavy_base_outputs/02_krakenuniq_subsamples/19_alpha_rarefaction_krakenuniq_all23_real/03_KRAKENUNIQ_REPORTS/S_21_10_22__d25000__r3.krakenuniq.report.txt	bb9f932aa79391f82324d2c5bd8f1b9fbfe13f7ecd0cc34887a663b37a3b7920
S_21_10_22	50000	1	105043	new_read_level_subsample	1514	1958	802464	77.3237997957	${CETA_RESULTS}/00_heavy_base_outputs/02_krakenuniq_subsamples/19_alpha_rarefaction_krakenuniq_all23_real/03_KRAKENUNIQ_REPORTS/S_21_10_22__d50000__r1.krakenuniq.report.txt	9bb26686d7ff2a41fbd52ed0213261a83b7443e2b59cbcc6fe0ba29af17d62b3
S_21_10_22	50000	2	105044	new_read_level_subsample	1531	1958	802464	78.1920326864	${CETA_RESULTS}/00_heavy_base_outputs/02_krakenuniq_subsamples/19_alpha_rarefaction_krakenuniq_all23_real/03_KRAKENUNIQ_REPORTS/S_21_10_22__d50000__r2.krakenuniq.report.txt	8f9bf171a7528c21195c4c5bd35e23c4883dcfc5f3c0bbd4a1dc29cd54eaa90a
S_21_10_22	50000	3	105045	new_read_level_subsample	1522	1958	802464	77.7323799796	${CETA_RESULTS}/00_heavy_base_outputs/02_krakenuniq_subsamples/19_alpha_rarefaction_krakenuniq_all23_real/03_KRAKENUNIQ_REPORTS/S_21_10_22__d50000__r3.krakenuniq.report.txt	034a4b5b0bcfb550dd697b32bb838ea62e56dbca44e7bed160409033b17e669d
S_21_10_22	100000	1	106043	new_read_level_subsample	1702	1958	802464	86.9254341164	${CETA_RESULTS}/00_heavy_base_outputs/02_krakenuniq_subsamples/19_alpha_rarefaction_krakenuniq_all23_real/03_KRAKENUNIQ_REPORTS/S_21_10_22__d100000__r1.krakenuniq.report.txt	e23d02a1051892b40b85d7cba4b468f77ef71c6a8e3bd1345026f75a94f0e570
S_21_10_22	100000	2	106044	new_read_level_subsample	1690	1958	802464	86.3125638407	${CETA_RESULTS}/00_heavy_base_outputs/02_krakenuniq_subsamples/19_alpha_rarefaction_krakenuniq_all23_real/03_KRAKENUNIQ_REPORTS/S_21_10_22__d100000__r2.krakenuniq.report.txt	c3e7e3237c5a682f1a36981763c2c4953a807b049cec4d0357e415caf4532584
S_21_10_22	100000	3	106045	new_read_level_subsample	1706	1958	802464	87.1297242084	${CETA_RESULTS}/00_heavy_base_outputs/02_krakenuniq_subsamples/19_alpha_rarefaction_krakenuniq_all23_real/03_KRAKENUNIQ_REPORTS/S_21_10_22__d100000__r3.krakenuniq.report.txt	ba13b3b1c89400787b904107552467ff4c636a4c3385c48ef1bc95d89c9da8e9
S_21_10_22	250000	1	107043	new_read_level_subsample	1846	1958	802464	94.2798774259	${CETA_RESULTS}/00_heavy_base_outputs/02_krakenuniq_subsamples/19_alpha_rarefaction_krakenuniq_all23_real/03_KRAKENUNIQ_REPORTS/S_21_10_22__d250000__r1.krakenuniq.report.txt	82fc892845942eed47e5b5c4c20abfcbf3dbdb3bc07a80eff4cc324a2fa9dee8
S_21_10_22	250000	2	107044	new_read_level_subsample	1841	1958	802464	94.024514811	${CETA_RESULTS}/00_heavy_base_outputs/02_krakenuniq_subsamples/19_alpha_rarefaction_krakenuniq_all23_real/03_KRAKENUNIQ_REPORTS/S_21_10_22__d250000__r2.krakenuniq.report.txt	648b997a1be616418857d3f79ad456133964e41cee32ea02f9b9f82baef3b150
S_21_10_22	250000	3	107045	new_read_level_subsample	1825	1958	802464	93.2073544433	${CETA_RESULTS}/00_heavy_base_outputs/02_krakenuniq_subsamples/19_alpha_rarefaction_krakenuniq_all23_real/03_KRAKENUNIQ_REPORTS/S_21_10_22__d250000__r3.krakenuniq.report.txt	df316ac2a16ef9b591b886b9847f4b50a483e1a884a353d72c0d510ecd31beab
S_21_10_22	315147	1		retained_equal_depth_report	1875	1958	802464	95.7609805924	${CETA_RESULTS}/00_heavy_base_outputs/02_krakenuniq_subsamples/16_krakenuniq_equal_depth_23samples/results/taxprofiler_run-20260516_123800/krakenuniq/krakenuniq_standard/S_21_10_22__sub315147__r1_S_21_10_22__sub315147__r1.se.krakenuniq.report.txt	f83a02a893ea3ddc0d45206d54b1e9ac74654e071c726d8175ff04c06e441ef6
S_21_10_22	315147	2		retained_equal_depth_report	1866	1958	802464	95.3013278856	${CETA_RESULTS}/00_heavy_base_outputs/02_krakenuniq_subsamples/16_krakenuniq_equal_depth_23samples/results/taxprofiler_run-20260516_123800/krakenuniq/krakenuniq_standard/S_21_10_22__sub315147__r2_S_21_10_22__sub315147__r2.se.krakenuniq.report.txt	82240a97b7a6cbb37801109c73dd68d19ec7922db19cf68a608d162926ca7805
S_21_10_22	315147	3		retained_equal_depth_report	1867	1958	802464	95.3524004086	${CETA_RESULTS}/00_heavy_base_outputs/02_krakenuniq_subsamples/16_krakenuniq_equal_depth_23samples/results/taxprofiler_run-20260516_123800/krakenuniq/krakenuniq_standard/S_21_10_22__sub315147__r3_S_21_10_22__sub315147__r3.se.krakenuniq.report.txt	93c0091dc418b769f3011d8f17f57942f6feb2df9d7a79260f3e6532d3e5ca2b
S_21_12_20	1000	1	201043	new_read_level_subsample	241	1832	296287	13.1550218341	${CETA_RESULTS}/00_heavy_base_outputs/02_krakenuniq_subsamples/19_alpha_rarefaction_krakenuniq_all23_real/03_KRAKENUNIQ_REPORTS/S_21_12_20__d1000__r1.krakenuniq.report.txt	8d3b93386ba45321fcd287709d0891e537bf3ff7c94b70100e622e23f2055080
S_21_12_20	1000	2	201044	new_read_level_subsample	216	1832	296287	11.7903930131	${CETA_RESULTS}/00_heavy_base_outputs/02_krakenuniq_subsamples/19_alpha_rarefaction_krakenuniq_all23_real/03_KRAKENUNIQ_REPORTS/S_21_12_20__d1000__r2.krakenuniq.report.txt	745b99a502ca1d6309944869b2f94ac149097ff44a59dcd905afbdeca72c216a
S_21_12_20	1000	3	201045	new_read_level_subsample	244	1832	296287	13.3187772926	${CETA_RESULTS}/00_heavy_base_outputs/02_krakenuniq_subsamples/19_alpha_rarefaction_krakenuniq_all23_real/03_KRAKENUNIQ_REPORTS/S_21_12_20__d1000__r3.krakenuniq.report.txt	aa6058aa6de04f4c13627d85464ee2d8cd928345ae5d9921e54e40a9a9858ba1
S_21_12_20	5000	1	202043	new_read_level_subsample	658	1832	296287	35.9170305677	${CETA_RESULTS}/00_heavy_base_outputs/02_krakenuniq_subsamples/19_alpha_rarefaction_krakenuniq_all23_real/03_KRAKENUNIQ_REPORTS/S_21_12_20__d5000__r1.krakenuniq.report.txt	757ec0dccbcab944e928faafa5e559fd88270b3807cd429d6aff57609ce4e83a
S_21_12_20	5000	2	202044	new_read_level_subsample	675	1832	296287	36.8449781659	${CETA_RESULTS}/00_heavy_base_outputs/02_krakenuniq_subsamples/19_alpha_rarefaction_krakenuniq_all23_real/03_KRAKENUNIQ_REPORTS/S_21_12_20__d5000__r2.krakenuniq.report.txt	00ff4c81c4b94f123dfd449f7d62f436347304126bdd97b8a20cbb9b67d71907
S_21_12_20	5000	3	202045	new_read_level_subsample	656	1832	296287	35.807860262	${CETA_RESULTS}/00_heavy_base_outputs/02_krakenuniq_subsamples/19_alpha_rarefaction_krakenuniq_all23_real/03_KRAKENUNIQ_REPORTS/S_21_12_20__d5000__r3.krakenuniq.report.txt	477d76e83bf23faf5dc107eaf35deaf6e1579558047b87d1de6c1d77679491a8
S_21_12_20	10000	1	203043	new_read_level_subsample	920	1832	296287	50.2183406114	${CETA_RESULTS}/00_heavy_base_outputs/02_krakenuniq_subsamples/19_alpha_rarefaction_krakenuniq_all23_real/03_KRAKENUNIQ_REPORTS/S_21_12_20__d10000__r1.krakenuniq.report.txt	6fbbdd4b39e10aa201ebf623cdbaf654ce36fd8a28500db3cf73955887dfdc0b
S_21_12_20	10000	2	203044	new_read_level_subsample	929	1832	296287	50.7096069869	${CETA_RESULTS}/00_heavy_base_outputs/02_krakenuniq_subsamples/19_alpha_rarefaction_krakenuniq_all23_real/03_KRAKENUNIQ_REPORTS/S_21_12_20__d10000__r2.krakenuniq.report.txt	d3356415643580e9b314120cb05d595f24d8326b743568a8f2be7117ea18829b
S_21_12_20	10000	3	203045	new_read_level_subsample	933	1832	296287	50.9279475983	${CETA_RESULTS}/00_heavy_base_outputs/02_krakenuniq_subsamples/19_alpha_rarefaction_krakenuniq_all23_real/03_KRAKENUNIQ_REPORTS/S_21_12_20__d10000__r3.krakenuniq.report.txt	8ab51603211b5c281441b5e7aac9b562d9ed962a007847335347a72ff90d73bb
S_21_12_20	25000	1	204043	new_read_level_subsample	1255	1832	296287	68.5043668122	${CETA_RESULTS}/00_heavy_base_outputs/02_krakenuniq_subsamples/19_alpha_rarefaction_krakenuniq_all23_real/03_KRAKENUNIQ_REPORTS/S_21_12_20__d25000__r1.krakenuniq.report.txt	4d89e8c8dd137f8219c41809fca1591d57f8495c2e3d8a5d217710b71b60189f
S_21_12_20	25000	2	204044	new_read_level_subsample	1264	1832	296287	68.9956331878	${CETA_RESULTS}/00_heavy_base_outputs/02_krakenuniq_subsamples/19_alpha_rarefaction_krakenuniq_all23_real/03_KRAKENUNIQ_REPORTS/S_21_12_20__d25000__r2.krakenuniq.report.txt	fef9edefb5cc51c34d319aa3a532d461f6b9cf7a1d3e939f5caffd15d7d7cf9a
S_21_12_20	25000	3	204045	new_read_level_subsample	1279	1832	296287	69.8144104803	${CETA_RESULTS}/00_heavy_base_outputs/02_krakenuniq_subsamples/19_alpha_rarefaction_krakenuniq_all23_real/03_KRAKENUNIQ_REPORTS/S_21_12_20__d25000__r3.krakenuniq.report.txt	f465c0036856b6e05e09cebab2b2e4c2b53bf92ee7e2da7b488fe50d4ed53073
S_21_12_20	50000	1	205043	new_read_level_subsample	1512	1832	296287	82.5327510917	${CETA_RESULTS}/00_heavy_base_outputs/02_krakenuniq_subsamples/19_alpha_rarefaction_krakenuniq_all23_real/03_KRAKENUNIQ_REPORTS/S_21_12_20__d50000__r1.krakenuniq.report.txt	b1e1bd2f0a4b78a52ceb946af2f1e67cf7cc1610fb752ad0d58e70575ed6b538
S_21_12_20	50000	2	205044	new_read_level_subsample	1495	1832	296287	81.6048034934	${CETA_RESULTS}/00_heavy_base_outputs/02_krakenuniq_subsamples/19_alpha_rarefaction_krakenuniq_all23_real/03_KRAKENUNIQ_REPORTS/S_21_12_20__d50000__r2.krakenuniq.report.txt	9e3ac36f8cc50ad799ee73d7bd1d0ef938d77cdf06ba3d8ed3661062c0ebd75e
S_21_12_20	50000	3	205045	new_read_level_subsample	1501	1832	296287	81.9323144105	${CETA_RESULTS}/00_heavy_base_outputs/02_krakenuniq_subsamples/19_alpha_rarefaction_krakenuniq_all23_real/03_KRAKENUNIQ_REPORTS/S_21_12_20__d50000__r3.krakenuniq.report.txt	bcabdd965c94f0665b12598ae9e91e5efcb19aeab8aa5ac20b77fea8c3bba188
S_21_12_20	100000	1	206043	new_read_level_subsample	1664	1832	296287	90.8296943231	${CETA_RESULTS}/00_heavy_base_outputs/02_krakenuniq_subsamples/19_alpha_rarefaction_krakenuniq_all23_real/03_KRAKENUNIQ_REPORTS/S_21_12_20__d100000__r1.krakenuniq.report.txt	bf65f9a1d9fe17353535a300b0ae3c36193df21cd63ad00503ea0e990468a891
S_21_12_20	100000	2	206044	new_read_level_subsample	1679	1832	296287	91.6484716157	${CETA_RESULTS}/00_heavy_base_outputs/02_krakenuniq_subsamples/19_alpha_rarefaction_krakenuniq_all23_real/03_KRAKENUNIQ_REPORTS/S_21_12_20__d100000__r2.krakenuniq.report.txt	87f27eb8e75e16dc12a46588911911611912005946268df89428004501931969
S_21_12_20	100000	3	206045	new_read_level_subsample	1669	1832	296287	91.1026200873	${CETA_RESULTS}/00_heavy_base_outputs/02_krakenuniq_subsamples/19_alpha_rarefaction_krakenuniq_all23_real/03_KRAKENUNIQ_REPORTS/S_21_12_20__d100000__r3.krakenuniq.report.txt	35123a5fe48d19141ce78bcb8e65bb61c1987816a886d0ff823cc263c84e8ec5
S_21_12_20	250000	1	207043	new_read_level_subsample	1809	1832	296287	98.7445414847	${CETA_RESULTS}/00_heavy_base_outputs/02_krakenuniq_subsamples/19_alpha_rarefaction_krakenuniq_all23_real/03_KRAKENUNIQ_REPORTS/S_21_12_20__d250000__r1.krakenuniq.report.txt	f90915b634fdcd8fddfea2a92be1986e600f9a1ff2746bea2aae7365fd5df180
S_21_12_20	250000	2	207044	new_read_level_subsample	1815	1832	296287	99.0720524017	${CETA_RESULTS}/00_heavy_base_outputs/02_krakenuniq_subsamples/19_alpha_rarefaction_krakenuniq_all23_real/03_KRAKENUNIQ_REPORTS/S_21_12_20__d250000__r2.krakenuniq.report.txt	eae632bff3f79ccac09f461e34a4bd079fb84ce53e8645cc5c6aaaed05728204
S_21_12_20	250000	3	207045	new_read_level_subsample	1799	1832	296287	98.1986899563	${CETA_RESULTS}/00_heavy_base_outputs/02_krakenuniq_subsamples/19_alpha_rarefaction_krakenuniq_all23_real/03_KRAKENUNIQ_REPORTS/S_21_12_20__d250000__r3.krakenuniq.report.txt	9cfc362dca74425fbbc1efb92ea0de97e133655144e30d29dd21b071880a039f
S_21_12_20	315147	1		retained_equal_depth_report	1833	1832	296287	100.054585153	${CETA_RESULTS}/00_heavy_base_outputs/02_krakenuniq_subsamples/16_krakenuniq_equal_depth_23samples/results/taxprofiler_run-20260516_123800/krakenuniq/krakenuniq_standard/S_21_12_20__sub315147__r1_S_21_12_20__sub315147__r1.se.krakenuniq.report.txt	c8b6e6a231a15f81a3fd32e64da4c0cd8bcc1c6514efb8fa04d21e0ddaa1a41b
S_21_12_20	315147	2		retained_equal_depth_report	1833	1832	296287	100.054585153	${CETA_RESULTS}/00_heavy_base_outputs/02_krakenuniq_subsamples/16_krakenuniq_equal_depth_23samples/results/taxprofiler_run-20260516_123800/krakenuniq/krakenuniq_standard/S_21_12_20__sub315147__r2_S_21_12_20__sub315147__r2.se.krakenuniq.report.txt	4f92e832235e0e82462453a494ee686a114c94c22b5e169b735b864af7e415dd
S_21_12_20	315147	3		retained_equal_depth_report	1833	1832	296287	100.054585153	${CETA_RESULTS}/00_heavy_base_outputs/02_krakenuniq_subsamples/16_krakenuniq_equal_depth_23samples/results/taxprofiler_run-20260516_123800/krakenuniq/krakenuniq_standard/S_21_12_20__sub315147__r3_S_21_12_20__sub315147__r3.se.krakenuniq.report.txt	4453bad9b2d1297ca17fbc47de720a642a0e63493a03537559fe3635f0ba61ae
S_22_02_24	1000	1	301043	new_read_level_subsample	218	1886	568050	11.558854719	${CETA_RESULTS}/00_heavy_base_outputs/02_krakenuniq_subsamples/19_alpha_rarefaction_krakenuniq_all23_real/03_KRAKENUNIQ_REPORTS/S_22_02_24__d1000__r1.krakenuniq.report.txt	8011b28cad3682ef5332d3fc1715fd642e6565e8397a5037e4ec006fb1a8b0dd
S_22_02_24	1000	2	301044	new_read_level_subsample	241	1886	568050	12.7783669141	${CETA_RESULTS}/00_heavy_base_outputs/02_krakenuniq_subsamples/19_alpha_rarefaction_krakenuniq_all23_real/03_KRAKENUNIQ_REPORTS/S_22_02_24__d1000__r2.krakenuniq.report.txt	c14c3e93bdb1d8e1e72886958f530dfec476f1b15d9ccb759c209d707b915ae0
S_22_02_24	1000	3	301045	new_read_level_subsample	222	1886	568050	11.7709437964	${CETA_RESULTS}/00_heavy_base_outputs/02_krakenuniq_subsamples/19_alpha_rarefaction_krakenuniq_all23_real/03_KRAKENUNIQ_REPORTS/S_22_02_24__d1000__r3.krakenuniq.report.txt	e6410461b261ca0410cbc005c7d70fec28402741da633ee0c1ee0d069000cb21
S_22_02_24	5000	1	302043	new_read_level_subsample	669	1886	568050	35.4718981972	${CETA_RESULTS}/00_heavy_base_outputs/02_krakenuniq_subsamples/19_alpha_rarefaction_krakenuniq_all23_real/03_KRAKENUNIQ_REPORTS/S_22_02_24__d5000__r1.krakenuniq.report.txt	79e62b8e4417bcc02603128b2e4909cd9d53c63ffbb861f852746ada2e38f464
S_22_02_24	5000	2	302044	new_read_level_subsample	632	1886	568050	33.5100742312	${CETA_RESULTS}/00_heavy_base_outputs/02_krakenuniq_subsamples/19_alpha_rarefaction_krakenuniq_all23_real/03_KRAKENUNIQ_REPORTS/S_22_02_24__d5000__r2.krakenuniq.report.txt	1deffed5926c4201e0b86979ff651853f12e91ff5d39fec506f77bc6ce250f9f
S_22_02_24	5000	3	302045	new_read_level_subsample	677	1886	568050	35.8960763521	${CETA_RESULTS}/00_heavy_base_outputs/02_krakenuniq_subsamples/19_alpha_rarefaction_krakenuniq_all23_real/03_KRAKENUNIQ_REPORTS/S_22_02_24__d5000__r3.krakenuniq.report.txt	e15c622ca39090a145419bdac3c81f9a650dad213e527faf2ec0b6a9a96a5562
S_22_02_24	10000	1	303043	new_read_level_subsample	944	1886	568050	50.0530222694	${CETA_RESULTS}/00_heavy_base_outputs/02_krakenuniq_subsamples/19_alpha_rarefaction_krakenuniq_all23_real/03_KRAKENUNIQ_REPORTS/S_22_02_24__d10000__r1.krakenuniq.report.txt	56b2bafa4d1160a384a4123680679536d1838338286d6f349ee593fbf26b4d05
S_22_02_24	10000	2	303044	new_read_level_subsample	906	1886	568050	48.0381760339	${CETA_RESULTS}/00_heavy_base_outputs/02_krakenuniq_subsamples/19_alpha_rarefaction_krakenuniq_all23_real/03_KRAKENUNIQ_REPORTS/S_22_02_24__d10000__r2.krakenuniq.report.txt	a96c33d91098daf15a685cd3edece4b168d0683f6215144e30c190dccf9c6d9d
S_22_02_24	10000	3	303045	new_read_level_subsample	906	1886	568050	48.0381760339	${CETA_RESULTS}/00_heavy_base_outputs/02_krakenuniq_subsamples/19_alpha_rarefaction_krakenuniq_all23_real/03_KRAKENUNIQ_REPORTS/S_22_02_24__d10000__r3.krakenuniq.report.txt	4ee062a66503712e08e2c18e9726d88b9dd38a6640257734e42fe230f482d934
S_22_02_24	25000	1	304043	new_read_level_subsample	1255	1886	568050	66.5429480382	${CETA_RESULTS}/00_heavy_base_outputs/02_krakenuniq_subsamples/19_alpha_rarefaction_krakenuniq_all23_real/03_KRAKENUNIQ_REPORTS/S_22_02_24__d25000__r1.krakenuniq.report.txt	af0ba222393fece71bc1bd3d8c55549912c0f53d189e9bb384d3b7e3ae378106
S_22_02_24	25000	2	304044	new_read_level_subsample	1274	1886	568050	67.5503711559	${CETA_RESULTS}/00_heavy_base_outputs/02_krakenuniq_subsamples/19_alpha_rarefaction_krakenuniq_all23_real/03_KRAKENUNIQ_REPORTS/S_22_02_24__d25000__r2.krakenuniq.report.txt	8fe0edc6ebd4a82fdb25febbf8114321d5c775221c7657ecf1b32b8876707ebe
S_22_02_24	25000	3	304045	new_read_level_subsample	1283	1886	568050	68.0275715801	${CETA_RESULTS}/00_heavy_base_outputs/02_krakenuniq_subsamples/19_alpha_rarefaction_krakenuniq_all23_real/03_KRAKENUNIQ_REPORTS/S_22_02_24__d25000__r3.krakenuniq.report.txt	e3cc2976a3a029ff10d46bbc8798c4d43edbb7f339a700a383c9bb3c27569876
S_22_02_24	50000	1	305043	new_read_level_subsample	1512	1886	568050	80.1696712619	${CETA_RESULTS}/00_heavy_base_outputs/02_krakenuniq_subsamples/19_alpha_rarefaction_krakenuniq_all23_real/03_KRAKENUNIQ_REPORTS/S_22_02_24__d50000__r1.krakenuniq.report.txt	9217859a86ceae2147a92e64f6dd1764dd2bc330e938b4984df3625bb008e69b
S_22_02_24	50000	2	305044	new_read_level_subsample	1505	1886	568050	79.7985153765	${CETA_RESULTS}/00_heavy_base_outputs/02_krakenuniq_subsamples/19_alpha_rarefaction_krakenuniq_all23_real/03_KRAKENUNIQ_REPORTS/S_22_02_24__d50000__r2.krakenuniq.report.txt	e38100f71a52bc524fb0497740be329d97700d625f8758288ba1d13c2f7c6217
S_22_02_24	50000	3	305045	new_read_level_subsample	1507	1886	568050	79.9045599152	${CETA_RESULTS}/00_heavy_base_outputs/02_krakenuniq_subsamples/19_alpha_rarefaction_krakenuniq_all23_real/03_KRAKENUNIQ_REPORTS/S_22_02_24__d50000__r3.krakenuniq.report.txt	9b21d1cc08d17e5e8bd333a0602fd2527e1e5acb1ea28a04c9828c1b3badbdea
S_22_02_24	100000	1	306043	new_read_level_subsample	1667	1886	568050	88.3881230117	${CETA_RESULTS}/00_heavy_base_outputs/02_krakenuniq_subsamples/19_alpha_rarefaction_krakenuniq_all23_real/03_KRAKENUNIQ_REPORTS/S_22_02_24__d100000__r1.krakenuniq.report.txt	72f95af43a52724aa89c2f19d2c4fa544b672ce786274e462d97cc0bcd1373fd
S_22_02_24	100000	2	306044	new_read_level_subsample	1688	1886	568050	89.5015906681	${CETA_RESULTS}/00_heavy_base_outputs/02_krakenuniq_subsamples/19_alpha_rarefaction_krakenuniq_all23_real/03_KRAKENUNIQ_REPORTS/S_22_02_24__d100000__r2.krakenuniq.report.txt	9e9f71319174ef5dc1f7de9ff35460dc0eb56b374d8a66a3234c21e5ce680586
S_22_02_24	100000	3	306045	new_read_level_subsample	1667	1886	568050	88.3881230117	${CETA_RESULTS}/00_heavy_base_outputs/02_krakenuniq_subsamples/19_alpha_rarefaction_krakenuniq_all23_real/03_KRAKENUNIQ_REPORTS/S_22_02_24__d100000__r3.krakenuniq.report.txt	a77946ea5b41b114010ba3ca65062c9c989c50896b356a6ac4b5024aec05768a
S_22_02_24	250000	1	307043	new_read_level_subsample	1811	1886	568050	96.0233297985	${CETA_RESULTS}/00_heavy_base_outputs/02_krakenuniq_subsamples/19_alpha_rarefaction_krakenuniq_all23_real/03_KRAKENUNIQ_REPORTS/S_22_02_24__d250000__r1.krakenuniq.report.txt	e518c6f4ae0a70a90d810c65e9ee5677fbf24035efb30ead9323dc75f9d0a512
S_22_02_24	250000	2	307044	new_read_level_subsample	1802	1886	568050	95.5461293743	${CETA_RESULTS}/00_heavy_base_outputs/02_krakenuniq_subsamples/19_alpha_rarefaction_krakenuniq_all23_real/03_KRAKENUNIQ_REPORTS/S_22_02_24__d250000__r2.krakenuniq.report.txt	4e29ed72e67f9377d1189c155a1c1944ffbad79e57bca89718ba0c5ffc5ddf2e
S_22_02_24	250000	3	307045	new_read_level_subsample	1801	1886	568050	95.493107105	${CETA_RESULTS}/00_heavy_base_outputs/02_krakenuniq_subsamples/19_alpha_rarefaction_krakenuniq_all23_real/03_KRAKENUNIQ_REPORTS/S_22_02_24__d250000__r3.krakenuniq.report.txt	77a814dad5038b6767abf319d1d77309c7080d7adf41d809a807624b45bdd615
S_22_02_24	315147	1		retained_equal_depth_report	1831	1886	568050	97.0837751856	${CETA_RESULTS}/00_heavy_base_outputs/02_krakenuniq_subsamples/16_krakenuniq_equal_depth_23samples/results/taxprofiler_run-20260516_123800/krakenuniq/krakenuniq_standard/S_22_02_24__sub315147__r1_S_22_02_24__sub315147__r1.se.krakenuniq.report.txt	674796d5f2236a4da00cc1d77c473d905fdf2c566f461619c206b4de1ed06171
S_22_02_24	315147	2		retained_equal_depth_report	1825	1886	568050	96.7656415695	${CETA_RESULTS}/00_heavy_base_outputs/02_krakenuniq_subsamples/16_krakenuniq_equal_depth_23samples/results/taxprofiler_run-20260516_123800/krakenuniq/krakenuniq_standard/S_22_02_24__sub315147__r2_S_22_02_24__sub315147__r2.se.krakenuniq.report.txt	e874d4b60632f27ed87e391ccb4866ddc74bf1b06141c6e23a6d918998bcb6ef
S_22_02_24	315147	3		retained_equal_depth_report	1832	1886	568050	97.1367974549	${CETA_RESULTS}/00_heavy_base_outputs/02_krakenuniq_subsamples/16_krakenuniq_equal_depth_23samples/results/taxprofiler_run-20260516_123800/krakenuniq/krakenuniq_standard/S_22_02_24__sub315147__r3_S_22_02_24__sub315147__r3.se.krakenuniq.report.txt	52089454bf3ca765fe569586f1411764e6f56ba733ca4b66ed8a9db36a4c7488
S_22_04_28	1000	1	401043	new_read_level_subsample	198	2018	3346226	9.81169474727	${CETA_RESULTS}/00_heavy_base_outputs/02_krakenuniq_subsamples/19_alpha_rarefaction_krakenuniq_all23_real/03_KRAKENUNIQ_REPORTS/S_22_04_28__d1000__r1.krakenuniq.report.txt	536d94aa38a5e42120c1280f2f1833e044d8ad0e787dc7ddaaea5266cc8a4c97
S_22_04_28	1000	2	401044	new_read_level_subsample	197	2018	3346226	9.7621407334	${CETA_RESULTS}/00_heavy_base_outputs/02_krakenuniq_subsamples/19_alpha_rarefaction_krakenuniq_all23_real/03_KRAKENUNIQ_REPORTS/S_22_04_28__d1000__r2.krakenuniq.report.txt	d9b82c7275add11c1c7f2c2ffca3dec788ebf090f66a00e34f5c9a61c80ea61d
S_22_04_28	1000	3	401045	new_read_level_subsample	177	2018	3346226	8.7710604559	${CETA_RESULTS}/00_heavy_base_outputs/02_krakenuniq_subsamples/19_alpha_rarefaction_krakenuniq_all23_real/03_KRAKENUNIQ_REPORTS/S_22_04_28__d1000__r3.krakenuniq.report.txt	5a378fade81738e560543e0b9d6e44337e5b4d7ed8370bcb27970dcf725b1dfa
S_22_04_28	5000	1	402043	new_read_level_subsample	549	2018	3346226	27.2051536174	${CETA_RESULTS}/00_heavy_base_outputs/02_krakenuniq_subsamples/19_alpha_rarefaction_krakenuniq_all23_real/03_KRAKENUNIQ_REPORTS/S_22_04_28__d5000__r1.krakenuniq.report.txt	a062ac3cef9ebc6902d200c974a06b118943015323804c9efec547c50ec2529b
S_22_04_28	5000	2	402044	new_read_level_subsample	547	2018	3346226	27.1060455897	${CETA_RESULTS}/00_heavy_base_outputs/02_krakenuniq_subsamples/19_alpha_rarefaction_krakenuniq_all23_real/03_KRAKENUNIQ_REPORTS/S_22_04_28__d5000__r2.krakenuniq.report.txt	8f3e9ab99e390a9fb55a59c20ed6829da5b777a2a05bcac984b848fe46e0ba97
S_22_04_28	5000	3	402045	new_read_level_subsample	599	2018	3346226	29.6828543112	${CETA_RESULTS}/00_heavy_base_outputs/02_krakenuniq_subsamples/19_alpha_rarefaction_krakenuniq_all23_real/03_KRAKENUNIQ_REPORTS/S_22_04_28__d5000__r3.krakenuniq.report.txt	1123ea26ea1fb58a72d8e6c80bd08a2055736409c6a40e32273eb8171fa4090d
S_22_04_28	10000	1	403043	new_read_level_subsample	796	2018	3346226	39.4449950446	${CETA_RESULTS}/00_heavy_base_outputs/02_krakenuniq_subsamples/19_alpha_rarefaction_krakenuniq_all23_real/03_KRAKENUNIQ_REPORTS/S_22_04_28__d10000__r1.krakenuniq.report.txt	db01df36c42400ab57526b35e122ef07d01c0fab296b5718c3a29a4ea2b6f2a7
S_22_04_28	10000	2	403044	new_read_level_subsample	813	2018	3346226	40.2874132805	${CETA_RESULTS}/00_heavy_base_outputs/02_krakenuniq_subsamples/19_alpha_rarefaction_krakenuniq_all23_real/03_KRAKENUNIQ_REPORTS/S_22_04_28__d10000__r2.krakenuniq.report.txt	df8d113882669f56fc18c2391956d33a6518e7f2fe12007a1b67d8d56ee8f1a5
S_22_04_28	10000	3	403045	new_read_level_subsample	810	2018	3346226	40.1387512389	${CETA_RESULTS}/00_heavy_base_outputs/02_krakenuniq_subsamples/19_alpha_rarefaction_krakenuniq_all23_real/03_KRAKENUNIQ_REPORTS/S_22_04_28__d10000__r3.krakenuniq.report.txt	9dac277bcc288541fbf5aae784892cc8cf28b6688c22e740d5ece4ed6f3df391
S_22_04_28	25000	1	404043	new_read_level_subsample	1170	2018	3346226	57.9781962339	${CETA_RESULTS}/00_heavy_base_outputs/02_krakenuniq_subsamples/19_alpha_rarefaction_krakenuniq_all23_real/03_KRAKENUNIQ_REPORTS/S_22_04_28__d25000__r1.krakenuniq.report.txt	8507eaea6808119521240bfa7d0d9ed44f82f86b42319530edd0c76149f0d90e
S_22_04_28	25000	2	404044	new_read_level_subsample	1169	2018	3346226	57.92864222	${CETA_RESULTS}/00_heavy_base_outputs/02_krakenuniq_subsamples/19_alpha_rarefaction_krakenuniq_all23_real/03_KRAKENUNIQ_REPORTS/S_22_04_28__d25000__r2.krakenuniq.report.txt	06a144aac89752969cfa156dedfacb653cbe074ac0a279f2264148fbc0cd9664
S_22_04_28	25000	3	404045	new_read_level_subsample	1167	2018	3346226	57.8295341923	${CETA_RESULTS}/00_heavy_base_outputs/02_krakenuniq_subsamples/19_alpha_rarefaction_krakenuniq_all23_real/03_KRAKENUNIQ_REPORTS/S_22_04_28__d25000__r3.krakenuniq.report.txt	48a9e20e10288a1fb58d72c38f47092f13cc6b20eb4d3e31b458d71a706fec93
S_22_04_28	50000	1	405043	new_read_level_subsample	1398	2018	3346226	69.2765113974	${CETA_RESULTS}/00_heavy_base_outputs/02_krakenuniq_subsamples/19_alpha_rarefaction_krakenuniq_all23_real/03_KRAKENUNIQ_REPORTS/S_22_04_28__d50000__r1.krakenuniq.report.txt	4640d49c2aacd0b6db6e94fae710b67cb197a0e9ead60b60b4bd192131f01efa
S_22_04_28	50000	2	405044	new_read_level_subsample	1416	2018	3346226	70.1684836472	${CETA_RESULTS}/00_heavy_base_outputs/02_krakenuniq_subsamples/19_alpha_rarefaction_krakenuniq_all23_real/03_KRAKENUNIQ_REPORTS/S_22_04_28__d50000__r2.krakenuniq.report.txt	466200e6a015e3406cd056dff8055c60ec1765d83688bb8165ca3e482e450d89
S_22_04_28	50000	3	405045	new_read_level_subsample	1406	2018	3346226	69.6729435084	${CETA_RESULTS}/00_heavy_base_outputs/02_krakenuniq_subsamples/19_alpha_rarefaction_krakenuniq_all23_real/03_KRAKENUNIQ_REPORTS/S_22_04_28__d50000__r3.krakenuniq.report.txt	c04468edee7e4313cfe030a7987e049ccf979d9f393b3c703e126b3623fd90cd
S_22_04_28	100000	1	406043	new_read_level_subsample	1604	2018	3346226	79.4846382557	${CETA_RESULTS}/00_heavy_base_outputs/02_krakenuniq_subsamples/19_alpha_rarefaction_krakenuniq_all23_real/03_KRAKENUNIQ_REPORTS/S_22_04_28__d100000__r1.krakenuniq.report.txt	55f874f3c39ffb0655323eaf54690039fc60cb31b9ab6848cd6df885e47c6379
S_22_04_28	100000	2	406044	new_read_level_subsample	1596	2018	3346226	79.0882061447	${CETA_RESULTS}/00_heavy_base_outputs/02_krakenuniq_subsamples/19_alpha_rarefaction_krakenuniq_all23_real/03_KRAKENUNIQ_REPORTS/S_22_04_28__d100000__r2.krakenuniq.report.txt	9c70938084c4e7e90ea72fe95f6d817dee35f36c2228e7b4798e1612aa771818
S_22_04_28	100000	3	406045	new_read_level_subsample	1608	2018	3346226	79.6828543112	${CETA_RESULTS}/00_heavy_base_outputs/02_krakenuniq_subsamples/19_alpha_rarefaction_krakenuniq_all23_real/03_KRAKENUNIQ_REPORTS/S_22_04_28__d100000__r3.krakenuniq.report.txt	83420ff028f45f5a9b59a5c50f246ac64c543377de3d5fbe6d224cf1c7f7a63d
S_22_04_28	250000	1	407043	new_read_level_subsample	1776	2018	3346226	88.0079286422	${CETA_RESULTS}/00_heavy_base_outputs/02_krakenuniq_subsamples/19_alpha_rarefaction_krakenuniq_all23_real/03_KRAKENUNIQ_REPORTS/S_22_04_28__d250000__r1.krakenuniq.report.txt	4eb44c62a0068dd35b605c06cb45eb016f1e0fb99b6632a5584300848595c152
S_22_04_28	250000	2	407044	new_read_level_subsample	1773	2018	3346226	87.8592666006	${CETA_RESULTS}/00_heavy_base_outputs/02_krakenuniq_subsamples/19_alpha_rarefaction_krakenuniq_all23_real/03_KRAKENUNIQ_REPORTS/S_22_04_28__d250000__r2.krakenuniq.report.txt	2006b6534ebd3d48d2110af7fa52eda828c464ef5ce48f6ca2d9b7177b823204
S_22_04_28	250000	3	407045	new_read_level_subsample	1782	2018	3346226	88.3052527255	${CETA_RESULTS}/00_heavy_base_outputs/02_krakenuniq_subsamples/19_alpha_rarefaction_krakenuniq_all23_real/03_KRAKENUNIQ_REPORTS/S_22_04_28__d250000__r3.krakenuniq.report.txt	c213626dccdc003cccba23e4b404ef0dd5c8d90eb46e15c362ce6e93bd4733f8
S_22_04_28	315147	1		retained_equal_depth_report	1800	2018	3346226	89.1972249752	${CETA_RESULTS}/00_heavy_base_outputs/02_krakenuniq_subsamples/16_krakenuniq_equal_depth_23samples/results/taxprofiler_run-20260516_123800/krakenuniq/krakenuniq_standard/S_22_04_28__sub315147__r1_S_22_04_28__sub315147__r1.se.krakenuniq.report.txt	6d6b12601fdfeb8023d4b5c14e3049bf79f7c464d4b021b41d3a10c9536cfea8
S_22_04_28	315147	2		retained_equal_depth_report	1815	2018	3346226	89.9405351833	${CETA_RESULTS}/00_heavy_base_outputs/02_krakenuniq_subsamples/16_krakenuniq_equal_depth_23samples/results/taxprofiler_run-20260516_123800/krakenuniq/krakenuniq_standard/S_22_04_28__sub315147__r2_S_22_04_28__sub315147__r2.se.krakenuniq.report.txt	ab08c9eea5fb665d1ad0d983878722dddb1f9f3156fbf5a33c4b1a36d357cbf0
S_22_04_28	315147	3		retained_equal_depth_report	1786	2018	3346226	88.503468781	${CETA_RESULTS}/00_heavy_base_outputs/02_krakenuniq_subsamples/16_krakenuniq_equal_depth_23samples/results/taxprofiler_run-20260516_123800/krakenuniq/krakenuniq_standard/S_22_04_28__sub315147__r3_S_22_04_28__sub315147__r3.se.krakenuniq.report.txt	82a716219074ae1660e82fc0f69c422e68bd69fe5245f5af50f7f98820b7b6af
S_22_06_29	1000	1	501043	new_read_level_subsample	195	1934	628922	10.0827300931	${CETA_RESULTS}/00_heavy_base_outputs/02_krakenuniq_subsamples/19_alpha_rarefaction_krakenuniq_all23_real/03_KRAKENUNIQ_REPORTS/S_22_06_29__d1000__r1.krakenuniq.report.txt	11b2a0c86e7b33d78f4174e073863b7451f41a6bb55b95529fd21ea0461b1aba
S_22_06_29	1000	2	501044	new_read_level_subsample	197	1934	628922	10.1861427094	${CETA_RESULTS}/00_heavy_base_outputs/02_krakenuniq_subsamples/19_alpha_rarefaction_krakenuniq_all23_real/03_KRAKENUNIQ_REPORTS/S_22_06_29__d1000__r2.krakenuniq.report.txt	b8b26fbde2c11defcb6c8b25d65f0a1a19384d34fbde323391e318997801ffc9
S_22_06_29	1000	3	501045	new_read_level_subsample	237	1934	628922	12.2543950362	${CETA_RESULTS}/00_heavy_base_outputs/02_krakenuniq_subsamples/19_alpha_rarefaction_krakenuniq_all23_real/03_KRAKENUNIQ_REPORTS/S_22_06_29__d1000__r3.krakenuniq.report.txt	365a82fac961c459dbd6ab56b751b7d7b9f03df1f8f876ffcbfaeaa2ce11a89f
S_22_06_29	5000	1	502043	new_read_level_subsample	631	1934	628922	32.626680455	${CETA_RESULTS}/00_heavy_base_outputs/02_krakenuniq_subsamples/19_alpha_rarefaction_krakenuniq_all23_real/03_KRAKENUNIQ_REPORTS/S_22_06_29__d5000__r1.krakenuniq.report.txt	88a0ee149f69c7438bc824cdfc00752a03f7266d4aac32de42df811e525ee51a
S_22_06_29	5000	2	502044	new_read_level_subsample	647	1934	628922	33.4539813857	${CETA_RESULTS}/00_heavy_base_outputs/02_krakenuniq_subsamples/19_alpha_rarefaction_krakenuniq_all23_real/03_KRAKENUNIQ_REPORTS/S_22_06_29__d5000__r2.krakenuniq.report.txt	60c8b11b60b2824914801a5af7f5cd668a3f66b94d44f30c4ff74fe55f1643b5
S_22_06_29	5000	3	502045	new_read_level_subsample	622	1934	628922	32.1613236815	${CETA_RESULTS}/00_heavy_base_outputs/02_krakenuniq_subsamples/19_alpha_rarefaction_krakenuniq_all23_real/03_KRAKENUNIQ_REPORTS/S_22_06_29__d5000__r3.krakenuniq.report.txt	8558259f5fdfc97352105d112dcb4801bf88a40005e4048a706a72740438f866
S_22_06_29	10000	1	503043	new_read_level_subsample	874	1934	628922	45.1913133402	${CETA_RESULTS}/00_heavy_base_outputs/02_krakenuniq_subsamples/19_alpha_rarefaction_krakenuniq_all23_real/03_KRAKENUNIQ_REPORTS/S_22_06_29__d10000__r1.krakenuniq.report.txt	0a2dfbc587dff4c8307094e96370681904c95af19412b91041aa5b383992c080
S_22_06_29	10000	2	503044	new_read_level_subsample	904	1934	628922	46.7425025853	${CETA_RESULTS}/00_heavy_base_outputs/02_krakenuniq_subsamples/19_alpha_rarefaction_krakenuniq_all23_real/03_KRAKENUNIQ_REPORTS/S_22_06_29__d10000__r2.krakenuniq.report.txt	2e91071632357f398671138bee50342e594a3f8ea41026ac031bb9a201cb2726
S_22_06_29	10000	3	503045	new_read_level_subsample	893	1934	628922	46.1737331954	${CETA_RESULTS}/00_heavy_base_outputs/02_krakenuniq_subsamples/19_alpha_rarefaction_krakenuniq_all23_real/03_KRAKENUNIQ_REPORTS/S_22_06_29__d10000__r3.krakenuniq.report.txt	1234186655d22893fea948194172f9df6e2ce4e23ef9a4bea9a62b29544b5a2d
S_22_06_29	25000	1	504043	new_read_level_subsample	1269	1934	628922	65.6153050672	${CETA_RESULTS}/00_heavy_base_outputs/02_krakenuniq_subsamples/19_alpha_rarefaction_krakenuniq_all23_real/03_KRAKENUNIQ_REPORTS/S_22_06_29__d25000__r1.krakenuniq.report.txt	201db7a89816cebd819eac47b364dcc8db67de6b909c15439e873d14a08320e4
S_22_06_29	25000	2	504044	new_read_level_subsample	1255	1934	628922	64.8914167528	${CETA_RESULTS}/00_heavy_base_outputs/02_krakenuniq_subsamples/19_alpha_rarefaction_krakenuniq_all23_real/03_KRAKENUNIQ_REPORTS/S_22_06_29__d25000__r2.krakenuniq.report.txt	032cfb21c6a81cd07de29883d99de6e87ba78fdf297b661220553d2ad4aca382
S_22_06_29	25000	3	504045	new_read_level_subsample	1270	1934	628922	65.6670113754	${CETA_RESULTS}/00_heavy_base_outputs/02_krakenuniq_subsamples/19_alpha_rarefaction_krakenuniq_all23_real/03_KRAKENUNIQ_REPORTS/S_22_06_29__d25000__r3.krakenuniq.report.txt	ac67c6c0b32e972b74fa426589b8f08fdc7ce6ac59c62da6a5c01828147b26ee
S_22_06_29	50000	1	505043	new_read_level_subsample	1492	1934	628922	77.145811789	${CETA_RESULTS}/00_heavy_base_outputs/02_krakenuniq_subsamples/19_alpha_rarefaction_krakenuniq_all23_real/03_KRAKENUNIQ_REPORTS/S_22_06_29__d50000__r1.krakenuniq.report.txt	fb6b6b6d04583019f38a3958233b788388609a66dab68040f67743c9081c4e28
S_22_06_29	50000	2	505044	new_read_level_subsample	1485	1934	628922	76.7838676319	${CETA_RESULTS}/00_heavy_base_outputs/02_krakenuniq_subsamples/19_alpha_rarefaction_krakenuniq_all23_real/03_KRAKENUNIQ_REPORTS/S_22_06_29__d50000__r2.krakenuniq.report.txt	4cccfd3a6cac252e50fec2199f108b77778e2209ee1fabc0b291cbed484a7b48
S_22_06_29	50000	3	505045	new_read_level_subsample	1515	1934	628922	78.3350568769	${CETA_RESULTS}/00_heavy_base_outputs/02_krakenuniq_subsamples/19_alpha_rarefaction_krakenuniq_all23_real/03_KRAKENUNIQ_REPORTS/S_22_06_29__d50000__r3.krakenuniq.report.txt	265cd7200d4f6f1918be6f2f193bfb84e926eaa7e37cf712d0ab427c23cc9ead
S_22_06_29	100000	1	506043	new_read_level_subsample	1660	1934	628922	85.8324715615	${CETA_RESULTS}/00_heavy_base_outputs/02_krakenuniq_subsamples/19_alpha_rarefaction_krakenuniq_all23_real/03_KRAKENUNIQ_REPORTS/S_22_06_29__d100000__r1.krakenuniq.report.txt	034f2661be0192158ec1b4c0ff8deb7bb223f9cfb968063f04bfeb06b885419d
S_22_06_29	100000	2	506044	new_read_level_subsample	1666	1934	628922	86.1427094105	${CETA_RESULTS}/00_heavy_base_outputs/02_krakenuniq_subsamples/19_alpha_rarefaction_krakenuniq_all23_real/03_KRAKENUNIQ_REPORTS/S_22_06_29__d100000__r2.krakenuniq.report.txt	3abab227afd1da3caf701592430299643254aed4463a53afe38392dac089f817
S_22_06_29	100000	3	506045	new_read_level_subsample	1686	1934	628922	87.1768355739	${CETA_RESULTS}/00_heavy_base_outputs/02_krakenuniq_subsamples/19_alpha_rarefaction_krakenuniq_all23_real/03_KRAKENUNIQ_REPORTS/S_22_06_29__d100000__r3.krakenuniq.report.txt	4ff39c9fdaa38c03efb562d198023a0de623832efe2b3f3a62e5e9a954bcf077
S_22_06_29	250000	1	507043	new_read_level_subsample	1835	1934	628922	94.8810754912	${CETA_RESULTS}/00_heavy_base_outputs/02_krakenuniq_subsamples/19_alpha_rarefaction_krakenuniq_all23_real/03_KRAKENUNIQ_REPORTS/S_22_06_29__d250000__r1.krakenuniq.report.txt	0cbbf1a096654dfda89fd0bf0657ad36901b56a894be374874c52512d1be9011
S_22_06_29	250000	2	507044	new_read_level_subsample	1820	1934	628922	94.1054808687	${CETA_RESULTS}/00_heavy_base_outputs/02_krakenuniq_subsamples/19_alpha_rarefaction_krakenuniq_all23_real/03_KRAKENUNIQ_REPORTS/S_22_06_29__d250000__r2.krakenuniq.report.txt	c66b87c59da2ca3db62414f352817373cbc1ddb207d84c277318fe12b998074a
S_22_06_29	250000	3	507045	new_read_level_subsample	1835	1934	628922	94.8810754912	${CETA_RESULTS}/00_heavy_base_outputs/02_krakenuniq_subsamples/19_alpha_rarefaction_krakenuniq_all23_real/03_KRAKENUNIQ_REPORTS/S_22_06_29__d250000__r3.krakenuniq.report.txt	e09cfd5516a4a139ccee4a113bd8dd8dd491b5b7764c932499781a2c9a1ea74f
S_22_06_29	315147	1		retained_equal_depth_report	1862	1934	628922	96.2771458118	${CETA_RESULTS}/00_heavy_base_outputs/02_krakenuniq_subsamples/16_krakenuniq_equal_depth_23samples/results/taxprofiler_run-20260516_123800/krakenuniq/krakenuniq_standard/S_22_06_29__sub315147__r1_S_22_06_29__sub315147__r1.se.krakenuniq.report.txt	d2ae9cfd903a26738acb832bac0c8a9420a655d63b934a3db37c9c77b1856798
S_22_06_29	315147	2		retained_equal_depth_report	1856	1934	628922	95.9669079628	${CETA_RESULTS}/00_heavy_base_outputs/02_krakenuniq_subsamples/16_krakenuniq_equal_depth_23samples/results/taxprofiler_run-20260516_123800/krakenuniq/krakenuniq_standard/S_22_06_29__sub315147__r2_S_22_06_29__sub315147__r2.se.krakenuniq.report.txt	6fb61d0cbd6e6f8398a2c6a5a67c885302d84ecb5ebd8403038d0918dc2b8ff0
S_22_06_29	315147	3		retained_equal_depth_report	1861	1934	628922	96.2254395036	${CETA_RESULTS}/00_heavy_base_outputs/02_krakenuniq_subsamples/16_krakenuniq_equal_depth_23samples/results/taxprofiler_run-20260516_123800/krakenuniq/krakenuniq_standard/S_22_06_29__sub315147__r3_S_22_06_29__sub315147__r3.se.krakenuniq.report.txt	f843caf1672ca90ae2032cb3ace9519a807d53bd6a127b647ae99b73e4b46e11
S_22_09_09	1000	1	601043	new_read_level_subsample	217	1930	831937	11.2435233161	${CETA_RESULTS}/00_heavy_base_outputs/02_krakenuniq_subsamples/19_alpha_rarefaction_krakenuniq_all23_real/03_KRAKENUNIQ_REPORTS/S_22_09_09__d1000__r1.krakenuniq.report.txt	85e62d8c2110c5387a5397491bfe3024a48eed3999ec178a0fa00eaa5ec53cb2
S_22_09_09	1000	2	601044	new_read_level_subsample	211	1930	831937	10.932642487	${CETA_RESULTS}/00_heavy_base_outputs/02_krakenuniq_subsamples/19_alpha_rarefaction_krakenuniq_all23_real/03_KRAKENUNIQ_REPORTS/S_22_09_09__d1000__r2.krakenuniq.report.txt	b99f53794ea466ab6eb06dc6add60bf7fe2d0ea3df0639950788350a56508785
S_22_09_09	1000	3	601045	new_read_level_subsample	222	1930	831937	11.5025906736	${CETA_RESULTS}/00_heavy_base_outputs/02_krakenuniq_subsamples/19_alpha_rarefaction_krakenuniq_all23_real/03_KRAKENUNIQ_REPORTS/S_22_09_09__d1000__r3.krakenuniq.report.txt	0b1c40327cee8894c6a86892b27e598d39096804423d4758394ae6f24e2b9262
S_22_09_09	5000	1	602043	new_read_level_subsample	632	1930	831937	32.7461139896	${CETA_RESULTS}/00_heavy_base_outputs/02_krakenuniq_subsamples/19_alpha_rarefaction_krakenuniq_all23_real/03_KRAKENUNIQ_REPORTS/S_22_09_09__d5000__r1.krakenuniq.report.txt	0a6fae9c853eb8169d46043de06d871e54ddfe32c79f566bd3bdd49753be369a
S_22_09_09	5000	2	602044	new_read_level_subsample	618	1930	831937	32.0207253886	${CETA_RESULTS}/00_heavy_base_outputs/02_krakenuniq_subsamples/19_alpha_rarefaction_krakenuniq_all23_real/03_KRAKENUNIQ_REPORTS/S_22_09_09__d5000__r2.krakenuniq.report.txt	51babf1f665da2f7669015a87601c3c784f27d6fae06cc27f217a38111d40676
S_22_09_09	5000	3	602045	new_read_level_subsample	637	1930	831937	33.0051813472	${CETA_RESULTS}/00_heavy_base_outputs/02_krakenuniq_subsamples/19_alpha_rarefaction_krakenuniq_all23_real/03_KRAKENUNIQ_REPORTS/S_22_09_09__d5000__r3.krakenuniq.report.txt	26d464c3242eee5d3717e32d789116d396770513ecc90559d8f15fe4ecb318da
S_22_09_09	10000	1	603043	new_read_level_subsample	886	1930	831937	45.9067357513	${CETA_RESULTS}/00_heavy_base_outputs/02_krakenuniq_subsamples/19_alpha_rarefaction_krakenuniq_all23_real/03_KRAKENUNIQ_REPORTS/S_22_09_09__d10000__r1.krakenuniq.report.txt	e301d9f7f750aa1a50f0f0a1812c0b706b61cf4e980d13a61bdb8a50262cbd02
S_22_09_09	10000	2	603044	new_read_level_subsample	900	1930	831937	46.6321243523	${CETA_RESULTS}/00_heavy_base_outputs/02_krakenuniq_subsamples/19_alpha_rarefaction_krakenuniq_all23_real/03_KRAKENUNIQ_REPORTS/S_22_09_09__d10000__r2.krakenuniq.report.txt	0a9f7e3dbd55930a805bfcca6beaa411cca4b7492ab7d9b924be5421377202a3
S_22_09_09	10000	3	603045	new_read_level_subsample	884	1930	831937	45.8031088083	${CETA_RESULTS}/00_heavy_base_outputs/02_krakenuniq_subsamples/19_alpha_rarefaction_krakenuniq_all23_real/03_KRAKENUNIQ_REPORTS/S_22_09_09__d10000__r3.krakenuniq.report.txt	6d747221e15061910236392ba70e772104a28b0b4d8991a79bca7422a69e9bb0
S_22_09_09	25000	1	604043	new_read_level_subsample	1263	1930	831937	65.4404145078	${CETA_RESULTS}/00_heavy_base_outputs/02_krakenuniq_subsamples/19_alpha_rarefaction_krakenuniq_all23_real/03_KRAKENUNIQ_REPORTS/S_22_09_09__d25000__r1.krakenuniq.report.txt	d3da15940851e8d5fbef4c4ed44bac5b8ae5c91ffbf7967d94723433ffcc2b2e
S_22_09_09	25000	2	604044	new_read_level_subsample	1246	1930	831937	64.5595854922	${CETA_RESULTS}/00_heavy_base_outputs/02_krakenuniq_subsamples/19_alpha_rarefaction_krakenuniq_all23_real/03_KRAKENUNIQ_REPORTS/S_22_09_09__d25000__r2.krakenuniq.report.txt	7d920b728704e1547dbd6517bcc5812d17b2c6671f2418988eed38dff891be34
S_22_09_09	25000	3	604045	new_read_level_subsample	1249	1930	831937	64.7150259067	${CETA_RESULTS}/00_heavy_base_outputs/02_krakenuniq_subsamples/19_alpha_rarefaction_krakenuniq_all23_real/03_KRAKENUNIQ_REPORTS/S_22_09_09__d25000__r3.krakenuniq.report.txt	547d2f0d708240ac60e254b53b466c6207d4092b49b7e2c4b1ce7e7d301a171a
S_22_09_09	50000	1	605043	new_read_level_subsample	1476	1930	831937	76.4766839378	${CETA_RESULTS}/00_heavy_base_outputs/02_krakenuniq_subsamples/19_alpha_rarefaction_krakenuniq_all23_real/03_KRAKENUNIQ_REPORTS/S_22_09_09__d50000__r1.krakenuniq.report.txt	7c763633e79390586eaa99d26ceca129f18f28e2f1a59da34a541ac97ac845d1
S_22_09_09	50000	2	605044	new_read_level_subsample	1451	1930	831937	75.1813471503	${CETA_RESULTS}/00_heavy_base_outputs/02_krakenuniq_subsamples/19_alpha_rarefaction_krakenuniq_all23_real/03_KRAKENUNIQ_REPORTS/S_22_09_09__d50000__r2.krakenuniq.report.txt	f8fc4360a185197407a82fad18524e82a08763bc9be93e889304f9f9af2f01a4
S_22_09_09	50000	3	605045	new_read_level_subsample	1490	1930	831937	77.2020725389	${CETA_RESULTS}/00_heavy_base_outputs/02_krakenuniq_subsamples/19_alpha_rarefaction_krakenuniq_all23_real/03_KRAKENUNIQ_REPORTS/S_22_09_09__d50000__r3.krakenuniq.report.txt	83ed67b24c4396ff3100382092c0ab0f5587ea7827577c08af89c3a04328a3aa
S_22_09_09	100000	1	606043	new_read_level_subsample	1644	1930	831937	85.1813471503	${CETA_RESULTS}/00_heavy_base_outputs/02_krakenuniq_subsamples/19_alpha_rarefaction_krakenuniq_all23_real/03_KRAKENUNIQ_REPORTS/S_22_09_09__d100000__r1.krakenuniq.report.txt	704f57260980ec5050f3918eb24cb953c6465a67106369196a7f1d52b89bcb1b
S_22_09_09	100000	2	606044	new_read_level_subsample	1656	1930	831937	85.8031088083	${CETA_RESULTS}/00_heavy_base_outputs/02_krakenuniq_subsamples/19_alpha_rarefaction_krakenuniq_all23_real/03_KRAKENUNIQ_REPORTS/S_22_09_09__d100000__r2.krakenuniq.report.txt	3c107cacea130fa40812dca7348fde3f78cfaae18ad21259f8e4eaa611982645
S_22_09_09	100000	3	606045	new_read_level_subsample	1674	1930	831937	86.7357512953	${CETA_RESULTS}/00_heavy_base_outputs/02_krakenuniq_subsamples/19_alpha_rarefaction_krakenuniq_all23_real/03_KRAKENUNIQ_REPORTS/S_22_09_09__d100000__r3.krakenuniq.report.txt	3d5bb6bb703b6a05a8b0087a57d4c0472471140f9d4b1ab49fa15180528fa1bf
S_22_09_09	250000	1	607043	new_read_level_subsample	1788	1930	831937	92.6424870466	${CETA_RESULTS}/00_heavy_base_outputs/02_krakenuniq_subsamples/19_alpha_rarefaction_krakenuniq_all23_real/03_KRAKENUNIQ_REPORTS/S_22_09_09__d250000__r1.krakenuniq.report.txt	c77a354df442ab63bdc0e53562a764a13a6cda72f4ef00293d93e51595d5e03a
S_22_09_09	250000	2	607044	new_read_level_subsample	1815	1930	831937	94.0414507772	${CETA_RESULTS}/00_heavy_base_outputs/02_krakenuniq_subsamples/19_alpha_rarefaction_krakenuniq_all23_real/03_KRAKENUNIQ_REPORTS/S_22_09_09__d250000__r2.krakenuniq.report.txt	19032b62b9580a8f874e0b2a92f50ab777ec3a2ca4859913b9d8beebb96bf2e9
S_22_09_09	250000	3	607045	new_read_level_subsample	1801	1930	831937	93.3160621762	${CETA_RESULTS}/00_heavy_base_outputs/02_krakenuniq_subsamples/19_alpha_rarefaction_krakenuniq_all23_real/03_KRAKENUNIQ_REPORTS/S_22_09_09__d250000__r3.krakenuniq.report.txt	c877ea7995a7de22d48218a9556f23c6ad98dd8765aeffcf29518d2d58bb4747
S_22_09_09	315147	1		retained_equal_depth_report	1839	1930	831937	95.2849740933	${CETA_RESULTS}/00_heavy_base_outputs/02_krakenuniq_subsamples/16_krakenuniq_equal_depth_23samples/results/taxprofiler_run-20260516_123800/krakenuniq/krakenuniq_standard/S_22_09_09__sub315147__r1_S_22_09_09__sub315147__r1.se.krakenuniq.report.txt	bcf35e987c7914be8e5a3101e382dd95655c7489b29789e3b8d2ee2fe1ca8eb5
S_22_09_09	315147	2		retained_equal_depth_report	1827	1930	831937	94.6632124352	${CETA_RESULTS}/00_heavy_base_outputs/02_krakenuniq_subsamples/16_krakenuniq_equal_depth_23samples/results/taxprofiler_run-20260516_123800/krakenuniq/krakenuniq_standard/S_22_09_09__sub315147__r2_S_22_09_09__sub315147__r2.se.krakenuniq.report.txt	79022e9ade85efe54b997a56f33b74c6347be8de882aab1fbb0b870c5028ff39
S_22_09_09	315147	3		retained_equal_depth_report	1833	1930	831937	94.9740932642	${CETA_RESULTS}/00_heavy_base_outputs/02_krakenuniq_subsamples/16_krakenuniq_equal_depth_23samples/results/taxprofiler_run-20260516_123800/krakenuniq/krakenuniq_standard/S_22_09_09__sub315147__r3_S_22_09_09__sub315147__r3.se.krakenuniq.report.txt	e9a246fa4ab86be26155dd326d9348ba5710cf9e95d7e40b324f67733de8a1f6
S_22_10_21	1000	1	701043	new_read_level_subsample	256	2021	2016824	12.6669965364	${CETA_RESULTS}/00_heavy_base_outputs/02_krakenuniq_subsamples/19_alpha_rarefaction_krakenuniq_all23_real/03_KRAKENUNIQ_REPORTS/S_22_10_21__d1000__r1.krakenuniq.report.txt	69ad06707fb4ae440cb669d52e608d0d180e3fea13c95c1cecfcf86a57165a67
S_22_10_21	1000	2	701044	new_read_level_subsample	223	2021	2016824	11.0341415141	${CETA_RESULTS}/00_heavy_base_outputs/02_krakenuniq_subsamples/19_alpha_rarefaction_krakenuniq_all23_real/03_KRAKENUNIQ_REPORTS/S_22_10_21__d1000__r2.krakenuniq.report.txt	ac0908c90080bee95cce25d6e0921db5b0970cd2a91b456f1672ee1c9dd1eb11
S_22_10_21	1000	3	701045	new_read_level_subsample	234	2021	2016824	11.5784265215	${CETA_RESULTS}/00_heavy_base_outputs/02_krakenuniq_subsamples/19_alpha_rarefaction_krakenuniq_all23_real/03_KRAKENUNIQ_REPORTS/S_22_10_21__d1000__r3.krakenuniq.report.txt	8fb288438c671ba43c055f547a8a933b7fb03e49957dc4b5bf55b6339e71b477
S_22_10_21	5000	1	702043	new_read_level_subsample	604	2021	2016824	29.886194953	${CETA_RESULTS}/00_heavy_base_outputs/02_krakenuniq_subsamples/19_alpha_rarefaction_krakenuniq_all23_real/03_KRAKENUNIQ_REPORTS/S_22_10_21__d5000__r1.krakenuniq.report.txt	d3034cae916320a4f04eaf84c623413d2c8ce3d00f034ae86409aac85d90bef7
S_22_10_21	5000	2	702044	new_read_level_subsample	651	2021	2016824	32.2117763483	${CETA_RESULTS}/00_heavy_base_outputs/02_krakenuniq_subsamples/19_alpha_rarefaction_krakenuniq_all23_real/03_KRAKENUNIQ_REPORTS/S_22_10_21__d5000__r2.krakenuniq.report.txt	95b440bd435059a16b91ab92c1002879baa4c2b832c72db59bb3e62594f5e2f9
S_22_10_21	5000	3	702045	new_read_level_subsample	647	2021	2016824	32.0138545275	${CETA_RESULTS}/00_heavy_base_outputs/02_krakenuniq_subsamples/19_alpha_rarefaction_krakenuniq_all23_real/03_KRAKENUNIQ_REPORTS/S_22_10_21__d5000__r3.krakenuniq.report.txt	c0ea994ba22cea0be68bba0ca812dfbc7fe87dfc03dfe5b47e8a44249693941d
S_22_10_21	10000	1	703043	new_read_level_subsample	914	2021	2016824	45.2251360713	${CETA_RESULTS}/00_heavy_base_outputs/02_krakenuniq_subsamples/19_alpha_rarefaction_krakenuniq_all23_real/03_KRAKENUNIQ_REPORTS/S_22_10_21__d10000__r1.krakenuniq.report.txt	9a7fcba780f38be36da6f9d76154e13d44ff46dcc347aeefd7a834f0ba8af34e
S_22_10_21	10000	2	703044	new_read_level_subsample	883	2021	2016824	43.6912419594	${CETA_RESULTS}/00_heavy_base_outputs/02_krakenuniq_subsamples/19_alpha_rarefaction_krakenuniq_all23_real/03_KRAKENUNIQ_REPORTS/S_22_10_21__d10000__r2.krakenuniq.report.txt	548a255e30c1603491f7ae45460283e5726d89bb1f28081dd49f00512a1e72ec
S_22_10_21	10000	3	703045	new_read_level_subsample	910	2021	2016824	45.0272142504	${CETA_RESULTS}/00_heavy_base_outputs/02_krakenuniq_subsamples/19_alpha_rarefaction_krakenuniq_all23_real/03_KRAKENUNIQ_REPORTS/S_22_10_21__d10000__r3.krakenuniq.report.txt	5de11f1ac6537b56cff821650e74a31fc59718a3d5d8ebe2ca07a1400173699e
S_22_10_21	25000	1	704043	new_read_level_subsample	1211	2021	2016824	59.9208312716	${CETA_RESULTS}/00_heavy_base_outputs/02_krakenuniq_subsamples/19_alpha_rarefaction_krakenuniq_all23_real/03_KRAKENUNIQ_REPORTS/S_22_10_21__d25000__r1.krakenuniq.report.txt	384e036da234acca91e6d2ea8ea64d457b4c1614fc0ad0c9b97656a9c07ebb48
S_22_10_21	25000	2	704044	new_read_level_subsample	1205	2021	2016824	59.6239485403	${CETA_RESULTS}/00_heavy_base_outputs/02_krakenuniq_subsamples/19_alpha_rarefaction_krakenuniq_all23_real/03_KRAKENUNIQ_REPORTS/S_22_10_21__d25000__r2.krakenuniq.report.txt	de5504d3db5968d773b1862c597146243d5197dedfbac20e5dffba7566125d56
S_22_10_21	25000	3	704045	new_read_level_subsample	1237	2021	2016824	61.2073231074	${CETA_RESULTS}/00_heavy_base_outputs/02_krakenuniq_subsamples/19_alpha_rarefaction_krakenuniq_all23_real/03_KRAKENUNIQ_REPORTS/S_22_10_21__d25000__r3.krakenuniq.report.txt	e7335e5b76a353d9094d8c87f69fe2f665ed2d33642b6cf1adedcdf56fbb233a
S_22_10_21	50000	1	705043	new_read_level_subsample	1467	2021	2016824	72.587827808	${CETA_RESULTS}/00_heavy_base_outputs/02_krakenuniq_subsamples/19_alpha_rarefaction_krakenuniq_all23_real/03_KRAKENUNIQ_REPORTS/S_22_10_21__d50000__r1.krakenuniq.report.txt	9cdf84b872907f76c095ab77c4368daec045ac01d812b6c3ae93045239898cf9
S_22_10_21	50000	2	705044	new_read_level_subsample	1464	2021	2016824	72.4393864424	${CETA_RESULTS}/00_heavy_base_outputs/02_krakenuniq_subsamples/19_alpha_rarefaction_krakenuniq_all23_real/03_KRAKENUNIQ_REPORTS/S_22_10_21__d50000__r2.krakenuniq.report.txt	4b5d5a46f8d0a876626662022f83dea9938e7557f92a36cf48074f8cbfa4fa63
S_22_10_21	50000	3	705045	new_read_level_subsample	1466	2021	2016824	72.5383473528	${CETA_RESULTS}/00_heavy_base_outputs/02_krakenuniq_subsamples/19_alpha_rarefaction_krakenuniq_all23_real/03_KRAKENUNIQ_REPORTS/S_22_10_21__d50000__r3.krakenuniq.report.txt	1079ae68a12ee37b0fb70d795c5893eb11381fd57af1d96fb2c315bd44b0445a
S_22_10_21	100000	1	706043	new_read_level_subsample	1648	2021	2016824	81.5437902029	${CETA_RESULTS}/00_heavy_base_outputs/02_krakenuniq_subsamples/19_alpha_rarefaction_krakenuniq_all23_real/03_KRAKENUNIQ_REPORTS/S_22_10_21__d100000__r1.krakenuniq.report.txt	360dced23dd017d098005f26beb3ba5888bec5a6df7530f57c37ae087ee65956
S_22_10_21	100000	2	706044	new_read_level_subsample	1622	2021	2016824	80.2572983671	${CETA_RESULTS}/00_heavy_base_outputs/02_krakenuniq_subsamples/19_alpha_rarefaction_krakenuniq_all23_real/03_KRAKENUNIQ_REPORTS/S_22_10_21__d100000__r2.krakenuniq.report.txt	0607eeb615672da8e675f3c08f00e442774778afcfcdb3e4afb0783e4eddb73d
S_22_10_21	100000	3	706045	new_read_level_subsample	1626	2021	2016824	80.455220188	${CETA_RESULTS}/00_heavy_base_outputs/02_krakenuniq_subsamples/19_alpha_rarefaction_krakenuniq_all23_real/03_KRAKENUNIQ_REPORTS/S_22_10_21__d100000__r3.krakenuniq.report.txt	14eca4bcd89bd734db674aee2d1b16b01d9b264eee8f9a4ab8e525031a16b7fc
S_22_10_21	250000	1	707043	new_read_level_subsample	1804	2021	2016824	89.2627412172	${CETA_RESULTS}/00_heavy_base_outputs/02_krakenuniq_subsamples/19_alpha_rarefaction_krakenuniq_all23_real/03_KRAKENUNIQ_REPORTS/S_22_10_21__d250000__r1.krakenuniq.report.txt	8e7ec17530c71192cecb900cd5c05a091c5273bbbfa1f73e96565b4eceadc253
S_22_10_21	250000	2	707044	new_read_level_subsample	1818	2021	2016824	89.9554675903	${CETA_RESULTS}/00_heavy_base_outputs/02_krakenuniq_subsamples/19_alpha_rarefaction_krakenuniq_all23_real/03_KRAKENUNIQ_REPORTS/S_22_10_21__d250000__r2.krakenuniq.report.txt	141d82633006f1578ba693cdd76e5b6830b5de46593ba6e7436d66b5c6259b77
S_22_10_21	250000	3	707045	new_read_level_subsample	1805	2021	2016824	89.3122216724	${CETA_RESULTS}/00_heavy_base_outputs/02_krakenuniq_subsamples/19_alpha_rarefaction_krakenuniq_all23_real/03_KRAKENUNIQ_REPORTS/S_22_10_21__d250000__r3.krakenuniq.report.txt	df769b6e8d31b359b1688ef9a9df2c0cf930f6b7dc27657ff66625cb6f683b02
S_22_10_21	315147	1		retained_equal_depth_report	1829	2021	2016824	90.4997525977	${CETA_RESULTS}/00_heavy_base_outputs/02_krakenuniq_subsamples/16_krakenuniq_equal_depth_23samples/results/taxprofiler_run-20260516_123800/krakenuniq/krakenuniq_standard/S_22_10_21__sub315147__r1_S_22_10_21__sub315147__r1.se.krakenuniq.report.txt	e512a647ac50e6d383156d232538350c76db18b510474f825e4e3b4518e930cb
S_22_10_21	315147	2		retained_equal_depth_report	1839	2021	2016824	90.9945571499	${CETA_RESULTS}/00_heavy_base_outputs/02_krakenuniq_subsamples/16_krakenuniq_equal_depth_23samples/results/taxprofiler_run-20260516_123800/krakenuniq/krakenuniq_standard/S_22_10_21__sub315147__r2_S_22_10_21__sub315147__r2.se.krakenuniq.report.txt	cf2475dac793fb72d70031ec2eba7070e291c95c4e6cc256530e7c08b9bc6e4e
S_22_10_21	315147	3		retained_equal_depth_report	1829	2021	2016824	90.4997525977	${CETA_RESULTS}/00_heavy_base_outputs/02_krakenuniq_subsamples/16_krakenuniq_equal_depth_23samples/results/taxprofiler_run-20260516_123800/krakenuniq/krakenuniq_standard/S_22_10_21__sub315147__r3_S_22_10_21__sub315147__r3.se.krakenuniq.report.txt	4d28a95850b1b5924926f93ea5dda72556f7fb3f74e2f775496eeb6283f4cf41
S_22_12_16	1000	1	801043	new_read_level_subsample	271	1882	622457	14.3995749203	${CETA_RESULTS}/00_heavy_base_outputs/02_krakenuniq_subsamples/19_alpha_rarefaction_krakenuniq_all23_real/03_KRAKENUNIQ_REPORTS/S_22_12_16__d1000__r1.krakenuniq.report.txt	e8b69319e3f08b2c530f12c04bea744ff670d1bd9514ad4b6a1669f3ad9dbe9c
S_22_12_16	1000	2	801044	new_read_level_subsample	259	1882	622457	13.7619553666	${CETA_RESULTS}/00_heavy_base_outputs/02_krakenuniq_subsamples/19_alpha_rarefaction_krakenuniq_all23_real/03_KRAKENUNIQ_REPORTS/S_22_12_16__d1000__r2.krakenuniq.report.txt	2d79ae18ce9d52e8c58edd74bdd5bfd859aed8c62e3f5891734585f5deaaccd6
S_22_12_16	1000	3	801045	new_read_level_subsample	256	1882	622457	13.6025504782	${CETA_RESULTS}/00_heavy_base_outputs/02_krakenuniq_subsamples/19_alpha_rarefaction_krakenuniq_all23_real/03_KRAKENUNIQ_REPORTS/S_22_12_16__d1000__r3.krakenuniq.report.txt	8a2479b4fa4870563fbefc7e506b8c4375df1c9695ee348f3b441d09a21bf60f
S_22_12_16	5000	1	802043	new_read_level_subsample	692	1882	622457	36.7693942614	${CETA_RESULTS}/00_heavy_base_outputs/02_krakenuniq_subsamples/19_alpha_rarefaction_krakenuniq_all23_real/03_KRAKENUNIQ_REPORTS/S_22_12_16__d5000__r1.krakenuniq.report.txt	07ff09565ed4ca0f8351992972e822ec2198c98b4ce2ce1f118c201152ca861a
S_22_12_16	5000	2	802044	new_read_level_subsample	681	1882	622457	36.1849096706	${CETA_RESULTS}/00_heavy_base_outputs/02_krakenuniq_subsamples/19_alpha_rarefaction_krakenuniq_all23_real/03_KRAKENUNIQ_REPORTS/S_22_12_16__d5000__r2.krakenuniq.report.txt	4f1cdc6b4d0626cbd8cb1c2074856eb46a9d6929bd0cc94145717d36c73ff0c8
S_22_12_16	5000	3	802045	new_read_level_subsample	673	1882	622457	35.7598299681	${CETA_RESULTS}/00_heavy_base_outputs/02_krakenuniq_subsamples/19_alpha_rarefaction_krakenuniq_all23_real/03_KRAKENUNIQ_REPORTS/S_22_12_16__d5000__r3.krakenuniq.report.txt	b792d3ea0292b06b12bac11cd7762af6275006b389063c8ca192c01bda115389
S_22_12_16	10000	1	803043	new_read_level_subsample	898	1882	622457	47.7151965994	${CETA_RESULTS}/00_heavy_base_outputs/02_krakenuniq_subsamples/19_alpha_rarefaction_krakenuniq_all23_real/03_KRAKENUNIQ_REPORTS/S_22_12_16__d10000__r1.krakenuniq.report.txt	7e1b1f991402ee3cdbb1a4e88b082ee8bd39f4f996df51ca0aca0dd76e755213
S_22_12_16	10000	2	803044	new_read_level_subsample	899	1882	622457	47.7683315622	${CETA_RESULTS}/00_heavy_base_outputs/02_krakenuniq_subsamples/19_alpha_rarefaction_krakenuniq_all23_real/03_KRAKENUNIQ_REPORTS/S_22_12_16__d10000__r2.krakenuniq.report.txt	685c8d57ade800b9f473e9fea1aba8c61ec36729a389779091fdd6e1a74e7e34
S_22_12_16	10000	3	803045	new_read_level_subsample	892	1882	622457	47.3963868225	${CETA_RESULTS}/00_heavy_base_outputs/02_krakenuniq_subsamples/19_alpha_rarefaction_krakenuniq_all23_real/03_KRAKENUNIQ_REPORTS/S_22_12_16__d10000__r3.krakenuniq.report.txt	4b5af791ed0d0417896c8af76bd9b4844698a18af9d5626ab9daa01cb4079af6
S_22_12_16	25000	1	804043	new_read_level_subsample	1236	1882	622457	65.6748140276	${CETA_RESULTS}/00_heavy_base_outputs/02_krakenuniq_subsamples/19_alpha_rarefaction_krakenuniq_all23_real/03_KRAKENUNIQ_REPORTS/S_22_12_16__d25000__r1.krakenuniq.report.txt	73069e00396ae47e85590b24a41afd488b0ea914ecde5289767e8e5d238c6726
S_22_12_16	25000	2	804044	new_read_level_subsample	1213	1882	622457	64.4527098831	${CETA_RESULTS}/00_heavy_base_outputs/02_krakenuniq_subsamples/19_alpha_rarefaction_krakenuniq_all23_real/03_KRAKENUNIQ_REPORTS/S_22_12_16__d25000__r2.krakenuniq.report.txt	53965de19032200382a4c4bddf3db5eaaac9e0be207b9670ef71cc06ec456d2e
S_22_12_16	25000	3	804045	new_read_level_subsample	1222	1882	622457	64.9309245484	${CETA_RESULTS}/00_heavy_base_outputs/02_krakenuniq_subsamples/19_alpha_rarefaction_krakenuniq_all23_real/03_KRAKENUNIQ_REPORTS/S_22_12_16__d25000__r3.krakenuniq.report.txt	a41a505bacc071127061eb1e6e241f4977aaaefe005968d4a28c643211abf9a4
S_22_12_16	50000	1	805043	new_read_level_subsample	1454	1882	622457	77.2582359192	${CETA_RESULTS}/00_heavy_base_outputs/02_krakenuniq_subsamples/19_alpha_rarefaction_krakenuniq_all23_real/03_KRAKENUNIQ_REPORTS/S_22_12_16__d50000__r1.krakenuniq.report.txt	68d7f1a97224be15d157b150f93db363e266fdb2b17740262362d9abeaeb3a00
S_22_12_16	50000	2	805044	new_read_level_subsample	1443	1882	622457	76.6737513284	${CETA_RESULTS}/00_heavy_base_outputs/02_krakenuniq_subsamples/19_alpha_rarefaction_krakenuniq_all23_real/03_KRAKENUNIQ_REPORTS/S_22_12_16__d50000__r2.krakenuniq.report.txt	6f6fb4c34b5fba21b777b3f527ef28ba1fc5069f21dd1e4a1559b373768d3568
S_22_12_16	50000	3	805045	new_read_level_subsample	1456	1882	622457	77.3645058448	${CETA_RESULTS}/00_heavy_base_outputs/02_krakenuniq_subsamples/19_alpha_rarefaction_krakenuniq_all23_real/03_KRAKENUNIQ_REPORTS/S_22_12_16__d50000__r3.krakenuniq.report.txt	caf85129f5a58ea7292c2affcd7c1e1ff5c80328c0f4b7d41f6912bee320fa70
S_22_12_16	100000	1	806043	new_read_level_subsample	1612	1882	622457	85.6535600425	${CETA_RESULTS}/00_heavy_base_outputs/02_krakenuniq_subsamples/19_alpha_rarefaction_krakenuniq_all23_real/03_KRAKENUNIQ_REPORTS/S_22_12_16__d100000__r1.krakenuniq.report.txt	2e9e9ac4f196f03cae7e091084246b0aa3d781f541f1cdbbc27fb050fd10eb00
S_22_12_16	100000	2	806044	new_read_level_subsample	1639	1882	622457	87.0882040383	${CETA_RESULTS}/00_heavy_base_outputs/02_krakenuniq_subsamples/19_alpha_rarefaction_krakenuniq_all23_real/03_KRAKENUNIQ_REPORTS/S_22_12_16__d100000__r2.krakenuniq.report.txt	c2290e96a220a5b5eb2719c9ea83b97ba59ae21b4093009081c2b16cf2f41bf6
S_22_12_16	100000	3	806045	new_read_level_subsample	1639	1882	622457	87.0882040383	${CETA_RESULTS}/00_heavy_base_outputs/02_krakenuniq_subsamples/19_alpha_rarefaction_krakenuniq_all23_real/03_KRAKENUNIQ_REPORTS/S_22_12_16__d100000__r3.krakenuniq.report.txt	a0e008b096ad632e6d2164a7c7d1ba1aa8f8c023d0f36e905949a00ea5ff2f19
S_22_12_16	250000	1	807043	new_read_level_subsample	1775	1882	622457	94.3145589798	${CETA_RESULTS}/00_heavy_base_outputs/02_krakenuniq_subsamples/19_alpha_rarefaction_krakenuniq_all23_real/03_KRAKENUNIQ_REPORTS/S_22_12_16__d250000__r1.krakenuniq.report.txt	92a4908c7481241745779bbadfb7b9408d59430b1c37fa105a62b8ab592b577a
S_22_12_16	250000	2	807044	new_read_level_subsample	1779	1882	622457	94.527098831	${CETA_RESULTS}/00_heavy_base_outputs/02_krakenuniq_subsamples/19_alpha_rarefaction_krakenuniq_all23_real/03_KRAKENUNIQ_REPORTS/S_22_12_16__d250000__r2.krakenuniq.report.txt	b949bc7bc979042e8c3e834360c7138e15c855a2328d3f0bba0d755d8eb40cb2
S_22_12_16	250000	3	807045	new_read_level_subsample	1789	1882	622457	95.0584484591	${CETA_RESULTS}/00_heavy_base_outputs/02_krakenuniq_subsamples/19_alpha_rarefaction_krakenuniq_all23_real/03_KRAKENUNIQ_REPORTS/S_22_12_16__d250000__r3.krakenuniq.report.txt	4f40dd145091a8e5eb84ab54074c6367c1a482a455bca53e14b8134ba625faa2
S_22_12_16	315147	1		retained_equal_depth_report	1805	1882	622457	95.908607864	${CETA_RESULTS}/00_heavy_base_outputs/02_krakenuniq_subsamples/16_krakenuniq_equal_depth_23samples/results/taxprofiler_run-20260516_123800/krakenuniq/krakenuniq_standard/S_22_12_16__sub315147__r1_S_22_12_16__sub315147__r1.se.krakenuniq.report.txt	f3cc917aec0501a91daf374c4fe37e0ea5eff97415f6d44071d5817ab4146ef8
S_22_12_16	315147	2		retained_equal_depth_report	1814	1882	622457	96.3868225292	${CETA_RESULTS}/00_heavy_base_outputs/02_krakenuniq_subsamples/16_krakenuniq_equal_depth_23samples/results/taxprofiler_run-20260516_123800/krakenuniq/krakenuniq_standard/S_22_12_16__sub315147__r2_S_22_12_16__sub315147__r2.se.krakenuniq.report.txt	d2c33710dd079b8d65d58b926107a6ab94bd564ba22bbc71eeaa682b2c8ef8e5
S_22_12_16	315147	3		retained_equal_depth_report	1811	1882	622457	96.2274176408	${CETA_RESULTS}/00_heavy_base_outputs/02_krakenuniq_subsamples/16_krakenuniq_equal_depth_23samples/results/taxprofiler_run-20260516_123800/krakenuniq/krakenuniq_standard/S_22_12_16__sub315147__r3_S_22_12_16__sub315147__r3.se.krakenuniq.report.txt	45da52361b94f6fad36cb3a34c05beed9032fad7301a9cab5677264770cd809c
S_23_04_20	1000	1	901043	new_read_level_subsample	227	1922	805882	11.8106139438	${CETA_RESULTS}/00_heavy_base_outputs/02_krakenuniq_subsamples/19_alpha_rarefaction_krakenuniq_all23_real/03_KRAKENUNIQ_REPORTS/S_23_04_20__d1000__r1.krakenuniq.report.txt	352cd187b2722cd35f35318f870466b3451891f8ea674ec901e9b1fd15f194d5
S_23_04_20	1000	2	901044	new_read_level_subsample	220	1922	805882	11.4464099896	${CETA_RESULTS}/00_heavy_base_outputs/02_krakenuniq_subsamples/19_alpha_rarefaction_krakenuniq_all23_real/03_KRAKENUNIQ_REPORTS/S_23_04_20__d1000__r2.krakenuniq.report.txt	2cb311cf787f4e3214cf7b7f0bbbf43200f009b0c265c723753b175631174390
S_23_04_20	1000	3	901045	new_read_level_subsample	203	1922	805882	10.5619146722	${CETA_RESULTS}/00_heavy_base_outputs/02_krakenuniq_subsamples/19_alpha_rarefaction_krakenuniq_all23_real/03_KRAKENUNIQ_REPORTS/S_23_04_20__d1000__r3.krakenuniq.report.txt	e6c605895337559b9f8491f3ab60e820a7e87e812bab70da7cde86aebe2872a5
S_23_04_20	5000	1	902043	new_read_level_subsample	628	1922	805882	32.6742976067	${CETA_RESULTS}/00_heavy_base_outputs/02_krakenuniq_subsamples/19_alpha_rarefaction_krakenuniq_all23_real/03_KRAKENUNIQ_REPORTS/S_23_04_20__d5000__r1.krakenuniq.report.txt	3b89e9a7c97b7044fb9a551a0ecd77200f3a1f5946b2b348189bd2a4ccd6ac60
S_23_04_20	5000	2	902044	new_read_level_subsample	619	1922	805882	32.2060353798	${CETA_RESULTS}/00_heavy_base_outputs/02_krakenuniq_subsamples/19_alpha_rarefaction_krakenuniq_all23_real/03_KRAKENUNIQ_REPORTS/S_23_04_20__d5000__r2.krakenuniq.report.txt	3a9d78a2b9a73a41e1b850ea9cf01fa2bd21f2ae92f8fec9b0fa8a4f18c524f2
S_23_04_20	5000	3	902045	new_read_level_subsample	611	1922	805882	31.7898022893	${CETA_RESULTS}/00_heavy_base_outputs/02_krakenuniq_subsamples/19_alpha_rarefaction_krakenuniq_all23_real/03_KRAKENUNIQ_REPORTS/S_23_04_20__d5000__r3.krakenuniq.report.txt	dc13424a80462e6e7239958e4296b164a6e6628ac3ceecaa197f9bb69c427be0
S_23_04_20	10000	1	903043	new_read_level_subsample	870	1922	805882	45.2653485952	${CETA_RESULTS}/00_heavy_base_outputs/02_krakenuniq_subsamples/19_alpha_rarefaction_krakenuniq_all23_real/03_KRAKENUNIQ_REPORTS/S_23_04_20__d10000__r1.krakenuniq.report.txt	fb785ce0f363f412cd9c4561e90fcb369e1f6d41159e0527d5aae3f769083a71
S_23_04_20	10000	2	903044	new_read_level_subsample	856	1922	805882	44.5369406868	${CETA_RESULTS}/00_heavy_base_outputs/02_krakenuniq_subsamples/19_alpha_rarefaction_krakenuniq_all23_real/03_KRAKENUNIQ_REPORTS/S_23_04_20__d10000__r2.krakenuniq.report.txt	ef261ed4c2d7e047869ad2a5758b4f5c608f5c1369467d4cb25e876eb497dc89
S_23_04_20	10000	3	903045	new_read_level_subsample	863	1922	805882	44.901144641	${CETA_RESULTS}/00_heavy_base_outputs/02_krakenuniq_subsamples/19_alpha_rarefaction_krakenuniq_all23_real/03_KRAKENUNIQ_REPORTS/S_23_04_20__d10000__r3.krakenuniq.report.txt	6b36e9add779f6e34728dfec16c5052bb46f4c27441e68078b8f218ca13de1db
S_23_04_20	25000	1	904043	new_read_level_subsample	1237	1922	805882	64.3600416233	${CETA_RESULTS}/00_heavy_base_outputs/02_krakenuniq_subsamples/19_alpha_rarefaction_krakenuniq_all23_real/03_KRAKENUNIQ_REPORTS/S_23_04_20__d25000__r1.krakenuniq.report.txt	d18cb88d8fc1f3ecf4a26f8872de8fe7c97edae324e8b40c0990c5d256204f54
S_23_04_20	25000	2	904044	new_read_level_subsample	1243	1922	805882	64.6722164412	${CETA_RESULTS}/00_heavy_base_outputs/02_krakenuniq_subsamples/19_alpha_rarefaction_krakenuniq_all23_real/03_KRAKENUNIQ_REPORTS/S_23_04_20__d25000__r2.krakenuniq.report.txt	1557dc5f62b646ae8ebf4ea39ffa244228aff9c1ed21659661324a46d9fd9ac1
S_23_04_20	25000	3	904045	new_read_level_subsample	1224	1922	805882	63.6836628512	${CETA_RESULTS}/00_heavy_base_outputs/02_krakenuniq_subsamples/19_alpha_rarefaction_krakenuniq_all23_real/03_KRAKENUNIQ_REPORTS/S_23_04_20__d25000__r3.krakenuniq.report.txt	7e49493344c3b6f2c3e576dcbb7ec6467de13cc5a016b1a86094dadbda971ecc
S_23_04_20	50000	1	905043	new_read_level_subsample	1485	1922	805882	77.2632674298	${CETA_RESULTS}/00_heavy_base_outputs/02_krakenuniq_subsamples/19_alpha_rarefaction_krakenuniq_all23_real/03_KRAKENUNIQ_REPORTS/S_23_04_20__d50000__r1.krakenuniq.report.txt	0303be9fde5af8cda82f8fe41d3ed37797dd1b678f59faab33bc0fb89d25d865
S_23_04_20	50000	2	905044	new_read_level_subsample	1470	1922	805882	76.482830385	${CETA_RESULTS}/00_heavy_base_outputs/02_krakenuniq_subsamples/19_alpha_rarefaction_krakenuniq_all23_real/03_KRAKENUNIQ_REPORTS/S_23_04_20__d50000__r2.krakenuniq.report.txt	0014bdc0756ea1312336031e7936ba01bc8bcc28a6f0ed19a663ce061c38b5e4
S_23_04_20	50000	3	905045	new_read_level_subsample	1476	1922	805882	76.7950052029	${CETA_RESULTS}/00_heavy_base_outputs/02_krakenuniq_subsamples/19_alpha_rarefaction_krakenuniq_all23_real/03_KRAKENUNIQ_REPORTS/S_23_04_20__d50000__r3.krakenuniq.report.txt	50b7953fab0f58d3c00bf7613d5f977da9dfde43d79fe1bdd62c4aec66132807
S_23_04_20	100000	1	906043	new_read_level_subsample	1670	1922	805882	86.8886576483	${CETA_RESULTS}/00_heavy_base_outputs/02_krakenuniq_subsamples/19_alpha_rarefaction_krakenuniq_all23_real/03_KRAKENUNIQ_REPORTS/S_23_04_20__d100000__r1.krakenuniq.report.txt	0dc882ff6e13c5126536e883bd7b19c9246a6987cec74f93be311b8f62968cd8
S_23_04_20	100000	2	906044	new_read_level_subsample	1654	1922	805882	86.0561914672	${CETA_RESULTS}/00_heavy_base_outputs/02_krakenuniq_subsamples/19_alpha_rarefaction_krakenuniq_all23_real/03_KRAKENUNIQ_REPORTS/S_23_04_20__d100000__r2.krakenuniq.report.txt	54acf950e31fb39481273a4e5a403cfb275762c505b4effc3bec76f674964c3e
S_23_04_20	100000	3	906045	new_read_level_subsample	1649	1922	805882	85.7960457856	${CETA_RESULTS}/00_heavy_base_outputs/02_krakenuniq_subsamples/19_alpha_rarefaction_krakenuniq_all23_real/03_KRAKENUNIQ_REPORTS/S_23_04_20__d100000__r3.krakenuniq.report.txt	618999398199434f3a03b2c705abbae58c9a095d0e90243f7afecc7472bc5c6e
S_23_04_20	250000	1	907043	new_read_level_subsample	1802	1922	805882	93.756503642	${CETA_RESULTS}/00_heavy_base_outputs/02_krakenuniq_subsamples/19_alpha_rarefaction_krakenuniq_all23_real/03_KRAKENUNIQ_REPORTS/S_23_04_20__d250000__r1.krakenuniq.report.txt	7e40e8081257f9c09c922b95c16b750b8abc119f7d721ec4050d24966cd57c98
S_23_04_20	250000	2	907044	new_read_level_subsample	1811	1922	805882	94.2247658689	${CETA_RESULTS}/00_heavy_base_outputs/02_krakenuniq_subsamples/19_alpha_rarefaction_krakenuniq_all23_real/03_KRAKENUNIQ_REPORTS/S_23_04_20__d250000__r2.krakenuniq.report.txt	7db39f769baa706c62160818a43bc1dc1cb4d6a1b8f07f1fbe1622ce6512bb13
S_23_04_20	250000	3	907045	new_read_level_subsample	1807	1922	805882	94.0166493236	${CETA_RESULTS}/00_heavy_base_outputs/02_krakenuniq_subsamples/19_alpha_rarefaction_krakenuniq_all23_real/03_KRAKENUNIQ_REPORTS/S_23_04_20__d250000__r3.krakenuniq.report.txt	6ce3b64ab3335f9192e392ddce72f9eec42ecdfffbb05a595ae60958f8ea51ef
S_23_04_20	315147	1		retained_equal_depth_report	1841	1922	805882	95.7856399584	${CETA_RESULTS}/00_heavy_base_outputs/02_krakenuniq_subsamples/16_krakenuniq_equal_depth_23samples/results/taxprofiler_run-20260516_123800/krakenuniq/krakenuniq_standard/S_23_04_20__sub315147__r1_S_23_04_20__sub315147__r1.se.krakenuniq.report.txt	9c52b47cb0cf2ed1076338d24c0f67696d2145d942b80c8b7d5ed6913bf30fd9
S_23_04_20	315147	2		retained_equal_depth_report	1842	1922	805882	95.8376690947	${CETA_RESULTS}/00_heavy_base_outputs/02_krakenuniq_subsamples/16_krakenuniq_equal_depth_23samples/results/taxprofiler_run-20260516_123800/krakenuniq/krakenuniq_standard/S_23_04_20__sub315147__r2_S_23_04_20__sub315147__r2.se.krakenuniq.report.txt	af4baa47559e9e41def1b7665e9975fe21eb3f7136476db71ba783c845ea9a40
S_23_04_20	315147	3		retained_equal_depth_report	1829	1922	805882	95.1612903226	${CETA_RESULTS}/00_heavy_base_outputs/02_krakenuniq_subsamples/16_krakenuniq_equal_depth_23samples/results/taxprofiler_run-20260516_123800/krakenuniq/krakenuniq_standard/S_23_04_20__sub315147__r3_S_23_04_20__sub315147__r3.se.krakenuniq.report.txt	084ff32a966cc664f1ebcf83d703c82136a9549910ba5c27ab805a2cd002addb
S_23_07_03	1000	1	1001043	new_read_level_subsample	209	1925	700986	10.8571428571	${CETA_RESULTS}/00_heavy_base_outputs/02_krakenuniq_subsamples/19_alpha_rarefaction_krakenuniq_all23_real/03_KRAKENUNIQ_REPORTS/S_23_07_03__d1000__r1.krakenuniq.report.txt	3d7615b7bef150de7d4a459b0558c32e56217dbacb206909c6bbe0f493a856ab
S_23_07_03	1000	2	1001044	new_read_level_subsample	222	1925	700986	11.5324675325	${CETA_RESULTS}/00_heavy_base_outputs/02_krakenuniq_subsamples/19_alpha_rarefaction_krakenuniq_all23_real/03_KRAKENUNIQ_REPORTS/S_23_07_03__d1000__r2.krakenuniq.report.txt	ebf5a0e75d6678e43cee881da8047eb79e3f657144ac0bf3753979d8f693ba39
S_23_07_03	1000	3	1001045	new_read_level_subsample	230	1925	700986	11.9480519481	${CETA_RESULTS}/00_heavy_base_outputs/02_krakenuniq_subsamples/19_alpha_rarefaction_krakenuniq_all23_real/03_KRAKENUNIQ_REPORTS/S_23_07_03__d1000__r3.krakenuniq.report.txt	21725a91c6514620259bbc101c91e51e724dd8b1cf0d7298a34efe6bdd9be989
S_23_07_03	5000	1	1002043	new_read_level_subsample	641	1925	700986	33.2987012987	${CETA_RESULTS}/00_heavy_base_outputs/02_krakenuniq_subsamples/19_alpha_rarefaction_krakenuniq_all23_real/03_KRAKENUNIQ_REPORTS/S_23_07_03__d5000__r1.krakenuniq.report.txt	33ba457b93f97c6607db0efb4711af2059ee2776d2c193d489e862a7a1bf5893
S_23_07_03	5000	2	1002044	new_read_level_subsample	667	1925	700986	34.6493506494	${CETA_RESULTS}/00_heavy_base_outputs/02_krakenuniq_subsamples/19_alpha_rarefaction_krakenuniq_all23_real/03_KRAKENUNIQ_REPORTS/S_23_07_03__d5000__r2.krakenuniq.report.txt	f54bceb4da2bae51e56c398e6e04d354e192158f44253fb760eee35668d77382
S_23_07_03	5000	3	1002045	new_read_level_subsample	654	1925	700986	33.974025974	${CETA_RESULTS}/00_heavy_base_outputs/02_krakenuniq_subsamples/19_alpha_rarefaction_krakenuniq_all23_real/03_KRAKENUNIQ_REPORTS/S_23_07_03__d5000__r3.krakenuniq.report.txt	35b8294518823c13780b198ca41050be8b15a5793857ea15b98ae243b58af303
S_23_07_03	10000	1	1003043	new_read_level_subsample	891	1925	700986	46.2857142857	${CETA_RESULTS}/00_heavy_base_outputs/02_krakenuniq_subsamples/19_alpha_rarefaction_krakenuniq_all23_real/03_KRAKENUNIQ_REPORTS/S_23_07_03__d10000__r1.krakenuniq.report.txt	074e94613f018ecf6daf090188c33583f8a8219b6113f118a1d40da675ea58c4
S_23_07_03	10000	2	1003044	new_read_level_subsample	896	1925	700986	46.5454545455	${CETA_RESULTS}/00_heavy_base_outputs/02_krakenuniq_subsamples/19_alpha_rarefaction_krakenuniq_all23_real/03_KRAKENUNIQ_REPORTS/S_23_07_03__d10000__r2.krakenuniq.report.txt	17d0ebd0ff118bc7afc916ec75d63d59ce9d36f8bca8c073e068b4e0b5263cb5
S_23_07_03	10000	3	1003045	new_read_level_subsample	924	1925	700986	48	${CETA_RESULTS}/00_heavy_base_outputs/02_krakenuniq_subsamples/19_alpha_rarefaction_krakenuniq_all23_real/03_KRAKENUNIQ_REPORTS/S_23_07_03__d10000__r3.krakenuniq.report.txt	99dbaa84d3886958bed9251bffa157478e15019adbf6c7f4c647fd8266e8dd1e
S_23_07_03	25000	1	1004043	new_read_level_subsample	1279	1925	700986	66.4415584416	${CETA_RESULTS}/00_heavy_base_outputs/02_krakenuniq_subsamples/19_alpha_rarefaction_krakenuniq_all23_real/03_KRAKENUNIQ_REPORTS/S_23_07_03__d25000__r1.krakenuniq.report.txt	dc008c49a5d9160a50067b3c2828c0987473d5700b1a01a39d33861287fdf8cb
S_23_07_03	25000	2	1004044	new_read_level_subsample	1304	1925	700986	67.7402597403	${CETA_RESULTS}/00_heavy_base_outputs/02_krakenuniq_subsamples/19_alpha_rarefaction_krakenuniq_all23_real/03_KRAKENUNIQ_REPORTS/S_23_07_03__d25000__r2.krakenuniq.report.txt	a84d59ee1b35351aaab91042370b1170e60ec494b3d6b3fc17c06b9544d71359
S_23_07_03	25000	3	1004045	new_read_level_subsample	1277	1925	700986	66.3376623377	${CETA_RESULTS}/00_heavy_base_outputs/02_krakenuniq_subsamples/19_alpha_rarefaction_krakenuniq_all23_real/03_KRAKENUNIQ_REPORTS/S_23_07_03__d25000__r3.krakenuniq.report.txt	92a9e0b8d2dc3108b357ed5af4b258faa33866f0583477d439e9b4e6d8dc93c0
S_23_07_03	50000	1	1005043	new_read_level_subsample	1509	1925	700986	78.3896103896	${CETA_RESULTS}/00_heavy_base_outputs/02_krakenuniq_subsamples/19_alpha_rarefaction_krakenuniq_all23_real/03_KRAKENUNIQ_REPORTS/S_23_07_03__d50000__r1.krakenuniq.report.txt	9c95a99a1462900eefc3f6e5b9f3e791d01d508a8d09a4e7e6e72a095d07ac34
S_23_07_03	50000	2	1005044	new_read_level_subsample	1522	1925	700986	79.0649350649	${CETA_RESULTS}/00_heavy_base_outputs/02_krakenuniq_subsamples/19_alpha_rarefaction_krakenuniq_all23_real/03_KRAKENUNIQ_REPORTS/S_23_07_03__d50000__r2.krakenuniq.report.txt	cc487bde46dbc362125a393fa042ebe9047eef515616964b9d37f1c9f5fc587e
S_23_07_03	50000	3	1005045	new_read_level_subsample	1520	1925	700986	78.961038961	${CETA_RESULTS}/00_heavy_base_outputs/02_krakenuniq_subsamples/19_alpha_rarefaction_krakenuniq_all23_real/03_KRAKENUNIQ_REPORTS/S_23_07_03__d50000__r3.krakenuniq.report.txt	4c1dfbcf1e2fb1129ac3a1b79258698f7b58a1eba709422f66755fdee5f09f92
S_23_07_03	100000	1	1006043	new_read_level_subsample	1689	1925	700986	87.7402597403	${CETA_RESULTS}/00_heavy_base_outputs/02_krakenuniq_subsamples/19_alpha_rarefaction_krakenuniq_all23_real/03_KRAKENUNIQ_REPORTS/S_23_07_03__d100000__r1.krakenuniq.report.txt	e5f3826a5c4688fdd018efe51e2c35e0d6d8669e30f9e5238b3e8ccc597c228c
S_23_07_03	100000	2	1006044	new_read_level_subsample	1679	1925	700986	87.2207792208	${CETA_RESULTS}/00_heavy_base_outputs/02_krakenuniq_subsamples/19_alpha_rarefaction_krakenuniq_all23_real/03_KRAKENUNIQ_REPORTS/S_23_07_03__d100000__r2.krakenuniq.report.txt	f376c8f066f2163eaaea4b790d498f2bbc23da05398bf8fec4e65a075440d050
S_23_07_03	100000	3	1006045	new_read_level_subsample	1681	1925	700986	87.3246753247	${CETA_RESULTS}/00_heavy_base_outputs/02_krakenuniq_subsamples/19_alpha_rarefaction_krakenuniq_all23_real/03_KRAKENUNIQ_REPORTS/S_23_07_03__d100000__r3.krakenuniq.report.txt	fc4c3b4550938ece751d807cdd1e0665a42cdfd0786558fd2d98e864dd06a753
S_23_07_03	250000	1	1007043	new_read_level_subsample	1831	1925	700986	95.1168831169	${CETA_RESULTS}/00_heavy_base_outputs/02_krakenuniq_subsamples/19_alpha_rarefaction_krakenuniq_all23_real/03_KRAKENUNIQ_REPORTS/S_23_07_03__d250000__r1.krakenuniq.report.txt	80c733fa891aaa69e10bf549bc8420d807133c79671a576f3db406d584087d54
S_23_07_03	250000	2	1007044	new_read_level_subsample	1816	1925	700986	94.3376623377	${CETA_RESULTS}/00_heavy_base_outputs/02_krakenuniq_subsamples/19_alpha_rarefaction_krakenuniq_all23_real/03_KRAKENUNIQ_REPORTS/S_23_07_03__d250000__r2.krakenuniq.report.txt	13fd0da275a0979262df7dc449c8573c9c71099ced5489aecb3cd3b40f83a308
S_23_07_03	250000	3	1007045	new_read_level_subsample	1821	1925	700986	94.5974025974	${CETA_RESULTS}/00_heavy_base_outputs/02_krakenuniq_subsamples/19_alpha_rarefaction_krakenuniq_all23_real/03_KRAKENUNIQ_REPORTS/S_23_07_03__d250000__r3.krakenuniq.report.txt	94fa5fcfb333f8fdc781c002584efb28ab9229c933451a14d3fab2a0aba9bf60
S_23_07_03	315147	1		retained_equal_depth_report	1844	1925	700986	95.7922077922	${CETA_RESULTS}/00_heavy_base_outputs/02_krakenuniq_subsamples/16_krakenuniq_equal_depth_23samples/results/taxprofiler_run-20260516_123800/krakenuniq/krakenuniq_standard/S_23_07_03__sub315147__r1_S_23_07_03__sub315147__r1.se.krakenuniq.report.txt	a99ac948ca9fc20dde7206fffa81ddc2f433df1d8ae287abc250e38ade6581ec
S_23_07_03	315147	2		retained_equal_depth_report	1859	1925	700986	96.5714285714	${CETA_RESULTS}/00_heavy_base_outputs/02_krakenuniq_subsamples/16_krakenuniq_equal_depth_23samples/results/taxprofiler_run-20260516_123800/krakenuniq/krakenuniq_standard/S_23_07_03__sub315147__r2_S_23_07_03__sub315147__r2.se.krakenuniq.report.txt	e38c567e7c1dcad6b8ec57fa6a1de524a01c740fc1e1989773bb50aee2224747
S_23_07_03	315147	3		retained_equal_depth_report	1846	1925	700986	95.8961038961	${CETA_RESULTS}/00_heavy_base_outputs/02_krakenuniq_subsamples/16_krakenuniq_equal_depth_23samples/results/taxprofiler_run-20260516_123800/krakenuniq/krakenuniq_standard/S_23_07_03__sub315147__r3_S_23_07_03__sub315147__r3.se.krakenuniq.report.txt	d5022fa49bcde9b1f4213a8eb2f213663c004af12f37270056e96c51e0503ff7
S_23_09_06	1000	1	1101043	new_read_level_subsample	230	1905	572877	12.0734908136	${CETA_RESULTS}/00_heavy_base_outputs/02_krakenuniq_subsamples/19_alpha_rarefaction_krakenuniq_all23_real/03_KRAKENUNIQ_REPORTS/S_23_09_06__d1000__r1.krakenuniq.report.txt	860e7024a600b9dae5f943ea6a7b53867f74c2bf9945390d3b0a677f5b8e858c
S_23_09_06	1000	2	1101044	new_read_level_subsample	221	1905	572877	11.6010498688	${CETA_RESULTS}/00_heavy_base_outputs/02_krakenuniq_subsamples/19_alpha_rarefaction_krakenuniq_all23_real/03_KRAKENUNIQ_REPORTS/S_23_09_06__d1000__r2.krakenuniq.report.txt	881eb1d3598860439fa8af02d0e19a417077efe4b80b212e9bfaeafbc1a3bd1d
S_23_09_06	1000	3	1101045	new_read_level_subsample	245	1905	572877	12.8608923885	${CETA_RESULTS}/00_heavy_base_outputs/02_krakenuniq_subsamples/19_alpha_rarefaction_krakenuniq_all23_real/03_KRAKENUNIQ_REPORTS/S_23_09_06__d1000__r3.krakenuniq.report.txt	9bfa7db585ba6659211570e1b526f43ac386f6330687b87930eef89e01bf0675
S_23_09_06	5000	1	1102043	new_read_level_subsample	671	1905	572877	35.2230971129	${CETA_RESULTS}/00_heavy_base_outputs/02_krakenuniq_subsamples/19_alpha_rarefaction_krakenuniq_all23_real/03_KRAKENUNIQ_REPORTS/S_23_09_06__d5000__r1.krakenuniq.report.txt	2c0fba447c08256c63a0387814a81f6e9397b2821a5c8bf35266660c449bbcc3
S_23_09_06	5000	2	1102044	new_read_level_subsample	631	1905	572877	33.1233595801	${CETA_RESULTS}/00_heavy_base_outputs/02_krakenuniq_subsamples/19_alpha_rarefaction_krakenuniq_all23_real/03_KRAKENUNIQ_REPORTS/S_23_09_06__d5000__r2.krakenuniq.report.txt	cf4487f8a0f47584dbb763158e92647ba0c6ce2488fcbcbfa665e3713c059028
S_23_09_06	5000	3	1102045	new_read_level_subsample	658	1905	572877	34.5406824147	${CETA_RESULTS}/00_heavy_base_outputs/02_krakenuniq_subsamples/19_alpha_rarefaction_krakenuniq_all23_real/03_KRAKENUNIQ_REPORTS/S_23_09_06__d5000__r3.krakenuniq.report.txt	205ce2e0ff62b7e5addd992664518739d7dff054af03c6c3a4b2123ab4c21137
S_23_09_06	10000	1	1103043	new_read_level_subsample	914	1905	572877	47.9790026247	${CETA_RESULTS}/00_heavy_base_outputs/02_krakenuniq_subsamples/19_alpha_rarefaction_krakenuniq_all23_real/03_KRAKENUNIQ_REPORTS/S_23_09_06__d10000__r1.krakenuniq.report.txt	4edc410acdfbb5d7ef6ec6a538bff36f3bafcefe4bd08b15b1bb7ab2cfc924be
S_23_09_06	10000	2	1103044	new_read_level_subsample	923	1905	572877	48.4514435696	${CETA_RESULTS}/00_heavy_base_outputs/02_krakenuniq_subsamples/19_alpha_rarefaction_krakenuniq_all23_real/03_KRAKENUNIQ_REPORTS/S_23_09_06__d10000__r2.krakenuniq.report.txt	5202f0f36f23c292d9cd16439772a7f924bb15fa1b3fbfd619f381b6757143b7
S_23_09_06	10000	3	1103045	new_read_level_subsample	918	1905	572877	48.188976378	${CETA_RESULTS}/00_heavy_base_outputs/02_krakenuniq_subsamples/19_alpha_rarefaction_krakenuniq_all23_real/03_KRAKENUNIQ_REPORTS/S_23_09_06__d10000__r3.krakenuniq.report.txt	a6ef4ebbdd4898a39799fb50e2639b715e5d40006b0ea07b4b9fd1ec4f37f1c1
S_23_09_06	25000	1	1104043	new_read_level_subsample	1267	1905	572877	66.5091863517	${CETA_RESULTS}/00_heavy_base_outputs/02_krakenuniq_subsamples/19_alpha_rarefaction_krakenuniq_all23_real/03_KRAKENUNIQ_REPORTS/S_23_09_06__d25000__r1.krakenuniq.report.txt	7ff497c0aa5c7e70c391bab526498116901066c1437fa200a805f7d77eaea873
S_23_09_06	25000	2	1104044	new_read_level_subsample	1281	1905	572877	67.2440944882	${CETA_RESULTS}/00_heavy_base_outputs/02_krakenuniq_subsamples/19_alpha_rarefaction_krakenuniq_all23_real/03_KRAKENUNIQ_REPORTS/S_23_09_06__d25000__r2.krakenuniq.report.txt	e3ccd726f53546590f58115fbbd374d74c17b00c458267d5bd16d5a359b738e9
S_23_09_06	25000	3	1104045	new_read_level_subsample	1280	1905	572877	67.1916010499	${CETA_RESULTS}/00_heavy_base_outputs/02_krakenuniq_subsamples/19_alpha_rarefaction_krakenuniq_all23_real/03_KRAKENUNIQ_REPORTS/S_23_09_06__d25000__r3.krakenuniq.report.txt	b34b7904d0ff22708dbe074ac3ccf58f19b6f24a506b69a88b3d629480598702
S_23_09_06	50000	1	1105043	new_read_level_subsample	1494	1905	572877	78.4251968504	${CETA_RESULTS}/00_heavy_base_outputs/02_krakenuniq_subsamples/19_alpha_rarefaction_krakenuniq_all23_real/03_KRAKENUNIQ_REPORTS/S_23_09_06__d50000__r1.krakenuniq.report.txt	86d9ab3d34b2effe66140fe838f2d714b9928691e14c6c08c6b7a0cac4c391ca
S_23_09_06	50000	2	1105044	new_read_level_subsample	1502	1905	572877	78.845144357	${CETA_RESULTS}/00_heavy_base_outputs/02_krakenuniq_subsamples/19_alpha_rarefaction_krakenuniq_all23_real/03_KRAKENUNIQ_REPORTS/S_23_09_06__d50000__r2.krakenuniq.report.txt	476c7af6ff808a99147aa396eb8e3344bf7ae300673c32efe476e82e26bff542
S_23_09_06	50000	3	1105045	new_read_level_subsample	1486	1905	572877	78.0052493438	${CETA_RESULTS}/00_heavy_base_outputs/02_krakenuniq_subsamples/19_alpha_rarefaction_krakenuniq_all23_real/03_KRAKENUNIQ_REPORTS/S_23_09_06__d50000__r3.krakenuniq.report.txt	189d1d4f9d3ba5dc1b07b8245ff921b7e3835a703aecf82a81fd28462c10ab6a
S_23_09_06	100000	1	1106043	new_read_level_subsample	1675	1905	572877	87.9265091864	${CETA_RESULTS}/00_heavy_base_outputs/02_krakenuniq_subsamples/19_alpha_rarefaction_krakenuniq_all23_real/03_KRAKENUNIQ_REPORTS/S_23_09_06__d100000__r1.krakenuniq.report.txt	59bae6cd7207819f549db8c887405d31721d00e39e6dfc7aa68d5ebded55f075
S_23_09_06	100000	2	1106044	new_read_level_subsample	1665	1905	572877	87.4015748031	${CETA_RESULTS}/00_heavy_base_outputs/02_krakenuniq_subsamples/19_alpha_rarefaction_krakenuniq_all23_real/03_KRAKENUNIQ_REPORTS/S_23_09_06__d100000__r2.krakenuniq.report.txt	66a1b4232b2abbea63d5a0bbdaf8c749cb3a1cac95b0f6e23cbca56a97b10e96
S_23_09_06	100000	3	1106045	new_read_level_subsample	1680	1905	572877	88.188976378	${CETA_RESULTS}/00_heavy_base_outputs/02_krakenuniq_subsamples/19_alpha_rarefaction_krakenuniq_all23_real/03_KRAKENUNIQ_REPORTS/S_23_09_06__d100000__r3.krakenuniq.report.txt	bc49f66bf02206c17d7bdfd451270c4b851faa42ab1c14cc0ed598704dc82a0c
S_23_09_06	250000	1	1107043	new_read_level_subsample	1815	1905	572877	95.2755905512	${CETA_RESULTS}/00_heavy_base_outputs/02_krakenuniq_subsamples/19_alpha_rarefaction_krakenuniq_all23_real/03_KRAKENUNIQ_REPORTS/S_23_09_06__d250000__r1.krakenuniq.report.txt	1edbce1968ff2fe8ff203e4097afffd47408d2a0940f20af297797bd47acd9a6
S_23_09_06	250000	2	1107044	new_read_level_subsample	1808	1905	572877	94.9081364829	${CETA_RESULTS}/00_heavy_base_outputs/02_krakenuniq_subsamples/19_alpha_rarefaction_krakenuniq_all23_real/03_KRAKENUNIQ_REPORTS/S_23_09_06__d250000__r2.krakenuniq.report.txt	d21a07b4badb1f611063be08e0ed7d7d9749d51dea7ef2a3074dd4517af2734c
S_23_09_06	250000	3	1107045	new_read_level_subsample	1824	1905	572877	95.7480314961	${CETA_RESULTS}/00_heavy_base_outputs/02_krakenuniq_subsamples/19_alpha_rarefaction_krakenuniq_all23_real/03_KRAKENUNIQ_REPORTS/S_23_09_06__d250000__r3.krakenuniq.report.txt	6b4ccb1dea7db0a883ed3d6797d7e88118f7da8118dc9990367d77dcf3fb60cc
S_23_09_06	315147	1		retained_equal_depth_report	1837	1905	572877	96.4304461942	${CETA_RESULTS}/00_heavy_base_outputs/02_krakenuniq_subsamples/16_krakenuniq_equal_depth_23samples/results/taxprofiler_run-20260516_123800/krakenuniq/krakenuniq_standard/S_23_09_06__sub315147__r1_S_23_09_06__sub315147__r1.se.krakenuniq.report.txt	2a90e157ddf361fb1ea68541644edb9a0a55628af999ce18ee7274ee94230b7a
S_23_09_06	315147	2		retained_equal_depth_report	1842	1905	572877	96.6929133858	${CETA_RESULTS}/00_heavy_base_outputs/02_krakenuniq_subsamples/16_krakenuniq_equal_depth_23samples/results/taxprofiler_run-20260516_123800/krakenuniq/krakenuniq_standard/S_23_09_06__sub315147__r2_S_23_09_06__sub315147__r2.se.krakenuniq.report.txt	2747d2e1dc1d2d8f92a67fcb3340ae252d797b97f02ae8b35934eacb37c0bf30
S_23_09_06	315147	3		retained_equal_depth_report	1841	1905	572877	96.6404199475	${CETA_RESULTS}/00_heavy_base_outputs/02_krakenuniq_subsamples/16_krakenuniq_equal_depth_23samples/results/taxprofiler_run-20260516_123800/krakenuniq/krakenuniq_standard/S_23_09_06__sub315147__r3_S_23_09_06__sub315147__r3.se.krakenuniq.report.txt	64658d7e228cce07e9db35599bdf7de65b1fb8296f0d8f91b60362829ed9021f
S_23_10_25	1000	1	1201043	new_read_level_subsample	256	1931	824730	13.2573795961	${CETA_RESULTS}/00_heavy_base_outputs/02_krakenuniq_subsamples/19_alpha_rarefaction_krakenuniq_all23_real/03_KRAKENUNIQ_REPORTS/S_23_10_25__d1000__r1.krakenuniq.report.txt	f3cde757f38ea49c559660a4e9a36ddca385609a2c34d4e7ca7386d2b6ef600d
S_23_10_25	1000	2	1201044	new_read_level_subsample	267	1931	824730	13.8270326256	${CETA_RESULTS}/00_heavy_base_outputs/02_krakenuniq_subsamples/19_alpha_rarefaction_krakenuniq_all23_real/03_KRAKENUNIQ_REPORTS/S_23_10_25__d1000__r2.krakenuniq.report.txt	be0609004afe5d469175b633636589b30fd92f5c703f5fe57a68c379c9f6a17e
S_23_10_25	1000	3	1201045	new_read_level_subsample	254	1931	824730	13.153806318	${CETA_RESULTS}/00_heavy_base_outputs/02_krakenuniq_subsamples/19_alpha_rarefaction_krakenuniq_all23_real/03_KRAKENUNIQ_REPORTS/S_23_10_25__d1000__r3.krakenuniq.report.txt	07685ac3f5d3f8fe384b51708a923174c9bdad36a1c34e05b44ff8b5dd0733a1
S_23_10_25	5000	1	1202043	new_read_level_subsample	676	1931	824730	35.0077679959	${CETA_RESULTS}/00_heavy_base_outputs/02_krakenuniq_subsamples/19_alpha_rarefaction_krakenuniq_all23_real/03_KRAKENUNIQ_REPORTS/S_23_10_25__d5000__r1.krakenuniq.report.txt	982091498cf568d69cfc6ea4fec2a50cc53971161a297da99044717a7ad269fd
S_23_10_25	5000	2	1202044	new_read_level_subsample	672	1931	824730	34.8006214397	${CETA_RESULTS}/00_heavy_base_outputs/02_krakenuniq_subsamples/19_alpha_rarefaction_krakenuniq_all23_real/03_KRAKENUNIQ_REPORTS/S_23_10_25__d5000__r2.krakenuniq.report.txt	510de564c19819aab5a44ea0dca9da1323aac1dfc8a4b05ab29cf668a93e0bcf
S_23_10_25	5000	3	1202045	new_read_level_subsample	677	1931	824730	35.0595546349	${CETA_RESULTS}/00_heavy_base_outputs/02_krakenuniq_subsamples/19_alpha_rarefaction_krakenuniq_all23_real/03_KRAKENUNIQ_REPORTS/S_23_10_25__d5000__r3.krakenuniq.report.txt	83f66e2af0ac2c5f50befa89b4f22132055e40e361f8656cf777f5ba8b619ca2
S_23_10_25	10000	1	1203043	new_read_level_subsample	930	1931	824730	48.1615743138	${CETA_RESULTS}/00_heavy_base_outputs/02_krakenuniq_subsamples/19_alpha_rarefaction_krakenuniq_all23_real/03_KRAKENUNIQ_REPORTS/S_23_10_25__d10000__r1.krakenuniq.report.txt	f646a294077b9a35436aa28a05c266919bc8175c721a0fd0c8eeba65bb3335c4
S_23_10_25	10000	2	1203044	new_read_level_subsample	916	1931	824730	47.4365613672	${CETA_RESULTS}/00_heavy_base_outputs/02_krakenuniq_subsamples/19_alpha_rarefaction_krakenuniq_all23_real/03_KRAKENUNIQ_REPORTS/S_23_10_25__d10000__r2.krakenuniq.report.txt	3b288fda9e4bd70e1e28f1e2116b5a3d2a50fc059eac69cad951a7d866d622ae
S_23_10_25	10000	3	1203045	new_read_level_subsample	907	1931	824730	46.9704816157	${CETA_RESULTS}/00_heavy_base_outputs/02_krakenuniq_subsamples/19_alpha_rarefaction_krakenuniq_all23_real/03_KRAKENUNIQ_REPORTS/S_23_10_25__d10000__r3.krakenuniq.report.txt	17ffe6739c53bd676d51bb56e75c8e962a8dbd2b98cca4230622ac3adaa1f089
S_23_10_25	25000	1	1204043	new_read_level_subsample	1264	1931	824730	65.4583117556	${CETA_RESULTS}/00_heavy_base_outputs/02_krakenuniq_subsamples/19_alpha_rarefaction_krakenuniq_all23_real/03_KRAKENUNIQ_REPORTS/S_23_10_25__d25000__r1.krakenuniq.report.txt	5b51b3151a803e4dcbb36ab3515690eee5f13575d4f64550674fdfa843082eba
S_23_10_25	25000	2	1204044	new_read_level_subsample	1197	1931	824730	61.9886069394	${CETA_RESULTS}/00_heavy_base_outputs/02_krakenuniq_subsamples/19_alpha_rarefaction_krakenuniq_all23_real/03_KRAKENUNIQ_REPORTS/S_23_10_25__d25000__r2.krakenuniq.report.txt	324801922efbf78c9538c0ef73c3c4b17c7cbe4afe27ad73d63f140038adf952
S_23_10_25	25000	3	1204045	new_read_level_subsample	1272	1931	824730	65.8726048679	${CETA_RESULTS}/00_heavy_base_outputs/02_krakenuniq_subsamples/19_alpha_rarefaction_krakenuniq_all23_real/03_KRAKENUNIQ_REPORTS/S_23_10_25__d25000__r3.krakenuniq.report.txt	0228d4cff954fee7c682348e3e7927f0e65e1cd9574e7b2d3f7af04cee79c77e
S_23_10_25	50000	1	1205043	new_read_level_subsample	1464	1931	824730	75.815639565	${CETA_RESULTS}/00_heavy_base_outputs/02_krakenuniq_subsamples/19_alpha_rarefaction_krakenuniq_all23_real/03_KRAKENUNIQ_REPORTS/S_23_10_25__d50000__r1.krakenuniq.report.txt	712286fc815211504edd05b2619ad00d3f37b7e4bee7f38f7a60afb5f3cdf3f5
S_23_10_25	50000	2	1205044	new_read_level_subsample	1481	1931	824730	76.6960124288	${CETA_RESULTS}/00_heavy_base_outputs/02_krakenuniq_subsamples/19_alpha_rarefaction_krakenuniq_all23_real/03_KRAKENUNIQ_REPORTS/S_23_10_25__d50000__r2.krakenuniq.report.txt	50f80bc7a30f9ee00d3e90d16e8f5b05d00e839c2699b55eb7041101bc783607
S_23_10_25	50000	3	1205045	new_read_level_subsample	1465	1931	824730	75.867426204	${CETA_RESULTS}/00_heavy_base_outputs/02_krakenuniq_subsamples/19_alpha_rarefaction_krakenuniq_all23_real/03_KRAKENUNIQ_REPORTS/S_23_10_25__d50000__r3.krakenuniq.report.txt	9597d1d8198fbaaf03c9272f245dc55e0474b9e0be893c39ac09235c1b933dbc
S_23_10_25	100000	1	1206043	new_read_level_subsample	1649	1931	824730	85.3961677887	${CETA_RESULTS}/00_heavy_base_outputs/02_krakenuniq_subsamples/19_alpha_rarefaction_krakenuniq_all23_real/03_KRAKENUNIQ_REPORTS/S_23_10_25__d100000__r1.krakenuniq.report.txt	e8d9d39262f6e1770109bbc416422928007350de286021334913a21a11f89476
S_23_10_25	100000	2	1206044	new_read_level_subsample	1639	1931	824730	84.8783013982	${CETA_RESULTS}/00_heavy_base_outputs/02_krakenuniq_subsamples/19_alpha_rarefaction_krakenuniq_all23_real/03_KRAKENUNIQ_REPORTS/S_23_10_25__d100000__r2.krakenuniq.report.txt	20a67dfe674fbfe016cf83e4e6ab87c0406f514c9b5dcb4bad09b50203b0e023
S_23_10_25	100000	3	1206045	new_read_level_subsample	1650	1931	824730	85.4479544278	${CETA_RESULTS}/00_heavy_base_outputs/02_krakenuniq_subsamples/19_alpha_rarefaction_krakenuniq_all23_real/03_KRAKENUNIQ_REPORTS/S_23_10_25__d100000__r3.krakenuniq.report.txt	e26a67d540fe17f8ea637f4f345926a116e5e658a695b176a84e921244cbf5df
S_23_10_25	250000	1	1207043	new_read_level_subsample	1807	1931	824730	93.5784567582	${CETA_RESULTS}/00_heavy_base_outputs/02_krakenuniq_subsamples/19_alpha_rarefaction_krakenuniq_all23_real/03_KRAKENUNIQ_REPORTS/S_23_10_25__d250000__r1.krakenuniq.report.txt	ddb602518f7b06eb45f2e1a2072e2c88446d7491356f58475742b8c2f2b069e6
S_23_10_25	250000	2	1207044	new_read_level_subsample	1805	1931	824730	93.4748834801	${CETA_RESULTS}/00_heavy_base_outputs/02_krakenuniq_subsamples/19_alpha_rarefaction_krakenuniq_all23_real/03_KRAKENUNIQ_REPORTS/S_23_10_25__d250000__r2.krakenuniq.report.txt	8382fffc9b90b53cd3ae38ac7546d03f3bc6f9906640289471bc456f583230f0
S_23_10_25	250000	3	1207045	new_read_level_subsample	1820	1931	824730	94.2516830658	${CETA_RESULTS}/00_heavy_base_outputs/02_krakenuniq_subsamples/19_alpha_rarefaction_krakenuniq_all23_real/03_KRAKENUNIQ_REPORTS/S_23_10_25__d250000__r3.krakenuniq.report.txt	d549c7bc4ff6a36ee8f7a9642742ede6ea28af15c278680bb6482393129b1cac
S_23_10_25	315147	1		retained_equal_depth_report	1837	1931	824730	95.1320559296	${CETA_RESULTS}/00_heavy_base_outputs/02_krakenuniq_subsamples/16_krakenuniq_equal_depth_23samples/results/taxprofiler_run-20260516_123800/krakenuniq/krakenuniq_standard/S_23_10_25__sub315147__r1_S_23_10_25__sub315147__r1.se.krakenuniq.report.txt	4cb2c3fd7de291209d0b7a3e4c01ef094780bc9c54afd91b02a55076df44fa81
S_23_10_25	315147	2		retained_equal_depth_report	1824	1931	824730	94.458829622	${CETA_RESULTS}/00_heavy_base_outputs/02_krakenuniq_subsamples/16_krakenuniq_equal_depth_23samples/results/taxprofiler_run-20260516_123800/krakenuniq/krakenuniq_standard/S_23_10_25__sub315147__r2_S_23_10_25__sub315147__r2.se.krakenuniq.report.txt	608f83884c97f2cce04fd2817ac7fa9e762935b65054bea2bb643b82b0180ac4
S_23_10_25	315147	3		retained_equal_depth_report	1829	1931	824730	94.7177628172	${CETA_RESULTS}/00_heavy_base_outputs/02_krakenuniq_subsamples/16_krakenuniq_equal_depth_23samples/results/taxprofiler_run-20260516_123800/krakenuniq/krakenuniq_standard/S_23_10_25__sub315147__r3_S_23_10_25__sub315147__r3.se.krakenuniq.report.txt	7030c4b27127dac199d93e70df14feca443b08d448f5ff812bdc78ba0685175a
S_24_01_04	1000	1	1301043	new_read_level_subsample	200	1969	1177709	10.157440325	${CETA_RESULTS}/00_heavy_base_outputs/02_krakenuniq_subsamples/19_alpha_rarefaction_krakenuniq_all23_real/03_KRAKENUNIQ_REPORTS/S_24_01_04__d1000__r1.krakenuniq.report.txt	f264015135e9c9bda460efe9de8e395e4e8dda7cabb36395e02c4048b3007d16
S_24_01_04	1000	2	1301044	new_read_level_subsample	222	1969	1177709	11.2747587608	${CETA_RESULTS}/00_heavy_base_outputs/02_krakenuniq_subsamples/19_alpha_rarefaction_krakenuniq_all23_real/03_KRAKENUNIQ_REPORTS/S_24_01_04__d1000__r2.krakenuniq.report.txt	b65b882320e3f9484a67063b130d92b386977fdf659425a37c896195c0b49719
S_24_01_04	1000	3	1301045	new_read_level_subsample	205	1969	1177709	10.4113763332	${CETA_RESULTS}/00_heavy_base_outputs/02_krakenuniq_subsamples/19_alpha_rarefaction_krakenuniq_all23_real/03_KRAKENUNIQ_REPORTS/S_24_01_04__d1000__r3.krakenuniq.report.txt	fcd6fcdfac552079528b4f4d4ef8a83beedb4e44525da7ee0e1f458a7314234c
S_24_01_04	5000	1	1302043	new_read_level_subsample	627	1969	1177709	31.843575419	${CETA_RESULTS}/00_heavy_base_outputs/02_krakenuniq_subsamples/19_alpha_rarefaction_krakenuniq_all23_real/03_KRAKENUNIQ_REPORTS/S_24_01_04__d5000__r1.krakenuniq.report.txt	bf4d6e7a653460e392c9cb2875c8dad76e2ee1cfd2ab471050c4abb0b21183a5
S_24_01_04	5000	2	1302044	new_read_level_subsample	635	1969	1177709	32.249873032	${CETA_RESULTS}/00_heavy_base_outputs/02_krakenuniq_subsamples/19_alpha_rarefaction_krakenuniq_all23_real/03_KRAKENUNIQ_REPORTS/S_24_01_04__d5000__r2.krakenuniq.report.txt	078bd44733a1167e152f6d51d85b1d527193ffcd3245a46f45259fe3027429eb
S_24_01_04	5000	3	1302045	new_read_level_subsample	627	1969	1177709	31.843575419	${CETA_RESULTS}/00_heavy_base_outputs/02_krakenuniq_subsamples/19_alpha_rarefaction_krakenuniq_all23_real/03_KRAKENUNIQ_REPORTS/S_24_01_04__d5000__r3.krakenuniq.report.txt	31f8d7bb6fcd95edc05c7979d8e98a48ec828869a6ce797145037a89cd9649f4
S_24_01_04	10000	1	1303043	new_read_level_subsample	882	1969	1177709	44.7943118334	${CETA_RESULTS}/00_heavy_base_outputs/02_krakenuniq_subsamples/19_alpha_rarefaction_krakenuniq_all23_real/03_KRAKENUNIQ_REPORTS/S_24_01_04__d10000__r1.krakenuniq.report.txt	3c8acb9e81136f00e82693fc9bcb0587fc4582afa62eb108b97f6fc34b6b576c
S_24_01_04	10000	2	1303044	new_read_level_subsample	886	1969	1177709	44.9974606399	${CETA_RESULTS}/00_heavy_base_outputs/02_krakenuniq_subsamples/19_alpha_rarefaction_krakenuniq_all23_real/03_KRAKENUNIQ_REPORTS/S_24_01_04__d10000__r2.krakenuniq.report.txt	b474b73edc2e9816ce8cb6d5a12a33fb13a683acf682c8cd91da45d7fcd82556
S_24_01_04	10000	3	1303045	new_read_level_subsample	856	1969	1177709	43.4738445912	${CETA_RESULTS}/00_heavy_base_outputs/02_krakenuniq_subsamples/19_alpha_rarefaction_krakenuniq_all23_real/03_KRAKENUNIQ_REPORTS/S_24_01_04__d10000__r3.krakenuniq.report.txt	75b549dd6ec3e7add7db3185e35d837c2df920dc05757e9e53d33980a002084a
S_24_01_04	25000	1	1304043	new_read_level_subsample	1225	1969	1177709	62.2143219909	${CETA_RESULTS}/00_heavy_base_outputs/02_krakenuniq_subsamples/19_alpha_rarefaction_krakenuniq_all23_real/03_KRAKENUNIQ_REPORTS/S_24_01_04__d25000__r1.krakenuniq.report.txt	8892cb46b1009d54da0b8250c06bcee85392066c81ca4ac030caed91f68f020b
S_24_01_04	25000	2	1304044	new_read_level_subsample	1230	1969	1177709	62.468257999	${CETA_RESULTS}/00_heavy_base_outputs/02_krakenuniq_subsamples/19_alpha_rarefaction_krakenuniq_all23_real/03_KRAKENUNIQ_REPORTS/S_24_01_04__d25000__r2.krakenuniq.report.txt	73fb35730a89098d928eab83e7f3b7fe8b99db4685b9a8b074e86130f11f8429
S_24_01_04	25000	3	1304045	new_read_level_subsample	1208	1969	1177709	61.3509395632	${CETA_RESULTS}/00_heavy_base_outputs/02_krakenuniq_subsamples/19_alpha_rarefaction_krakenuniq_all23_real/03_KRAKENUNIQ_REPORTS/S_24_01_04__d25000__r3.krakenuniq.report.txt	25e1280005021f2ede3a9f2c7de7a0efe4f6d5face31238862338c158dd12b1d
S_24_01_04	50000	1	1305043	new_read_level_subsample	1477	1969	1177709	75.0126968004	${CETA_RESULTS}/00_heavy_base_outputs/02_krakenuniq_subsamples/19_alpha_rarefaction_krakenuniq_all23_real/03_KRAKENUNIQ_REPORTS/S_24_01_04__d50000__r1.krakenuniq.report.txt	ea7bcdc7f26ec54b8617b57c56253507e15460f4c5961e760212656deda1e100
S_24_01_04	50000	2	1305044	new_read_level_subsample	1470	1969	1177709	74.657186389	${CETA_RESULTS}/00_heavy_base_outputs/02_krakenuniq_subsamples/19_alpha_rarefaction_krakenuniq_all23_real/03_KRAKENUNIQ_REPORTS/S_24_01_04__d50000__r2.krakenuniq.report.txt	4503c5d803ba65e04bee3823d6362087ed6f49f182f23bc04178ad4354b573c0
S_24_01_04	50000	3	1305045	new_read_level_subsample	1450	1969	1177709	73.6414423565	${CETA_RESULTS}/00_heavy_base_outputs/02_krakenuniq_subsamples/19_alpha_rarefaction_krakenuniq_all23_real/03_KRAKENUNIQ_REPORTS/S_24_01_04__d50000__r3.krakenuniq.report.txt	034f7e4a91f578d76e071f778e60e9e0effc4c0ad4abeda30e5490a03a87e1b7
S_24_01_04	100000	1	1306043	new_read_level_subsample	1621	1969	1177709	82.3260538344	${CETA_RESULTS}/00_heavy_base_outputs/02_krakenuniq_subsamples/19_alpha_rarefaction_krakenuniq_all23_real/03_KRAKENUNIQ_REPORTS/S_24_01_04__d100000__r1.krakenuniq.report.txt	a9619ea126a84bdd99fc0c587436ec0c8e1ae26e31c70d1206ed8741a308a204
S_24_01_04	100000	2	1306044	new_read_level_subsample	1665	1969	1177709	84.5606907059	${CETA_RESULTS}/00_heavy_base_outputs/02_krakenuniq_subsamples/19_alpha_rarefaction_krakenuniq_all23_real/03_KRAKENUNIQ_REPORTS/S_24_01_04__d100000__r2.krakenuniq.report.txt	46e4227b0ea921543473c439cf0a6aa741c64ce91dc47aea573f40eb6e0a184f
S_24_01_04	100000	3	1306045	new_read_level_subsample	1630	1969	1177709	82.7831386491	${CETA_RESULTS}/00_heavy_base_outputs/02_krakenuniq_subsamples/19_alpha_rarefaction_krakenuniq_all23_real/03_KRAKENUNIQ_REPORTS/S_24_01_04__d100000__r3.krakenuniq.report.txt	3fcc4465bf696edb59412b115fbdad0e5e4e7387cb0b71fe73e0b5abf8c6970c
S_24_01_04	250000	1	1307043	new_read_level_subsample	1801	1969	1177709	91.467750127	${CETA_RESULTS}/00_heavy_base_outputs/02_krakenuniq_subsamples/19_alpha_rarefaction_krakenuniq_all23_real/03_KRAKENUNIQ_REPORTS/S_24_01_04__d250000__r1.krakenuniq.report.txt	8c1589c7d050e718318cf9e4bbc04004334470753b618539b0e895e5ed3e1419
S_24_01_04	250000	2	1307044	new_read_level_subsample	1800	1969	1177709	91.4169629253	${CETA_RESULTS}/00_heavy_base_outputs/02_krakenuniq_subsamples/19_alpha_rarefaction_krakenuniq_all23_real/03_KRAKENUNIQ_REPORTS/S_24_01_04__d250000__r2.krakenuniq.report.txt	6a5250e3967910e3662822b073cfc122f7161826e60d5e506276d1230bf96079
S_24_01_04	250000	3	1307045	new_read_level_subsample	1795	1969	1177709	91.1630269172	${CETA_RESULTS}/00_heavy_base_outputs/02_krakenuniq_subsamples/19_alpha_rarefaction_krakenuniq_all23_real/03_KRAKENUNIQ_REPORTS/S_24_01_04__d250000__r3.krakenuniq.report.txt	19998deb47f9a6f0a3a24c65dc8dcdcca535000776851620577f092df27c4920
S_24_01_04	315147	1		retained_equal_depth_report	1845	1969	1177709	93.7023869985	${CETA_RESULTS}/00_heavy_base_outputs/02_krakenuniq_subsamples/16_krakenuniq_equal_depth_23samples/results/taxprofiler_run-20260516_123800/krakenuniq/krakenuniq_standard/S_24_01_04__sub315147__r1_S_24_01_04__sub315147__r1.se.krakenuniq.report.txt	41ead600001d74268f4190af8f20fa560feda128f731f1d5827e5b8f46858e66
S_24_01_04	315147	2		retained_equal_depth_report	1833	1969	1177709	93.092940579	${CETA_RESULTS}/00_heavy_base_outputs/02_krakenuniq_subsamples/16_krakenuniq_equal_depth_23samples/results/taxprofiler_run-20260516_123800/krakenuniq/krakenuniq_standard/S_24_01_04__sub315147__r2_S_24_01_04__sub315147__r2.se.krakenuniq.report.txt	573b98bf4c2b45c60be2d06cd2db9333a7fd1dcf5cef3c5e155e6dd33fc9efbf
S_24_01_04	315147	3		retained_equal_depth_report	1827	1969	1177709	92.7882173692	${CETA_RESULTS}/00_heavy_base_outputs/02_krakenuniq_subsamples/16_krakenuniq_equal_depth_23samples/results/taxprofiler_run-20260516_123800/krakenuniq/krakenuniq_standard/S_24_01_04__sub315147__r3_S_24_01_04__sub315147__r3.se.krakenuniq.report.txt	981170e8b25b8cc2fcce167c897c22d4d7e8d2dd69498387f8173dbfbd8d8a1e
S_24_03_04	1000	1	1401043	new_read_level_subsample	245	1994	1736762	12.2868605817	${CETA_RESULTS}/00_heavy_base_outputs/02_krakenuniq_subsamples/19_alpha_rarefaction_krakenuniq_all23_real/03_KRAKENUNIQ_REPORTS/S_24_03_04__d1000__r1.krakenuniq.report.txt	f17752755ef85d547faddcce63f15319f91fcab2245fdf2272f5eb0ea065562e
S_24_03_04	1000	2	1401044	new_read_level_subsample	218	1994	1736762	10.9327983952	${CETA_RESULTS}/00_heavy_base_outputs/02_krakenuniq_subsamples/19_alpha_rarefaction_krakenuniq_all23_real/03_KRAKENUNIQ_REPORTS/S_24_03_04__d1000__r2.krakenuniq.report.txt	483e3c6f18b8e387972675c989678d388252bea51da4962b869af43b930c6e09
S_24_03_04	1000	3	1401045	new_read_level_subsample	220	1994	1736762	11.0330992979	${CETA_RESULTS}/00_heavy_base_outputs/02_krakenuniq_subsamples/19_alpha_rarefaction_krakenuniq_all23_real/03_KRAKENUNIQ_REPORTS/S_24_03_04__d1000__r3.krakenuniq.report.txt	fb0b90d15ab3798510d93e538e6d9ea7956ecd1e2d37f4fbdaf142111d0d0582
S_24_03_04	5000	1	1402043	new_read_level_subsample	656	1994	1736762	32.8986960883	${CETA_RESULTS}/00_heavy_base_outputs/02_krakenuniq_subsamples/19_alpha_rarefaction_krakenuniq_all23_real/03_KRAKENUNIQ_REPORTS/S_24_03_04__d5000__r1.krakenuniq.report.txt	97beb7274cf81e4be8e5e77cc5403e47792cf89a8b8d3c128447cc1606dc1e0e
S_24_03_04	5000	2	1402044	new_read_level_subsample	630	1994	1736762	31.5947843531	${CETA_RESULTS}/00_heavy_base_outputs/02_krakenuniq_subsamples/19_alpha_rarefaction_krakenuniq_all23_real/03_KRAKENUNIQ_REPORTS/S_24_03_04__d5000__r2.krakenuniq.report.txt	22b6d6b0ad27a7721b723483350c3dad6d2e1d3f6d735fa483af55235c9df137
S_24_03_04	5000	3	1402045	new_read_level_subsample	650	1994	1736762	32.5977933801	${CETA_RESULTS}/00_heavy_base_outputs/02_krakenuniq_subsamples/19_alpha_rarefaction_krakenuniq_all23_real/03_KRAKENUNIQ_REPORTS/S_24_03_04__d5000__r3.krakenuniq.report.txt	b6b309eb7123f1f33d0e717aad0fe9179adb84fcef0217e154bb86a95f627217
S_24_03_04	10000	1	1403043	new_read_level_subsample	892	1994	1736762	44.7342026078	${CETA_RESULTS}/00_heavy_base_outputs/02_krakenuniq_subsamples/19_alpha_rarefaction_krakenuniq_all23_real/03_KRAKENUNIQ_REPORTS/S_24_03_04__d10000__r1.krakenuniq.report.txt	fe40a9d3d96a16c2a894055b7c3e9c5144c6ca91ed0269e1d6ded42091e2379b
S_24_03_04	10000	2	1403044	new_read_level_subsample	905	1994	1736762	45.3861584754	${CETA_RESULTS}/00_heavy_base_outputs/02_krakenuniq_subsamples/19_alpha_rarefaction_krakenuniq_all23_real/03_KRAKENUNIQ_REPORTS/S_24_03_04__d10000__r2.krakenuniq.report.txt	cd88323005e96df7e2b769abc0738c4f94a6594bb41acebd3e57b476fd83fb8a
S_24_03_04	10000	3	1403045	new_read_level_subsample	885	1994	1736762	44.3831494483	${CETA_RESULTS}/00_heavy_base_outputs/02_krakenuniq_subsamples/19_alpha_rarefaction_krakenuniq_all23_real/03_KRAKENUNIQ_REPORTS/S_24_03_04__d10000__r3.krakenuniq.report.txt	c180f21a98133ad4f3fa9afa6bb7b8110afcf4d617abd8583f2c8edcf7f3b64f
S_24_03_04	25000	1	1404043	new_read_level_subsample	1234	1994	1736762	61.8856569709	${CETA_RESULTS}/00_heavy_base_outputs/02_krakenuniq_subsamples/19_alpha_rarefaction_krakenuniq_all23_real/03_KRAKENUNIQ_REPORTS/S_24_03_04__d25000__r1.krakenuniq.report.txt	785b2a07c3fe5abe49e57147b4b4f39f9a28e94d8cb377794a2be5d741bd6f5b
S_24_03_04	25000	2	1404044	new_read_level_subsample	1278	1994	1736762	64.0922768305	${CETA_RESULTS}/00_heavy_base_outputs/02_krakenuniq_subsamples/19_alpha_rarefaction_krakenuniq_all23_real/03_KRAKENUNIQ_REPORTS/S_24_03_04__d25000__r2.krakenuniq.report.txt	e4b2195db538d79540cfd0a994a93afae5e85e83dfa6b057265740c70f625885
S_24_03_04	25000	3	1404045	new_read_level_subsample	1226	1994	1736762	61.4844533601	${CETA_RESULTS}/00_heavy_base_outputs/02_krakenuniq_subsamples/19_alpha_rarefaction_krakenuniq_all23_real/03_KRAKENUNIQ_REPORTS/S_24_03_04__d25000__r3.krakenuniq.report.txt	d1038d807e5c8361930e359236f9d0c7f096519d6ab9a3af42cf8cc33fba2cc4
S_24_03_04	50000	1	1405043	new_read_level_subsample	1505	1994	1736762	75.4764292879	${CETA_RESULTS}/00_heavy_base_outputs/02_krakenuniq_subsamples/19_alpha_rarefaction_krakenuniq_all23_real/03_KRAKENUNIQ_REPORTS/S_24_03_04__d50000__r1.krakenuniq.report.txt	ba36f33eaa1851e25c0e9a0718332a3b479776d164530829af38312ae043a73a
S_24_03_04	50000	2	1405044	new_read_level_subsample	1500	1994	1736762	75.2256770311	${CETA_RESULTS}/00_heavy_base_outputs/02_krakenuniq_subsamples/19_alpha_rarefaction_krakenuniq_all23_real/03_KRAKENUNIQ_REPORTS/S_24_03_04__d50000__r2.krakenuniq.report.txt	a75e529e26e169f6e61abcd785ac4426a582724af9379dee1c892e42bcb447db
S_24_03_04	50000	3	1405045	new_read_level_subsample	1497	1994	1736762	75.075225677	${CETA_RESULTS}/00_heavy_base_outputs/02_krakenuniq_subsamples/19_alpha_rarefaction_krakenuniq_all23_real/03_KRAKENUNIQ_REPORTS/S_24_03_04__d50000__r3.krakenuniq.report.txt	4185ba3dfb25d278a2956f5b14697b11120746b28287963d9f54c13aa061f598
S_24_03_04	100000	1	1406043	new_read_level_subsample	1669	1994	1736762	83.7011033099	${CETA_RESULTS}/00_heavy_base_outputs/02_krakenuniq_subsamples/19_alpha_rarefaction_krakenuniq_all23_real/03_KRAKENUNIQ_REPORTS/S_24_03_04__d100000__r1.krakenuniq.report.txt	5410ea49f9effb0b8e9e46110349f4d2b4ed3792d025f583a41362ab40af07aa
S_24_03_04	100000	2	1406044	new_read_level_subsample	1655	1994	1736762	82.998996991	${CETA_RESULTS}/00_heavy_base_outputs/02_krakenuniq_subsamples/19_alpha_rarefaction_krakenuniq_all23_real/03_KRAKENUNIQ_REPORTS/S_24_03_04__d100000__r2.krakenuniq.report.txt	3b191fb6b55df6f3c7d482e6f2cda61b7fcc4c7b6faea2eeee7659c9ed7a5dc0
S_24_03_04	100000	3	1406045	new_read_level_subsample	1659	1994	1736762	83.1995987964	${CETA_RESULTS}/00_heavy_base_outputs/02_krakenuniq_subsamples/19_alpha_rarefaction_krakenuniq_all23_real/03_KRAKENUNIQ_REPORTS/S_24_03_04__d100000__r3.krakenuniq.report.txt	53459afbf3034ebbcbb0689d39bb80b6c77ac04ec8299540a451bb526bab62af
S_24_03_04	250000	1	1407043	new_read_level_subsample	1824	1994	1736762	91.4744232698	${CETA_RESULTS}/00_heavy_base_outputs/02_krakenuniq_subsamples/19_alpha_rarefaction_krakenuniq_all23_real/03_KRAKENUNIQ_REPORTS/S_24_03_04__d250000__r1.krakenuniq.report.txt	ccb27ea55d6b22a62f21054b483998ccad465aef0085df20d77cba240005f4ff
S_24_03_04	250000	2	1407044	new_read_level_subsample	1814	1994	1736762	90.9729187563	${CETA_RESULTS}/00_heavy_base_outputs/02_krakenuniq_subsamples/19_alpha_rarefaction_krakenuniq_all23_real/03_KRAKENUNIQ_REPORTS/S_24_03_04__d250000__r2.krakenuniq.report.txt	d0cfca1f73e2bbb284b7159ca182869795e29cbef4073f44896775b0c2046236
S_24_03_04	250000	3	1407045	new_read_level_subsample	1812	1994	1736762	90.8726178536	${CETA_RESULTS}/00_heavy_base_outputs/02_krakenuniq_subsamples/19_alpha_rarefaction_krakenuniq_all23_real/03_KRAKENUNIQ_REPORTS/S_24_03_04__d250000__r3.krakenuniq.report.txt	da233f858608fda090e1670fe4f72d36afd1d0fe0dbb5443a02c2396e44ce3b6
S_24_03_04	315147	1		retained_equal_depth_report	1832	1994	1736762	91.8756268806	${CETA_RESULTS}/00_heavy_base_outputs/02_krakenuniq_subsamples/16_krakenuniq_equal_depth_23samples/results/taxprofiler_run-20260516_123800/krakenuniq/krakenuniq_standard/S_24_03_04__sub315147__r1_S_24_03_04__sub315147__r1.se.krakenuniq.report.txt	54783a0e37ec8ed47751250e7df23ad7458220b1e403f5ce27652e7ebbd061cf
S_24_03_04	315147	2		retained_equal_depth_report	1850	1994	1736762	92.778335005	${CETA_RESULTS}/00_heavy_base_outputs/02_krakenuniq_subsamples/16_krakenuniq_equal_depth_23samples/results/taxprofiler_run-20260516_123800/krakenuniq/krakenuniq_standard/S_24_03_04__sub315147__r2_S_24_03_04__sub315147__r2.se.krakenuniq.report.txt	e8b84911c696a7f9d1ca3c702b0b3089cf6360733675d4ca12e4829fbe47b8c8
S_24_03_04	315147	3		retained_equal_depth_report	1837	1994	1736762	92.1263791374	${CETA_RESULTS}/00_heavy_base_outputs/02_krakenuniq_subsamples/16_krakenuniq_equal_depth_23samples/results/taxprofiler_run-20260516_123800/krakenuniq/krakenuniq_standard/S_24_03_04__sub315147__r3_S_24_03_04__sub315147__r3.se.krakenuniq.report.txt	ac86b2d764023f71e455652f12e268f1471e0afb205ee065b7c396eab0d04d08
S_24_04_16	1000	1	1501043	new_read_level_subsample	192	2219	15950753	8.65254619198	${CETA_RESULTS}/00_heavy_base_outputs/02_krakenuniq_subsamples/19_alpha_rarefaction_krakenuniq_all23_real/03_KRAKENUNIQ_REPORTS/S_24_04_16__d1000__r1.krakenuniq.report.txt	b9c0da3d5361453acf72d0cdda566312d1940e6e35d939a3070b45471cb42292
S_24_04_16	1000	2	1501044	new_read_level_subsample	199	2219	15950753	8.96800360523	${CETA_RESULTS}/00_heavy_base_outputs/02_krakenuniq_subsamples/19_alpha_rarefaction_krakenuniq_all23_real/03_KRAKENUNIQ_REPORTS/S_24_04_16__d1000__r2.krakenuniq.report.txt	bce322ce8a17681b03b862d0c087fd2786b1eefdf8532e834977b442b9923ea7
S_24_04_16	1000	3	1501045	new_read_level_subsample	190	2219	15950753	8.56241550248	${CETA_RESULTS}/00_heavy_base_outputs/02_krakenuniq_subsamples/19_alpha_rarefaction_krakenuniq_all23_real/03_KRAKENUNIQ_REPORTS/S_24_04_16__d1000__r3.krakenuniq.report.txt	ab966eca7c43dbb2f14e7b35e317e2a2b7eaaab1c5b855ca1f3842a48c01b6e7
S_24_04_16	5000	1	1502043	new_read_level_subsample	558	2219	15950753	25.1464623704	${CETA_RESULTS}/00_heavy_base_outputs/02_krakenuniq_subsamples/19_alpha_rarefaction_krakenuniq_all23_real/03_KRAKENUNIQ_REPORTS/S_24_04_16__d5000__r1.krakenuniq.report.txt	d8a50aaf384705c086ae5d2ec4f3a6839a2b813ecb543d6344b0141167a17a25
S_24_04_16	5000	2	1502044	new_read_level_subsample	552	2219	15950753	24.8760703019	${CETA_RESULTS}/00_heavy_base_outputs/02_krakenuniq_subsamples/19_alpha_rarefaction_krakenuniq_all23_real/03_KRAKENUNIQ_REPORTS/S_24_04_16__d5000__r2.krakenuniq.report.txt	00dbd9daf81ed541dfa9fe1bb83890cafb65af685de1d344f97173a7e9a9f27b
S_24_04_16	5000	3	1502045	new_read_level_subsample	546	2219	15950753	24.6056782334	${CETA_RESULTS}/00_heavy_base_outputs/02_krakenuniq_subsamples/19_alpha_rarefaction_krakenuniq_all23_real/03_KRAKENUNIQ_REPORTS/S_24_04_16__d5000__r3.krakenuniq.report.txt	23039356b704944c23d1da4dbf7c6566f99e815af239a82c65167a2a54153bd6
S_24_04_16	10000	1	1503043	new_read_level_subsample	788	2219	15950753	35.5114916629	${CETA_RESULTS}/00_heavy_base_outputs/02_krakenuniq_subsamples/19_alpha_rarefaction_krakenuniq_all23_real/03_KRAKENUNIQ_REPORTS/S_24_04_16__d10000__r1.krakenuniq.report.txt	56d79373ebbf1700c200319fda4481bae054e354d23bef03e41f20cd9b257a42
S_24_04_16	10000	2	1503044	new_read_level_subsample	780	2219	15950753	35.1509689049	${CETA_RESULTS}/00_heavy_base_outputs/02_krakenuniq_subsamples/19_alpha_rarefaction_krakenuniq_all23_real/03_KRAKENUNIQ_REPORTS/S_24_04_16__d10000__r2.krakenuniq.report.txt	05eff8f91a4dec9f0403c86bdaf8db2cfd8dbb84c9b73cf80fc65def407ce5ba
S_24_04_16	10000	3	1503045	new_read_level_subsample	777	2219	15950753	35.0157728707	${CETA_RESULTS}/00_heavy_base_outputs/02_krakenuniq_subsamples/19_alpha_rarefaction_krakenuniq_all23_real/03_KRAKENUNIQ_REPORTS/S_24_04_16__d10000__r3.krakenuniq.report.txt	304dc358846acd5bc492d16af5591db8fa9072c1e5b087ee444db36edc21e8d8
S_24_04_16	25000	1	1504043	new_read_level_subsample	1115	2219	15950753	50.2478593961	${CETA_RESULTS}/00_heavy_base_outputs/02_krakenuniq_subsamples/19_alpha_rarefaction_krakenuniq_all23_real/03_KRAKENUNIQ_REPORTS/S_24_04_16__d25000__r1.krakenuniq.report.txt	66d62f833bb9b6309c51c53cd871a100ed7bc70533a5138d1f1c27fcadfa7c03
S_24_04_16	25000	2	1504044	new_read_level_subsample	1135	2219	15950753	51.1491662911	${CETA_RESULTS}/00_heavy_base_outputs/02_krakenuniq_subsamples/19_alpha_rarefaction_krakenuniq_all23_real/03_KRAKENUNIQ_REPORTS/S_24_04_16__d25000__r2.krakenuniq.report.txt	b606ec810fa1e0de36589589fa09ef260b0047479d631d1dc8ead74dce411d8e
S_24_04_16	25000	3	1504045	new_read_level_subsample	1118	2219	15950753	50.3830554304	${CETA_RESULTS}/00_heavy_base_outputs/02_krakenuniq_subsamples/19_alpha_rarefaction_krakenuniq_all23_real/03_KRAKENUNIQ_REPORTS/S_24_04_16__d25000__r3.krakenuniq.report.txt	4248c2b6eebfa51c263e3bdda52a7515d00754db995616c88db45483c6d617f7
S_24_04_16	50000	1	1505043	new_read_level_subsample	1364	2219	15950753	61.4691302388	${CETA_RESULTS}/00_heavy_base_outputs/02_krakenuniq_subsamples/19_alpha_rarefaction_krakenuniq_all23_real/03_KRAKENUNIQ_REPORTS/S_24_04_16__d50000__r1.krakenuniq.report.txt	df1c35dd7eb45f2e826bc797bd6d6782cca4439cf8178e8b8b722407a2db2ed0
S_24_04_16	50000	2	1505044	new_read_level_subsample	1349	2219	15950753	60.7931500676	${CETA_RESULTS}/00_heavy_base_outputs/02_krakenuniq_subsamples/19_alpha_rarefaction_krakenuniq_all23_real/03_KRAKENUNIQ_REPORTS/S_24_04_16__d50000__r2.krakenuniq.report.txt	ccfb59323b6afab3a16c6f3a7d6be3aa7eeaa60f934a026286b91e2017f34126
S_24_04_16	50000	3	1505045	new_read_level_subsample	1332	2219	15950753	60.0270392068	${CETA_RESULTS}/00_heavy_base_outputs/02_krakenuniq_subsamples/19_alpha_rarefaction_krakenuniq_all23_real/03_KRAKENUNIQ_REPORTS/S_24_04_16__d50000__r3.krakenuniq.report.txt	a22789596a32f4f04dcefd1a0cb379977057d99d6e6428ec5adb1ebf78488a34
S_24_04_16	100000	1	1506043	new_read_level_subsample	1517	2219	15950753	68.3641279856	${CETA_RESULTS}/00_heavy_base_outputs/02_krakenuniq_subsamples/19_alpha_rarefaction_krakenuniq_all23_real/03_KRAKENUNIQ_REPORTS/S_24_04_16__d100000__r1.krakenuniq.report.txt	2a40acfeb4a65f98a016a70b42ac9ff0edfcb35d7d3683a62757a1370ab699b5
S_24_04_16	100000	2	1506044	new_read_level_subsample	1540	2219	15950753	69.4006309148	${CETA_RESULTS}/00_heavy_base_outputs/02_krakenuniq_subsamples/19_alpha_rarefaction_krakenuniq_all23_real/03_KRAKENUNIQ_REPORTS/S_24_04_16__d100000__r2.krakenuniq.report.txt	4662a52efd2fd4e9be8a70c011e56e73e95d08c9fb57f033eb8a64420576cb6c
S_24_04_16	100000	3	1506045	new_read_level_subsample	1547	2219	15950753	69.7160883281	${CETA_RESULTS}/00_heavy_base_outputs/02_krakenuniq_subsamples/19_alpha_rarefaction_krakenuniq_all23_real/03_KRAKENUNIQ_REPORTS/S_24_04_16__d100000__r3.krakenuniq.report.txt	87db98fbf60d385f14beb8a132040bc5223554e5f3366745fce628431d74f569
S_24_04_16	250000	1	1507043	new_read_level_subsample	1714	2219	15950753	77.2420009013	${CETA_RESULTS}/00_heavy_base_outputs/02_krakenuniq_subsamples/19_alpha_rarefaction_krakenuniq_all23_real/03_KRAKENUNIQ_REPORTS/S_24_04_16__d250000__r1.krakenuniq.report.txt	ca873bda123103e365efbac441b25355b44f912bedc6d74a95b2fc6d52bc826d
S_24_04_16	250000	2	1507044	new_read_level_subsample	1714	2219	15950753	77.2420009013	${CETA_RESULTS}/00_heavy_base_outputs/02_krakenuniq_subsamples/19_alpha_rarefaction_krakenuniq_all23_real/03_KRAKENUNIQ_REPORTS/S_24_04_16__d250000__r2.krakenuniq.report.txt	acfc2efb2e34d00f942fe94a3bb845454cf2ad328a1585603e30ef699dd6a8b6
S_24_04_16	250000	3	1507045	new_read_level_subsample	1699	2219	15950753	76.5660207301	${CETA_RESULTS}/00_heavy_base_outputs/02_krakenuniq_subsamples/19_alpha_rarefaction_krakenuniq_all23_real/03_KRAKENUNIQ_REPORTS/S_24_04_16__d250000__r3.krakenuniq.report.txt	df53a93bcc4da067884c3ef3638eea43c1b62427ed9969f110a255cf1afb1eb4
S_24_04_16	315147	1		retained_equal_depth_report	1759	2219	15950753	79.2699414151	${CETA_RESULTS}/00_heavy_base_outputs/02_krakenuniq_subsamples/16_krakenuniq_equal_depth_23samples/results/taxprofiler_run-20260516_123800/krakenuniq/krakenuniq_standard/S_24_04_16__sub315147__r1_S_24_04_16__sub315147__r1.se.krakenuniq.report.txt	8d635b60bb045ef9cb75e06d6fb73887393e1ecf11678bedc4a2a944ea647bff
S_24_04_16	315147	2		retained_equal_depth_report	1754	2219	15950753	79.0446146913	${CETA_RESULTS}/00_heavy_base_outputs/02_krakenuniq_subsamples/16_krakenuniq_equal_depth_23samples/results/taxprofiler_run-20260516_123800/krakenuniq/krakenuniq_standard/S_24_04_16__sub315147__r2_S_24_04_16__sub315147__r2.se.krakenuniq.report.txt	4f9f627ea40000343f032c88395255344c067c7c6a3290c8b9c9c7bdb8a92737
S_24_04_16	315147	3		retained_equal_depth_report	1754	2219	15950753	79.0446146913	${CETA_RESULTS}/00_heavy_base_outputs/02_krakenuniq_subsamples/16_krakenuniq_equal_depth_23samples/results/taxprofiler_run-20260516_123800/krakenuniq/krakenuniq_standard/S_24_04_16__sub315147__r3_S_24_04_16__sub315147__r3.se.krakenuniq.report.txt	ef10befc12109cd8d6e6bfed56dc0fa6f3d55dd547d4be7a751edecee6f66c43
S_24_07_05	1000	1	1601043	new_read_level_subsample	234	1952	1367848	11.987704918	${CETA_RESULTS}/00_heavy_base_outputs/02_krakenuniq_subsamples/19_alpha_rarefaction_krakenuniq_all23_real/03_KRAKENUNIQ_REPORTS/S_24_07_05__d1000__r1.krakenuniq.report.txt	97b8c1fa548dc99dd172425114ade4c77ae454fe6734dfa8ed8cd2a27de7937e
S_24_07_05	1000	2	1601044	new_read_level_subsample	214	1952	1367848	10.9631147541	${CETA_RESULTS}/00_heavy_base_outputs/02_krakenuniq_subsamples/19_alpha_rarefaction_krakenuniq_all23_real/03_KRAKENUNIQ_REPORTS/S_24_07_05__d1000__r2.krakenuniq.report.txt	eea9e0ba475a2aa9d35e2d1296900e863ab7b2d96cf792b495519adc73d7f9d3
S_24_07_05	1000	3	1601045	new_read_level_subsample	223	1952	1367848	11.4241803279	${CETA_RESULTS}/00_heavy_base_outputs/02_krakenuniq_subsamples/19_alpha_rarefaction_krakenuniq_all23_real/03_KRAKENUNIQ_REPORTS/S_24_07_05__d1000__r3.krakenuniq.report.txt	7e6b4499dad175c55789c61b0208fb0b8e644a9d407e4377b1178af6124c9b7c
S_24_07_05	5000	1	1602043	new_read_level_subsample	626	1952	1367848	32.0696721311	${CETA_RESULTS}/00_heavy_base_outputs/02_krakenuniq_subsamples/19_alpha_rarefaction_krakenuniq_all23_real/03_KRAKENUNIQ_REPORTS/S_24_07_05__d5000__r1.krakenuniq.report.txt	47ef4b00624e1e10236e9448a555261eef89890039aa78b82ce98bc53a20d0b3
S_24_07_05	5000	2	1602044	new_read_level_subsample	612	1952	1367848	31.3524590164	${CETA_RESULTS}/00_heavy_base_outputs/02_krakenuniq_subsamples/19_alpha_rarefaction_krakenuniq_all23_real/03_KRAKENUNIQ_REPORTS/S_24_07_05__d5000__r2.krakenuniq.report.txt	033ffbdd55ed1bd79375fce17bcff68d0025aef04db4059c368d02c988cf8f84
S_24_07_05	5000	3	1602045	new_read_level_subsample	615	1952	1367848	31.506147541	${CETA_RESULTS}/00_heavy_base_outputs/02_krakenuniq_subsamples/19_alpha_rarefaction_krakenuniq_all23_real/03_KRAKENUNIQ_REPORTS/S_24_07_05__d5000__r3.krakenuniq.report.txt	fe4522d4c976876e9e545c47bc0aaeb02fb2af56163124ca47cf623b4ac99704
S_24_07_05	10000	1	1603043	new_read_level_subsample	873	1952	1367848	44.7233606557	${CETA_RESULTS}/00_heavy_base_outputs/02_krakenuniq_subsamples/19_alpha_rarefaction_krakenuniq_all23_real/03_KRAKENUNIQ_REPORTS/S_24_07_05__d10000__r1.krakenuniq.report.txt	11602ff5f1ce04585f59fbcf64c6feb940ff83d14b7d8c2deeb391561c464b1f
S_24_07_05	10000	2	1603044	new_read_level_subsample	859	1952	1367848	44.006147541	${CETA_RESULTS}/00_heavy_base_outputs/02_krakenuniq_subsamples/19_alpha_rarefaction_krakenuniq_all23_real/03_KRAKENUNIQ_REPORTS/S_24_07_05__d10000__r2.krakenuniq.report.txt	7a1e59112531890519a82feb92c628dd265bf956c1bfacc371cdbab540a83207
S_24_07_05	10000	3	1603045	new_read_level_subsample	865	1952	1367848	44.3135245902	${CETA_RESULTS}/00_heavy_base_outputs/02_krakenuniq_subsamples/19_alpha_rarefaction_krakenuniq_all23_real/03_KRAKENUNIQ_REPORTS/S_24_07_05__d10000__r3.krakenuniq.report.txt	a050fb6376fe10d1d7cffa5a4bd041a55d60b3cafcc12c821d7b39795e616fd9
S_24_07_05	25000	1	1604043	new_read_level_subsample	1211	1952	1367848	62.0389344262	${CETA_RESULTS}/00_heavy_base_outputs/02_krakenuniq_subsamples/19_alpha_rarefaction_krakenuniq_all23_real/03_KRAKENUNIQ_REPORTS/S_24_07_05__d25000__r1.krakenuniq.report.txt	852d00a5dbf7c2932d31a51358874a6f0639050864febf85016ab97234c8fa27
S_24_07_05	25000	2	1604044	new_read_level_subsample	1203	1952	1367848	61.6290983607	${CETA_RESULTS}/00_heavy_base_outputs/02_krakenuniq_subsamples/19_alpha_rarefaction_krakenuniq_all23_real/03_KRAKENUNIQ_REPORTS/S_24_07_05__d25000__r2.krakenuniq.report.txt	66ef6378775edc5cb26261271fa3fa67fc67a64219a444c7945fd2862798a273
S_24_07_05	25000	3	1604045	new_read_level_subsample	1217	1952	1367848	62.3463114754	${CETA_RESULTS}/00_heavy_base_outputs/02_krakenuniq_subsamples/19_alpha_rarefaction_krakenuniq_all23_real/03_KRAKENUNIQ_REPORTS/S_24_07_05__d25000__r3.krakenuniq.report.txt	05ecb9b0ee9bf02c22b213117526643c337a6aadf0c7f713a4d22bd4d10cc77e
S_24_07_05	50000	1	1605043	new_read_level_subsample	1454	1952	1367848	74.487704918	${CETA_RESULTS}/00_heavy_base_outputs/02_krakenuniq_subsamples/19_alpha_rarefaction_krakenuniq_all23_real/03_KRAKENUNIQ_REPORTS/S_24_07_05__d50000__r1.krakenuniq.report.txt	3beaf65600c49656847cbb523f96fd0d4bd8c61a7fa677b5673d0627ffe801fc
S_24_07_05	50000	2	1605044	new_read_level_subsample	1434	1952	1367848	73.4631147541	${CETA_RESULTS}/00_heavy_base_outputs/02_krakenuniq_subsamples/19_alpha_rarefaction_krakenuniq_all23_real/03_KRAKENUNIQ_REPORTS/S_24_07_05__d50000__r2.krakenuniq.report.txt	3f8b178c0d298b75cb3418cac6a9bee646c502af1a380667d65fb86ef004f189
S_24_07_05	50000	3	1605045	new_read_level_subsample	1456	1952	1367848	74.5901639344	${CETA_RESULTS}/00_heavy_base_outputs/02_krakenuniq_subsamples/19_alpha_rarefaction_krakenuniq_all23_real/03_KRAKENUNIQ_REPORTS/S_24_07_05__d50000__r3.krakenuniq.report.txt	a36e98bfdade8491365800b2a7ac5af6bedf12ec5ad94b7218e5cb0c07913a12
S_24_07_05	100000	1	1606043	new_read_level_subsample	1642	1952	1367848	84.118852459	${CETA_RESULTS}/00_heavy_base_outputs/02_krakenuniq_subsamples/19_alpha_rarefaction_krakenuniq_all23_real/03_KRAKENUNIQ_REPORTS/S_24_07_05__d100000__r1.krakenuniq.report.txt	3b4823e9ed9f6f612fb45a3f5e3f960f45a5c022f88630edfbdb45cd79045795
S_24_07_05	100000	2	1606044	new_read_level_subsample	1617	1952	1367848	82.8381147541	${CETA_RESULTS}/00_heavy_base_outputs/02_krakenuniq_subsamples/19_alpha_rarefaction_krakenuniq_all23_real/03_KRAKENUNIQ_REPORTS/S_24_07_05__d100000__r2.krakenuniq.report.txt	bbe4e9371da377746a79f9c703e874c609bead71d26dd22dec81675d13c54a3b
S_24_07_05	100000	3	1606045	new_read_level_subsample	1618	1952	1367848	82.8893442623	${CETA_RESULTS}/00_heavy_base_outputs/02_krakenuniq_subsamples/19_alpha_rarefaction_krakenuniq_all23_real/03_KRAKENUNIQ_REPORTS/S_24_07_05__d100000__r3.krakenuniq.report.txt	d78e5712cec9fe19781780a01618c9de288afdbf7bc4f03d2add6724abcc2e54
S_24_07_05	250000	1	1607043	new_read_level_subsample	1778	1952	1367848	91.0860655738	${CETA_RESULTS}/00_heavy_base_outputs/02_krakenuniq_subsamples/19_alpha_rarefaction_krakenuniq_all23_real/03_KRAKENUNIQ_REPORTS/S_24_07_05__d250000__r1.krakenuniq.report.txt	a1947f35c97b7148de3b95a3c0994d195940cac6cd1b5f9020caa1374d9dca44
S_24_07_05	250000	2	1607044	new_read_level_subsample	1779	1952	1367848	91.137295082	${CETA_RESULTS}/00_heavy_base_outputs/02_krakenuniq_subsamples/19_alpha_rarefaction_krakenuniq_all23_real/03_KRAKENUNIQ_REPORTS/S_24_07_05__d250000__r2.krakenuniq.report.txt	63095c7b9b36927750aab6192674312f9798c217686b80ac759dccadf35a420c
S_24_07_05	250000	3	1607045	new_read_level_subsample	1774	1952	1367848	90.881147541	${CETA_RESULTS}/00_heavy_base_outputs/02_krakenuniq_subsamples/19_alpha_rarefaction_krakenuniq_all23_real/03_KRAKENUNIQ_REPORTS/S_24_07_05__d250000__r3.krakenuniq.report.txt	4007972fbf02852fe3f2023e3d1320da43f43d2d5f5c47e6ff05d5363202a7c3
S_24_07_05	315147	1		retained_equal_depth_report	1819	1952	1367848	93.1864754098	${CETA_RESULTS}/00_heavy_base_outputs/02_krakenuniq_subsamples/16_krakenuniq_equal_depth_23samples/results/taxprofiler_run-20260516_123800/krakenuniq/krakenuniq_standard/S_24_07_05__sub315147__r1_S_24_07_05__sub315147__r1.se.krakenuniq.report.txt	7da83c22e3a55337e8cdddb2c4540f86c0a069e3c2c5045778dc679dfdd755e3
S_24_07_05	315147	2		retained_equal_depth_report	1818	1952	1367848	93.1352459016	${CETA_RESULTS}/00_heavy_base_outputs/02_krakenuniq_subsamples/16_krakenuniq_equal_depth_23samples/results/taxprofiler_run-20260516_123800/krakenuniq/krakenuniq_standard/S_24_07_05__sub315147__r2_S_24_07_05__sub315147__r2.se.krakenuniq.report.txt	a37dc797693a56ca875b931d1f4b9390d01052285bf56b9b4f4e946ae4efab36
S_24_07_05	315147	3		retained_equal_depth_report	1819	1952	1367848	93.1864754098	${CETA_RESULTS}/00_heavy_base_outputs/02_krakenuniq_subsamples/16_krakenuniq_equal_depth_23samples/results/taxprofiler_run-20260516_123800/krakenuniq/krakenuniq_standard/S_24_07_05__sub315147__r3_S_24_07_05__sub315147__r3.se.krakenuniq.report.txt	dcfdf76a463e065f62d8b89365935ff3af0fe366fa8cb11b642b554db7e115ba
S_24_09_05	1000	1	1701043	new_read_level_subsample	248	1934	925676	12.8231644261	${CETA_RESULTS}/00_heavy_base_outputs/02_krakenuniq_subsamples/19_alpha_rarefaction_krakenuniq_all23_real/03_KRAKENUNIQ_REPORTS/S_24_09_05__d1000__r1.krakenuniq.report.txt	18f6235e54f2130920e4a71ecb8ce0c03e687f496f266a8551b37a369581a747
S_24_09_05	1000	2	1701044	new_read_level_subsample	274	1934	925676	14.1675284385	${CETA_RESULTS}/00_heavy_base_outputs/02_krakenuniq_subsamples/19_alpha_rarefaction_krakenuniq_all23_real/03_KRAKENUNIQ_REPORTS/S_24_09_05__d1000__r2.krakenuniq.report.txt	71516a429c90fcf81e66bc8782b634acca2da1c45d98e3750d7e175edd631dee
S_24_09_05	1000	3	1701045	new_read_level_subsample	249	1934	925676	12.8748707342	${CETA_RESULTS}/00_heavy_base_outputs/02_krakenuniq_subsamples/19_alpha_rarefaction_krakenuniq_all23_real/03_KRAKENUNIQ_REPORTS/S_24_09_05__d1000__r3.krakenuniq.report.txt	74989269e22f47bd7f503c56352b8a04ea2afb9c80f465775e08bc3a4eb679bb
S_24_09_05	5000	1	1702043	new_read_level_subsample	687	1934	925676	35.5222337125	${CETA_RESULTS}/00_heavy_base_outputs/02_krakenuniq_subsamples/19_alpha_rarefaction_krakenuniq_all23_real/03_KRAKENUNIQ_REPORTS/S_24_09_05__d5000__r1.krakenuniq.report.txt	657c53cafd8490b55ffbcc89a0fdb7045f57cb3508048bf588fe356f3c469834
S_24_09_05	5000	2	1702044	new_read_level_subsample	672	1934	925676	34.74663909	${CETA_RESULTS}/00_heavy_base_outputs/02_krakenuniq_subsamples/19_alpha_rarefaction_krakenuniq_all23_real/03_KRAKENUNIQ_REPORTS/S_24_09_05__d5000__r2.krakenuniq.report.txt	e531ed06a49dafe8ae5628b0c75b5fa94712c01c483b7408c1ab62624152b2c1
S_24_09_05	5000	3	1702045	new_read_level_subsample	662	1934	925676	34.2295760083	${CETA_RESULTS}/00_heavy_base_outputs/02_krakenuniq_subsamples/19_alpha_rarefaction_krakenuniq_all23_real/03_KRAKENUNIQ_REPORTS/S_24_09_05__d5000__r3.krakenuniq.report.txt	e1aa4ab23388000d029a15c512db1583d67734f8ebcd7e99b6c469db7a6efa49
S_24_09_05	10000	1	1703043	new_read_level_subsample	951	1934	925676	49.1726990693	${CETA_RESULTS}/00_heavy_base_outputs/02_krakenuniq_subsamples/19_alpha_rarefaction_krakenuniq_all23_real/03_KRAKENUNIQ_REPORTS/S_24_09_05__d10000__r1.krakenuniq.report.txt	a5d65d284169964ebc729d0bd1fa8c00666f6e9ecb5e32c36dab3aae8fe8e417
S_24_09_05	10000	2	1703044	new_read_level_subsample	920	1934	925676	47.569803516	${CETA_RESULTS}/00_heavy_base_outputs/02_krakenuniq_subsamples/19_alpha_rarefaction_krakenuniq_all23_real/03_KRAKENUNIQ_REPORTS/S_24_09_05__d10000__r2.krakenuniq.report.txt	7293580bd466f32e5362111b91cb65ff108c19da43463cd743585d6efca3054a
S_24_09_05	10000	3	1703045	new_read_level_subsample	923	1934	925676	47.7249224405	${CETA_RESULTS}/00_heavy_base_outputs/02_krakenuniq_subsamples/19_alpha_rarefaction_krakenuniq_all23_real/03_KRAKENUNIQ_REPORTS/S_24_09_05__d10000__r3.krakenuniq.report.txt	2b8dc609db1b9d2d7c5ec35e037ef5c2f68799c6bdba7cf0e11a2a0986490311
S_24_09_05	25000	1	1704043	new_read_level_subsample	1270	1934	925676	65.6670113754	${CETA_RESULTS}/00_heavy_base_outputs/02_krakenuniq_subsamples/19_alpha_rarefaction_krakenuniq_all23_real/03_KRAKENUNIQ_REPORTS/S_24_09_05__d25000__r1.krakenuniq.report.txt	d56c1f81b31001e7332f0a4d8569908a0a4760d7c540ce270d17681c905eed7d
S_24_09_05	25000	2	1704044	new_read_level_subsample	1255	1934	925676	64.8914167528	${CETA_RESULTS}/00_heavy_base_outputs/02_krakenuniq_subsamples/19_alpha_rarefaction_krakenuniq_all23_real/03_KRAKENUNIQ_REPORTS/S_24_09_05__d25000__r2.krakenuniq.report.txt	2574f751bafa5635946028526c05a887a7a7f3e74dc1699b35f240a0510d0188
S_24_09_05	25000	3	1704045	new_read_level_subsample	1252	1934	925676	64.7362978283	${CETA_RESULTS}/00_heavy_base_outputs/02_krakenuniq_subsamples/19_alpha_rarefaction_krakenuniq_all23_real/03_KRAKENUNIQ_REPORTS/S_24_09_05__d25000__r3.krakenuniq.report.txt	55db0f004ff73d66fdfc9b471dcd1e364b12971c21fcdb9e8053273c3f516fb5
S_24_09_05	50000	1	1705043	new_read_level_subsample	1489	1934	925676	76.9906928645	${CETA_RESULTS}/00_heavy_base_outputs/02_krakenuniq_subsamples/19_alpha_rarefaction_krakenuniq_all23_real/03_KRAKENUNIQ_REPORTS/S_24_09_05__d50000__r1.krakenuniq.report.txt	f1eb39bd007ab4085c0f8ccf9e1ecfba1b981d94756793eda520dcc7079bcb94
S_24_09_05	50000	2	1705044	new_read_level_subsample	1492	1934	925676	77.145811789	${CETA_RESULTS}/00_heavy_base_outputs/02_krakenuniq_subsamples/19_alpha_rarefaction_krakenuniq_all23_real/03_KRAKENUNIQ_REPORTS/S_24_09_05__d50000__r2.krakenuniq.report.txt	f4aacf96c9011453739b09496ce098752cf053ab291bdd0e89e6c62ba4e43f4c
S_24_09_05	50000	3	1705045	new_read_level_subsample	1512	1934	925676	78.1799379524	${CETA_RESULTS}/00_heavy_base_outputs/02_krakenuniq_subsamples/19_alpha_rarefaction_krakenuniq_all23_real/03_KRAKENUNIQ_REPORTS/S_24_09_05__d50000__r3.krakenuniq.report.txt	f908a8c2b215be4d6703f568b83797300c11e5c12faf57e770f36b899fb4e1fa
S_24_09_05	100000	1	1706043	new_read_level_subsample	1679	1934	925676	86.8148914168	${CETA_RESULTS}/00_heavy_base_outputs/02_krakenuniq_subsamples/19_alpha_rarefaction_krakenuniq_all23_real/03_KRAKENUNIQ_REPORTS/S_24_09_05__d100000__r1.krakenuniq.report.txt	0aa413e6c95701345ef652b994407a3247d188ca5b9f6dc3b7339de78dc4e77a
S_24_09_05	100000	2	1706044	new_read_level_subsample	1685	1934	925676	87.1251292658	${CETA_RESULTS}/00_heavy_base_outputs/02_krakenuniq_subsamples/19_alpha_rarefaction_krakenuniq_all23_real/03_KRAKENUNIQ_REPORTS/S_24_09_05__d100000__r2.krakenuniq.report.txt	90ee0785c4d497b8f38dbc2f01e7d66d3892079910f773a6f01ac858da0b704e
S_24_09_05	100000	3	1706045	new_read_level_subsample	1671	1934	925676	86.4012409514	${CETA_RESULTS}/00_heavy_base_outputs/02_krakenuniq_subsamples/19_alpha_rarefaction_krakenuniq_all23_real/03_KRAKENUNIQ_REPORTS/S_24_09_05__d100000__r3.krakenuniq.report.txt	e357a5398085c80de7796f2920dc12fd7cc7efb71feb8276e3cecf28d3b853de
S_24_09_05	250000	1	1707043	new_read_level_subsample	1819	1934	925676	94.0537745605	${CETA_RESULTS}/00_heavy_base_outputs/02_krakenuniq_subsamples/19_alpha_rarefaction_krakenuniq_all23_real/03_KRAKENUNIQ_REPORTS/S_24_09_05__d250000__r1.krakenuniq.report.txt	bd313f8ac70285b3109e7e4625edc74c294bc2dee9d476bb9c7b199410e4703e
S_24_09_05	250000	2	1707044	new_read_level_subsample	1801	1934	925676	93.1230610134	${CETA_RESULTS}/00_heavy_base_outputs/02_krakenuniq_subsamples/19_alpha_rarefaction_krakenuniq_all23_real/03_KRAKENUNIQ_REPORTS/S_24_09_05__d250000__r2.krakenuniq.report.txt	42dc2a6b2b42e77380ac7c2b4588c5c5d2748998ce4d775270cf611c9ad41546
S_24_09_05	250000	3	1707045	new_read_level_subsample	1809	1934	925676	93.5367114788	${CETA_RESULTS}/00_heavy_base_outputs/02_krakenuniq_subsamples/19_alpha_rarefaction_krakenuniq_all23_real/03_KRAKENUNIQ_REPORTS/S_24_09_05__d250000__r3.krakenuniq.report.txt	dacf42ada262e2d35e744847ac75eabe5f795101908bfca042cb49a06870a246
S_24_09_05	315147	1		retained_equal_depth_report	1830	1934	925676	94.6225439504	${CETA_RESULTS}/00_heavy_base_outputs/02_krakenuniq_subsamples/16_krakenuniq_equal_depth_23samples/results/taxprofiler_run-20260516_123800/krakenuniq/krakenuniq_standard/S_24_09_05__sub315147__r1_S_24_09_05__sub315147__r1.se.krakenuniq.report.txt	88fb54384452dcc63f5f62047a463152996882aa0cce837a8cefb869b8eaf84e
S_24_09_05	315147	2		retained_equal_depth_report	1827	1934	925676	94.4674250259	${CETA_RESULTS}/00_heavy_base_outputs/02_krakenuniq_subsamples/16_krakenuniq_equal_depth_23samples/results/taxprofiler_run-20260516_123800/krakenuniq/krakenuniq_standard/S_24_09_05__sub315147__r2_S_24_09_05__sub315147__r2.se.krakenuniq.report.txt	62c8d1ce6301a0d030184987a1613c54f5f0a9537e9b4ce2673e1f4b986ba395
S_24_09_05	315147	3		retained_equal_depth_report	1829	1934	925676	94.5708376422	${CETA_RESULTS}/00_heavy_base_outputs/02_krakenuniq_subsamples/16_krakenuniq_equal_depth_23samples/results/taxprofiler_run-20260516_123800/krakenuniq/krakenuniq_standard/S_24_09_05__sub315147__r3_S_24_09_05__sub315147__r3.se.krakenuniq.report.txt	f1bd01a224344d487e477a7859a47df9530b893ea4eec214942291ced5d626fc
S_24_11_06	1000	1	1801043	new_read_level_subsample	219	1984	1776743	11.0383064516	${CETA_RESULTS}/00_heavy_base_outputs/02_krakenuniq_subsamples/19_alpha_rarefaction_krakenuniq_all23_real/03_KRAKENUNIQ_REPORTS/S_24_11_06__d1000__r1.krakenuniq.report.txt	7471d335b4047f59b0b7d8844c98504828ec09b39491749d401672ae8d46c628
S_24_11_06	1000	2	1801044	new_read_level_subsample	232	1984	1776743	11.6935483871	${CETA_RESULTS}/00_heavy_base_outputs/02_krakenuniq_subsamples/19_alpha_rarefaction_krakenuniq_all23_real/03_KRAKENUNIQ_REPORTS/S_24_11_06__d1000__r2.krakenuniq.report.txt	9440c1deebdd1f2ac0477ed5662ee22c4dc17760be6c59987a2047b978c399c5
S_24_11_06	1000	3	1801045	new_read_level_subsample	246	1984	1776743	12.3991935484	${CETA_RESULTS}/00_heavy_base_outputs/02_krakenuniq_subsamples/19_alpha_rarefaction_krakenuniq_all23_real/03_KRAKENUNIQ_REPORTS/S_24_11_06__d1000__r3.krakenuniq.report.txt	ede45d69f63f23558ab8070567eecdf3862f7f56be7b7c6371c61b346826fdbd
S_24_11_06	5000	1	1802043	new_read_level_subsample	640	1984	1776743	32.2580645161	${CETA_RESULTS}/00_heavy_base_outputs/02_krakenuniq_subsamples/19_alpha_rarefaction_krakenuniq_all23_real/03_KRAKENUNIQ_REPORTS/S_24_11_06__d5000__r1.krakenuniq.report.txt	20ffba456ddfc98d377d9ec54ae2da044a7c64e02f60de0de093e9831afe9a1b
S_24_11_06	5000	2	1802044	new_read_level_subsample	626	1984	1776743	31.5524193548	${CETA_RESULTS}/00_heavy_base_outputs/02_krakenuniq_subsamples/19_alpha_rarefaction_krakenuniq_all23_real/03_KRAKENUNIQ_REPORTS/S_24_11_06__d5000__r2.krakenuniq.report.txt	18b736a791f42ec5cf59955015a65edb72f3da3555a7bb770cc37d11c04f069a
S_24_11_06	5000	3	1802045	new_read_level_subsample	642	1984	1776743	32.3588709677	${CETA_RESULTS}/00_heavy_base_outputs/02_krakenuniq_subsamples/19_alpha_rarefaction_krakenuniq_all23_real/03_KRAKENUNIQ_REPORTS/S_24_11_06__d5000__r3.krakenuniq.report.txt	9a25aba2ba374ce94db5ec6e3d4798bc246713c90d2f36edb0ae72b2a5107f1d
S_24_11_06	10000	1	1803043	new_read_level_subsample	926	1984	1776743	46.6733870968	${CETA_RESULTS}/00_heavy_base_outputs/02_krakenuniq_subsamples/19_alpha_rarefaction_krakenuniq_all23_real/03_KRAKENUNIQ_REPORTS/S_24_11_06__d10000__r1.krakenuniq.report.txt	d1b994c637c791e7974bbedfbba04cbbf646c919a802daaab5b7adb8a2c78685
S_24_11_06	10000	2	1803044	new_read_level_subsample	917	1984	1776743	46.2197580645	${CETA_RESULTS}/00_heavy_base_outputs/02_krakenuniq_subsamples/19_alpha_rarefaction_krakenuniq_all23_real/03_KRAKENUNIQ_REPORTS/S_24_11_06__d10000__r2.krakenuniq.report.txt	5b93d41bf52fe71cbbac5ae7fe0836bce719421f6882f85f93631c86526fdaa5
S_24_11_06	10000	3	1803045	new_read_level_subsample	899	1984	1776743	45.3125	${CETA_RESULTS}/00_heavy_base_outputs/02_krakenuniq_subsamples/19_alpha_rarefaction_krakenuniq_all23_real/03_KRAKENUNIQ_REPORTS/S_24_11_06__d10000__r3.krakenuniq.report.txt	d11c6ec371f4760bdace91261b65c2f0abed6101ab79a821196eb3430cbae366
S_24_11_06	25000	1	1804043	new_read_level_subsample	1270	1984	1776743	64.0120967742	${CETA_RESULTS}/00_heavy_base_outputs/02_krakenuniq_subsamples/19_alpha_rarefaction_krakenuniq_all23_real/03_KRAKENUNIQ_REPORTS/S_24_11_06__d25000__r1.krakenuniq.report.txt	6bfd91c06bde367ff349614da04b75e6fc9739cea7c69df1cb7adc383f1090cb
S_24_11_06	25000	2	1804044	new_read_level_subsample	1247	1984	1776743	62.8528225806	${CETA_RESULTS}/00_heavy_base_outputs/02_krakenuniq_subsamples/19_alpha_rarefaction_krakenuniq_all23_real/03_KRAKENUNIQ_REPORTS/S_24_11_06__d25000__r2.krakenuniq.report.txt	f97ebd235a5164b56b6e97e37c72ca67bb4f86486b6e5aecd1ab8dc69fd3f965
S_24_11_06	25000	3	1804045	new_read_level_subsample	1262	1984	1776743	63.6088709677	${CETA_RESULTS}/00_heavy_base_outputs/02_krakenuniq_subsamples/19_alpha_rarefaction_krakenuniq_all23_real/03_KRAKENUNIQ_REPORTS/S_24_11_06__d25000__r3.krakenuniq.report.txt	5d3f4a6487cd8e1e3f02bf1d990f5ebc7966dba456d053c0d7c09907defe4ef5
S_24_11_06	50000	1	1805043	new_read_level_subsample	1479	1984	1776743	74.5463709677	${CETA_RESULTS}/00_heavy_base_outputs/02_krakenuniq_subsamples/19_alpha_rarefaction_krakenuniq_all23_real/03_KRAKENUNIQ_REPORTS/S_24_11_06__d50000__r1.krakenuniq.report.txt	9926e93da8711799ed1d7a6604a48076da7f130cad4e857cea8c53abb3bf6940
S_24_11_06	50000	2	1805044	new_read_level_subsample	1479	1984	1776743	74.5463709677	${CETA_RESULTS}/00_heavy_base_outputs/02_krakenuniq_subsamples/19_alpha_rarefaction_krakenuniq_all23_real/03_KRAKENUNIQ_REPORTS/S_24_11_06__d50000__r2.krakenuniq.report.txt	e1b3071ba765030e5618a4b8e40698234b6a2bed7c60a9ce942ca7539abf8667
S_24_11_06	50000	3	1805045	new_read_level_subsample	1490	1984	1776743	75.1008064516	${CETA_RESULTS}/00_heavy_base_outputs/02_krakenuniq_subsamples/19_alpha_rarefaction_krakenuniq_all23_real/03_KRAKENUNIQ_REPORTS/S_24_11_06__d50000__r3.krakenuniq.report.txt	40c609866e35407dbb8ffcf0218fe4d18d513ab24e268ccedf5c56c63dfc1042
S_24_11_06	100000	1	1806043	new_read_level_subsample	1662	1984	1776743	83.7701612903	${CETA_RESULTS}/00_heavy_base_outputs/02_krakenuniq_subsamples/19_alpha_rarefaction_krakenuniq_all23_real/03_KRAKENUNIQ_REPORTS/S_24_11_06__d100000__r1.krakenuniq.report.txt	53a5c417cfffc6b50a0578d52528242a7742aeb6905852ab7466a0f8a1cf92c6
S_24_11_06	100000	2	1806044	new_read_level_subsample	1655	1984	1776743	83.4173387097	${CETA_RESULTS}/00_heavy_base_outputs/02_krakenuniq_subsamples/19_alpha_rarefaction_krakenuniq_all23_real/03_KRAKENUNIQ_REPORTS/S_24_11_06__d100000__r2.krakenuniq.report.txt	8c052a2d56b504e18dada1d5a01f9d1c46d55d8339ae40f4e7c505a56353f408
S_24_11_06	100000	3	1806045	new_read_level_subsample	1649	1984	1776743	83.1149193548	${CETA_RESULTS}/00_heavy_base_outputs/02_krakenuniq_subsamples/19_alpha_rarefaction_krakenuniq_all23_real/03_KRAKENUNIQ_REPORTS/S_24_11_06__d100000__r3.krakenuniq.report.txt	9abf5a7ec4a8598ffedcbcfd01dc3cfb5a1f23a3b8451730e0dc8f0d726d2486
S_24_11_06	250000	1	1807043	new_read_level_subsample	1807	1984	1776743	91.0786290323	${CETA_RESULTS}/00_heavy_base_outputs/02_krakenuniq_subsamples/19_alpha_rarefaction_krakenuniq_all23_real/03_KRAKENUNIQ_REPORTS/S_24_11_06__d250000__r1.krakenuniq.report.txt	b858a6a6c9cc7504fc30cf3529a93f79085d658d3d91ee0057c96addc6a0a878
S_24_11_06	250000	2	1807044	new_read_level_subsample	1804	1984	1776743	90.9274193548	${CETA_RESULTS}/00_heavy_base_outputs/02_krakenuniq_subsamples/19_alpha_rarefaction_krakenuniq_all23_real/03_KRAKENUNIQ_REPORTS/S_24_11_06__d250000__r2.krakenuniq.report.txt	f5cd9fe9a5db3fc94bf75fd0ed4e8cabaa51466f007cf84500f4cad4475d1f09
S_24_11_06	250000	3	1807045	new_read_level_subsample	1803	1984	1776743	90.877016129	${CETA_RESULTS}/00_heavy_base_outputs/02_krakenuniq_subsamples/19_alpha_rarefaction_krakenuniq_all23_real/03_KRAKENUNIQ_REPORTS/S_24_11_06__d250000__r3.krakenuniq.report.txt	e757ae29218f12d1866a4d7e73796afdfd013ed9d4fb6cefb0b4b67c2f9e3c9e
S_24_11_06	315147	1		retained_equal_depth_report	1823	1984	1776743	91.8850806452	${CETA_RESULTS}/00_heavy_base_outputs/02_krakenuniq_subsamples/16_krakenuniq_equal_depth_23samples/results/taxprofiler_run-20260516_123800/krakenuniq/krakenuniq_standard/S_24_11_06__sub315147__r1_S_24_11_06__sub315147__r1.se.krakenuniq.report.txt	cab61d8e752d94095ff89044e5182698349ccc5291218e3bcb9a0354a00f5e5f
S_24_11_06	315147	2		retained_equal_depth_report	1837	1984	1776743	92.5907258065	${CETA_RESULTS}/00_heavy_base_outputs/02_krakenuniq_subsamples/16_krakenuniq_equal_depth_23samples/results/taxprofiler_run-20260516_123800/krakenuniq/krakenuniq_standard/S_24_11_06__sub315147__r2_S_24_11_06__sub315147__r2.se.krakenuniq.report.txt	1464c457894447fdcf3392b831cc8c3b0c061a37c2a5bac0538cf70d1a2f1dbe
S_24_11_06	315147	3		retained_equal_depth_report	1848	1984	1776743	93.1451612903	${CETA_RESULTS}/00_heavy_base_outputs/02_krakenuniq_subsamples/16_krakenuniq_equal_depth_23samples/results/taxprofiler_run-20260516_123800/krakenuniq/krakenuniq_standard/S_24_11_06__sub315147__r3_S_24_11_06__sub315147__r3.se.krakenuniq.report.txt	02e7e00db9fdcfd31660727770205fcedfba24b9f97799e23b26da3d83b19d59
S_25_03_07	1000	1	1901043	new_read_level_subsample	78	1828	695142	4.26695842451	${CETA_RESULTS}/00_heavy_base_outputs/02_krakenuniq_subsamples/19_alpha_rarefaction_krakenuniq_all23_real/03_KRAKENUNIQ_REPORTS/S_25_03_07__d1000__r1.krakenuniq.report.txt	3fd6386a479ab526b6389c0f7ba7500952b94e164cefe5cb3320e1179a2bf68a
S_25_03_07	1000	2	1901044	new_read_level_subsample	87	1828	695142	4.75929978118	${CETA_RESULTS}/00_heavy_base_outputs/02_krakenuniq_subsamples/19_alpha_rarefaction_krakenuniq_all23_real/03_KRAKENUNIQ_REPORTS/S_25_03_07__d1000__r2.krakenuniq.report.txt	59b3b754706d76ade8c857d99cf26dc648273e513d33c297a546856ef0706828
S_25_03_07	1000	3	1901045	new_read_level_subsample	77	1828	695142	4.21225382932	${CETA_RESULTS}/00_heavy_base_outputs/02_krakenuniq_subsamples/19_alpha_rarefaction_krakenuniq_all23_real/03_KRAKENUNIQ_REPORTS/S_25_03_07__d1000__r3.krakenuniq.report.txt	f76c9b339a2687e0267f0800a856bd784feeb3bbc2b4e1c29e3050226dd848fa
S_25_03_07	5000	1	1902043	new_read_level_subsample	286	1828	695142	15.6455142232	${CETA_RESULTS}/00_heavy_base_outputs/02_krakenuniq_subsamples/19_alpha_rarefaction_krakenuniq_all23_real/03_KRAKENUNIQ_REPORTS/S_25_03_07__d5000__r1.krakenuniq.report.txt	33700a60901dbf002e75bbf3e2ac91a5924a8fcec78d934a00ad151818dd47a6
S_25_03_07	5000	2	1902044	new_read_level_subsample	294	1828	695142	16.0831509847	${CETA_RESULTS}/00_heavy_base_outputs/02_krakenuniq_subsamples/19_alpha_rarefaction_krakenuniq_all23_real/03_KRAKENUNIQ_REPORTS/S_25_03_07__d5000__r2.krakenuniq.report.txt	3b0612809b34f330fa139f47209e4d31b2e08820f66d3447e9fb285cd3575f28
S_25_03_07	5000	3	1902045	new_read_level_subsample	310	1828	695142	16.9584245077	${CETA_RESULTS}/00_heavy_base_outputs/02_krakenuniq_subsamples/19_alpha_rarefaction_krakenuniq_all23_real/03_KRAKENUNIQ_REPORTS/S_25_03_07__d5000__r3.krakenuniq.report.txt	e33cd5db3d4defc7afbd1fccaf5cbadbb34cf60c66844b6e5069a4e1c68577fa
S_25_03_07	10000	1	1903043	new_read_level_subsample	476	1828	695142	26.0393873085	${CETA_RESULTS}/00_heavy_base_outputs/02_krakenuniq_subsamples/19_alpha_rarefaction_krakenuniq_all23_real/03_KRAKENUNIQ_REPORTS/S_25_03_07__d10000__r1.krakenuniq.report.txt	5cc1672d0da8e4c7c21a20352f979e9145015d223fb2e779cd602d509515ee31
S_25_03_07	10000	2	1903044	new_read_level_subsample	451	1828	695142	24.6717724289	${CETA_RESULTS}/00_heavy_base_outputs/02_krakenuniq_subsamples/19_alpha_rarefaction_krakenuniq_all23_real/03_KRAKENUNIQ_REPORTS/S_25_03_07__d10000__r2.krakenuniq.report.txt	dcad7b03ede1eea33a6907c2431d024aae62cd00cadebff91f6c706a4a2e0c20
S_25_03_07	10000	3	1903045	new_read_level_subsample	454	1828	695142	24.8358862144	${CETA_RESULTS}/00_heavy_base_outputs/02_krakenuniq_subsamples/19_alpha_rarefaction_krakenuniq_all23_real/03_KRAKENUNIQ_REPORTS/S_25_03_07__d10000__r3.krakenuniq.report.txt	93e5f043cc1f3659fd23f785aae69028693e8c69c34e433a1581a9eda654698e
S_25_03_07	25000	1	1904043	new_read_level_subsample	698	1828	695142	38.1838074398	${CETA_RESULTS}/00_heavy_base_outputs/02_krakenuniq_subsamples/19_alpha_rarefaction_krakenuniq_all23_real/03_KRAKENUNIQ_REPORTS/S_25_03_07__d25000__r1.krakenuniq.report.txt	ad3fe37c0ceb5bd5ade56aaf6d9240776f6e24e26a85fc6fb80b0410e1958f23
S_25_03_07	25000	2	1904044	new_read_level_subsample	714	1828	695142	39.0590809628	${CETA_RESULTS}/00_heavy_base_outputs/02_krakenuniq_subsamples/19_alpha_rarefaction_krakenuniq_all23_real/03_KRAKENUNIQ_REPORTS/S_25_03_07__d25000__r2.krakenuniq.report.txt	fcd9bc7db4c6492c5abfa370fa5e6bc5238bc8daab65aafdbafc768dff4a9e4f
S_25_03_07	25000	3	1904045	new_read_level_subsample	701	1828	695142	38.3479212254	${CETA_RESULTS}/00_heavy_base_outputs/02_krakenuniq_subsamples/19_alpha_rarefaction_krakenuniq_all23_real/03_KRAKENUNIQ_REPORTS/S_25_03_07__d25000__r3.krakenuniq.report.txt	b503c90190aa63247c2d602a3a2b771d2dd21f7d14b52fafbac2ffae901c333f
S_25_03_07	50000	1	1905043	new_read_level_subsample	970	1828	695142	53.0634573304	${CETA_RESULTS}/00_heavy_base_outputs/02_krakenuniq_subsamples/19_alpha_rarefaction_krakenuniq_all23_real/03_KRAKENUNIQ_REPORTS/S_25_03_07__d50000__r1.krakenuniq.report.txt	9a671a8700b8776bd5f0ebe5819da215fe1633933a392dae6379279b75e726bf
S_25_03_07	50000	2	1905044	new_read_level_subsample	974	1828	695142	53.2822757112	${CETA_RESULTS}/00_heavy_base_outputs/02_krakenuniq_subsamples/19_alpha_rarefaction_krakenuniq_all23_real/03_KRAKENUNIQ_REPORTS/S_25_03_07__d50000__r2.krakenuniq.report.txt	a3b9321af286e05f4d30f88df87f3925baf516ede63328fc4b94d648c8f91400
S_25_03_07	50000	3	1905045	new_read_level_subsample	954	1828	695142	52.1881838074	${CETA_RESULTS}/00_heavy_base_outputs/02_krakenuniq_subsamples/19_alpha_rarefaction_krakenuniq_all23_real/03_KRAKENUNIQ_REPORTS/S_25_03_07__d50000__r3.krakenuniq.report.txt	fa6da44e32a38690270104154b590d8472e013b868706df7a27cccdb0e730b9e
S_25_03_07	100000	1	1906043	new_read_level_subsample	1204	1828	695142	65.8643326039	${CETA_RESULTS}/00_heavy_base_outputs/02_krakenuniq_subsamples/19_alpha_rarefaction_krakenuniq_all23_real/03_KRAKENUNIQ_REPORTS/S_25_03_07__d100000__r1.krakenuniq.report.txt	e1d5c85372838f3312b7bd4d0442fecc30c77a1b93834b44f97f62e1698a1ee1
S_25_03_07	100000	2	1906044	new_read_level_subsample	1189	1828	695142	65.0437636761	${CETA_RESULTS}/00_heavy_base_outputs/02_krakenuniq_subsamples/19_alpha_rarefaction_krakenuniq_all23_real/03_KRAKENUNIQ_REPORTS/S_25_03_07__d100000__r2.krakenuniq.report.txt	dd1ff720a48a7b87e09016e1199884375d8ecb0c20603a1471239c02301d1327
S_25_03_07	100000	3	1906045	new_read_level_subsample	1183	1828	695142	64.715536105	${CETA_RESULTS}/00_heavy_base_outputs/02_krakenuniq_subsamples/19_alpha_rarefaction_krakenuniq_all23_real/03_KRAKENUNIQ_REPORTS/S_25_03_07__d100000__r3.krakenuniq.report.txt	97fc14dd4fa901fc00414f6861d1233a310472cc41e13759a8942b968856773c
S_25_03_07	250000	1	1907043	new_read_level_subsample	1490	1828	695142	81.5098468271	${CETA_RESULTS}/00_heavy_base_outputs/02_krakenuniq_subsamples/19_alpha_rarefaction_krakenuniq_all23_real/03_KRAKENUNIQ_REPORTS/S_25_03_07__d250000__r1.krakenuniq.report.txt	aa4cf309becbb310ef14f0e98a3ff2d0bb818db33d52e0f73fafef2c3daac629
S_25_03_07	250000	2	1907044	new_read_level_subsample	1475	1828	695142	80.6892778993	${CETA_RESULTS}/00_heavy_base_outputs/02_krakenuniq_subsamples/19_alpha_rarefaction_krakenuniq_all23_real/03_KRAKENUNIQ_REPORTS/S_25_03_07__d250000__r2.krakenuniq.report.txt	0357e34b265f23845e32c821f158f8d5da64c92cf65a54b860369e88c12351cd
S_25_03_07	250000	3	1907045	new_read_level_subsample	1499	1828	695142	82.0021881838	${CETA_RESULTS}/00_heavy_base_outputs/02_krakenuniq_subsamples/19_alpha_rarefaction_krakenuniq_all23_real/03_KRAKENUNIQ_REPORTS/S_25_03_07__d250000__r3.krakenuniq.report.txt	534e3dcfa4a28074b32157e0bd517fea3beb04c2ca920132aa76156845c37bbf
S_25_03_07	315147	1		retained_equal_depth_report	1515	1828	695142	82.8774617068	${CETA_RESULTS}/00_heavy_base_outputs/02_krakenuniq_subsamples/16_krakenuniq_equal_depth_23samples/results/taxprofiler_run-20260516_123800/krakenuniq/krakenuniq_standard/S_25_03_07__sub315147__r1_S_25_03_07__sub315147__r1.se.krakenuniq.report.txt	15c8253a00d7934e9348baf3fc7e6d12f4574873f9684cee22eb38b7add0204a
S_25_03_07	315147	2		retained_equal_depth_report	1536	1828	695142	84.0262582057	${CETA_RESULTS}/00_heavy_base_outputs/02_krakenuniq_subsamples/16_krakenuniq_equal_depth_23samples/results/taxprofiler_run-20260516_123800/krakenuniq/krakenuniq_standard/S_25_03_07__sub315147__r2_S_25_03_07__sub315147__r2.se.krakenuniq.report.txt	a0bae1af214c760df31c2abbbd96cb21c2ef8d4bd478d0aaff6d911c94caa0b0
S_25_03_07	315147	3		retained_equal_depth_report	1556	1828	695142	85.1203501094	${CETA_RESULTS}/00_heavy_base_outputs/02_krakenuniq_subsamples/16_krakenuniq_equal_depth_23samples/results/taxprofiler_run-20260516_123800/krakenuniq/krakenuniq_standard/S_25_03_07__sub315147__r3_S_25_03_07__sub315147__r3.se.krakenuniq.report.txt	ad816866622852fe5ab2798de59569196eeb18375aeaba7cac8f66ee5a59e14d
S_25_04_30	1000	1	2001043	new_read_level_subsample	141	1892	965855	7.45243128964	${CETA_RESULTS}/00_heavy_base_outputs/02_krakenuniq_subsamples/19_alpha_rarefaction_krakenuniq_all23_real/03_KRAKENUNIQ_REPORTS/S_25_04_30__d1000__r1.krakenuniq.report.txt	835860125c50bd60cf400c72b3eda1c7176240bc713758c507ad85101d487265
S_25_04_30	1000	2	2001044	new_read_level_subsample	125	1892	965855	6.6067653277	${CETA_RESULTS}/00_heavy_base_outputs/02_krakenuniq_subsamples/19_alpha_rarefaction_krakenuniq_all23_real/03_KRAKENUNIQ_REPORTS/S_25_04_30__d1000__r2.krakenuniq.report.txt	790dbccb259cf205f393ade273ac51c9a72a4df63419680910cb26bd3561199d
S_25_04_30	1000	3	2001045	new_read_level_subsample	132	1892	965855	6.97674418605	${CETA_RESULTS}/00_heavy_base_outputs/02_krakenuniq_subsamples/19_alpha_rarefaction_krakenuniq_all23_real/03_KRAKENUNIQ_REPORTS/S_25_04_30__d1000__r3.krakenuniq.report.txt	c36b88d043819d34c50faadbd57e80d20376a92a3db1fa99abe5e2b76a6e1800
S_25_04_30	5000	1	2002043	new_read_level_subsample	438	1892	965855	23.1501057082	${CETA_RESULTS}/00_heavy_base_outputs/02_krakenuniq_subsamples/19_alpha_rarefaction_krakenuniq_all23_real/03_KRAKENUNIQ_REPORTS/S_25_04_30__d5000__r1.krakenuniq.report.txt	9df67886e9990a4a55df03b730c0e2210f698a45ffd300da02c3c7e39d47e28c
S_25_04_30	5000	2	2002044	new_read_level_subsample	441	1892	965855	23.3086680761	${CETA_RESULTS}/00_heavy_base_outputs/02_krakenuniq_subsamples/19_alpha_rarefaction_krakenuniq_all23_real/03_KRAKENUNIQ_REPORTS/S_25_04_30__d5000__r2.krakenuniq.report.txt	93df2037c610d59efe8aaa94e632865be473a3ab293c076edf75606290d3fb4b
S_25_04_30	5000	3	2002045	new_read_level_subsample	433	1892	965855	22.8858350951	${CETA_RESULTS}/00_heavy_base_outputs/02_krakenuniq_subsamples/19_alpha_rarefaction_krakenuniq_all23_real/03_KRAKENUNIQ_REPORTS/S_25_04_30__d5000__r3.krakenuniq.report.txt	2d60b9f961c30124cc9ad3c5acfbbc8b4c8d6a79fb4e31b5ec35c93d9270412f
S_25_04_30	10000	1	2003043	new_read_level_subsample	625	1892	965855	33.0338266385	${CETA_RESULTS}/00_heavy_base_outputs/02_krakenuniq_subsamples/19_alpha_rarefaction_krakenuniq_all23_real/03_KRAKENUNIQ_REPORTS/S_25_04_30__d10000__r1.krakenuniq.report.txt	b3d247cab914ab2ea80973ef8a08a9bacdb20c68256636a05900fc613074068c
S_25_04_30	10000	2	2003044	new_read_level_subsample	670	1892	965855	35.4122621564	${CETA_RESULTS}/00_heavy_base_outputs/02_krakenuniq_subsamples/19_alpha_rarefaction_krakenuniq_all23_real/03_KRAKENUNIQ_REPORTS/S_25_04_30__d10000__r2.krakenuniq.report.txt	76614b208cf4fa3962d48e155849387fcefafa7fde3925f553ad0be888837b20
S_25_04_30	10000	3	2003045	new_read_level_subsample	647	1892	965855	34.1966173362	${CETA_RESULTS}/00_heavy_base_outputs/02_krakenuniq_subsamples/19_alpha_rarefaction_krakenuniq_all23_real/03_KRAKENUNIQ_REPORTS/S_25_04_30__d10000__r3.krakenuniq.report.txt	362501fefbb7d720bff706ed26d888d67dc4e7ce99b45325f7f5a076c2fee03a
S_25_04_30	25000	1	2004043	new_read_level_subsample	993	1892	965855	52.4841437632	${CETA_RESULTS}/00_heavy_base_outputs/02_krakenuniq_subsamples/19_alpha_rarefaction_krakenuniq_all23_real/03_KRAKENUNIQ_REPORTS/S_25_04_30__d25000__r1.krakenuniq.report.txt	48c6835e4bbeb0bc13fd0ca1b32eec520ff5805756857bfbc4a32b33aefd3daf
S_25_04_30	25000	2	2004044	new_read_level_subsample	1006	1892	965855	53.1712473573	${CETA_RESULTS}/00_heavy_base_outputs/02_krakenuniq_subsamples/19_alpha_rarefaction_krakenuniq_all23_real/03_KRAKENUNIQ_REPORTS/S_25_04_30__d25000__r2.krakenuniq.report.txt	e7a19de59bf421ae7f7ab6b291ec9a0d5d8a26b5cb7962e68a9f99eb5dc31262
S_25_04_30	25000	3	2004045	new_read_level_subsample	1000	1892	965855	52.8541226216	${CETA_RESULTS}/00_heavy_base_outputs/02_krakenuniq_subsamples/19_alpha_rarefaction_krakenuniq_all23_real/03_KRAKENUNIQ_REPORTS/S_25_04_30__d25000__r3.krakenuniq.report.txt	06fb71b66e0bd74e0df3ccafa2fea07980b4f91f7118a5027336e4bed08c42e7
S_25_04_30	50000	1	2005043	new_read_level_subsample	1237	1892	965855	65.3805496829	${CETA_RESULTS}/00_heavy_base_outputs/02_krakenuniq_subsamples/19_alpha_rarefaction_krakenuniq_all23_real/03_KRAKENUNIQ_REPORTS/S_25_04_30__d50000__r1.krakenuniq.report.txt	2110b4685c3ef2db507cc928f42f2429884fd9847deac7d569f1422c091920a5
S_25_04_30	50000	2	2005044	new_read_level_subsample	1266	1892	965855	66.9133192389	${CETA_RESULTS}/00_heavy_base_outputs/02_krakenuniq_subsamples/19_alpha_rarefaction_krakenuniq_all23_real/03_KRAKENUNIQ_REPORTS/S_25_04_30__d50000__r2.krakenuniq.report.txt	54c366b9a3d3ca66a5fce1b879847472cc924bd1a0754036c9faab022db849cc
S_25_04_30	50000	3	2005045	new_read_level_subsample	1268	1892	965855	67.0190274841	${CETA_RESULTS}/00_heavy_base_outputs/02_krakenuniq_subsamples/19_alpha_rarefaction_krakenuniq_all23_real/03_KRAKENUNIQ_REPORTS/S_25_04_30__d50000__r3.krakenuniq.report.txt	0b9e30ec8fed4d9a07e56812dc6a156ca2563e651be012c9b854fffcab05bd87
S_25_04_30	100000	1	2006043	new_read_level_subsample	1477	1892	965855	78.0655391121	${CETA_RESULTS}/00_heavy_base_outputs/02_krakenuniq_subsamples/19_alpha_rarefaction_krakenuniq_all23_real/03_KRAKENUNIQ_REPORTS/S_25_04_30__d100000__r1.krakenuniq.report.txt	22ed94097c13466910fd7b45d3b54593da6dd283dd8ebe99708bd750594313b2
S_25_04_30	100000	2	2006044	new_read_level_subsample	1477	1892	965855	78.0655391121	${CETA_RESULTS}/00_heavy_base_outputs/02_krakenuniq_subsamples/19_alpha_rarefaction_krakenuniq_all23_real/03_KRAKENUNIQ_REPORTS/S_25_04_30__d100000__r2.krakenuniq.report.txt	0ade647cd9a6c9e112503c06a96cd7496a51fd205d997d69e99facbff8694a9b
S_25_04_30	100000	3	2006045	new_read_level_subsample	1473	1892	965855	77.8541226216	${CETA_RESULTS}/00_heavy_base_outputs/02_krakenuniq_subsamples/19_alpha_rarefaction_krakenuniq_all23_real/03_KRAKENUNIQ_REPORTS/S_25_04_30__d100000__r3.krakenuniq.report.txt	f558cc30837b922999fce78d302026be26bd17fe4f8701ba2d8d240a08151df5
S_25_04_30	250000	1	2007043	new_read_level_subsample	1692	1892	965855	89.4291754757	${CETA_RESULTS}/00_heavy_base_outputs/02_krakenuniq_subsamples/19_alpha_rarefaction_krakenuniq_all23_real/03_KRAKENUNIQ_REPORTS/S_25_04_30__d250000__r1.krakenuniq.report.txt	b542ea11f6a46ba2c6adc9a367d1ca58323878b7ade95b5ba2dc86382d982acf
S_25_04_30	250000	2	2007044	new_read_level_subsample	1684	1892	965855	89.0063424947	${CETA_RESULTS}/00_heavy_base_outputs/02_krakenuniq_subsamples/19_alpha_rarefaction_krakenuniq_all23_real/03_KRAKENUNIQ_REPORTS/S_25_04_30__d250000__r2.krakenuniq.report.txt	8dce93d8b3a7a949da51bba4ed9f27e6cf04739c3a909081c4afec00beedec25
S_25_04_30	250000	3	2007045	new_read_level_subsample	1693	1892	965855	89.4820295983	${CETA_RESULTS}/00_heavy_base_outputs/02_krakenuniq_subsamples/19_alpha_rarefaction_krakenuniq_all23_real/03_KRAKENUNIQ_REPORTS/S_25_04_30__d250000__r3.krakenuniq.report.txt	cc78cf7c96b784a896e675a3ecbd750182c867875e3aab63432a8d2622de9564
S_25_04_30	315147	1		retained_equal_depth_report	1724	1892	965855	91.1205073996	${CETA_RESULTS}/00_heavy_base_outputs/02_krakenuniq_subsamples/16_krakenuniq_equal_depth_23samples/results/taxprofiler_run-20260516_123800/krakenuniq/krakenuniq_standard/S_25_04_30__sub315147__r1_S_25_04_30__sub315147__r1.se.krakenuniq.report.txt	a22ae04b28fb36f322c1bba221a18ce5811bb0a2037eea477e4118fb54f9bf1c
S_25_04_30	315147	2		retained_equal_depth_report	1729	1892	965855	91.3847780127	${CETA_RESULTS}/00_heavy_base_outputs/02_krakenuniq_subsamples/16_krakenuniq_equal_depth_23samples/results/taxprofiler_run-20260516_123800/krakenuniq/krakenuniq_standard/S_25_04_30__sub315147__r2_S_25_04_30__sub315147__r2.se.krakenuniq.report.txt	bbd10cb6eec0797e2521f6da383326dc1c0f50a16d095cb01836fb899406bd7a
S_25_04_30	315147	3		retained_equal_depth_report	1738	1892	965855	91.8604651163	${CETA_RESULTS}/00_heavy_base_outputs/02_krakenuniq_subsamples/16_krakenuniq_equal_depth_23samples/results/taxprofiler_run-20260516_123800/krakenuniq/krakenuniq_standard/S_25_04_30__sub315147__r3_S_25_04_30__sub315147__r3.se.krakenuniq.report.txt	7d3b70a3673cf5406858f6a346e4e5f2b7900ddc4fa03f465ab141f4e5d8682f
S_25_07_10	1000	1	2101043	new_read_level_subsample	147	1931	999398	7.61263593993	${CETA_RESULTS}/00_heavy_base_outputs/02_krakenuniq_subsamples/19_alpha_rarefaction_krakenuniq_all23_real/03_KRAKENUNIQ_REPORTS/S_25_07_10__d1000__r1.krakenuniq.report.txt	2ce51799ad1e1ecfbf70ca40df6273393348c62981cbece16241b7f019a51db4
S_25_07_10	1000	2	2101044	new_read_level_subsample	139	1931	999398	7.19834282755	${CETA_RESULTS}/00_heavy_base_outputs/02_krakenuniq_subsamples/19_alpha_rarefaction_krakenuniq_all23_real/03_KRAKENUNIQ_REPORTS/S_25_07_10__d1000__r2.krakenuniq.report.txt	d93424b6bb2311a08a5d90cf51a67c3cf338fb651cf28ab730fc06d9de2fa24b
S_25_07_10	1000	3	2101045	new_read_level_subsample	144	1931	999398	7.45727602279	${CETA_RESULTS}/00_heavy_base_outputs/02_krakenuniq_subsamples/19_alpha_rarefaction_krakenuniq_all23_real/03_KRAKENUNIQ_REPORTS/S_25_07_10__d1000__r3.krakenuniq.report.txt	04aac4cf3e451d920d5e04317f2f75a7fe2b11ce954d752804c091cbbff23504
S_25_07_10	5000	1	2102043	new_read_level_subsample	488	1931	999398	25.271879855	${CETA_RESULTS}/00_heavy_base_outputs/02_krakenuniq_subsamples/19_alpha_rarefaction_krakenuniq_all23_real/03_KRAKENUNIQ_REPORTS/S_25_07_10__d5000__r1.krakenuniq.report.txt	e5e771d3c0afb7286d686b7f2ab19c951b734941c2f27102604fe07f481fb0b5
S_25_07_10	5000	2	2102044	new_read_level_subsample	461	1931	999398	23.8736406007	${CETA_RESULTS}/00_heavy_base_outputs/02_krakenuniq_subsamples/19_alpha_rarefaction_krakenuniq_all23_real/03_KRAKENUNIQ_REPORTS/S_25_07_10__d5000__r2.krakenuniq.report.txt	d42b488195caa05cc3cbde18c9c8c8ea0022621beb609c9f79849fed65103086
S_25_07_10	5000	3	2102045	new_read_level_subsample	440	1931	999398	22.7861211807	${CETA_RESULTS}/00_heavy_base_outputs/02_krakenuniq_subsamples/19_alpha_rarefaction_krakenuniq_all23_real/03_KRAKENUNIQ_REPORTS/S_25_07_10__d5000__r3.krakenuniq.report.txt	d48977614e2dbf3d9f39a7e03c023b8b62200636becf706fee7e475761620dda
S_25_07_10	10000	1	2103043	new_read_level_subsample	671	1931	999398	34.7488348006	${CETA_RESULTS}/00_heavy_base_outputs/02_krakenuniq_subsamples/19_alpha_rarefaction_krakenuniq_all23_real/03_KRAKENUNIQ_REPORTS/S_25_07_10__d10000__r1.krakenuniq.report.txt	a92391320eb24530c4acb3dca0e42d4f203d1aa2b0583867db35d27746ab03ba
S_25_07_10	10000	2	2103044	new_read_level_subsample	702	1931	999398	36.3542206111	${CETA_RESULTS}/00_heavy_base_outputs/02_krakenuniq_subsamples/19_alpha_rarefaction_krakenuniq_all23_real/03_KRAKENUNIQ_REPORTS/S_25_07_10__d10000__r2.krakenuniq.report.txt	fd64cf9aa4f4890f6a07367af38b9f3bbe5a5b0d1e432778885d7d7bb455d681
S_25_07_10	10000	3	2103045	new_read_level_subsample	665	1931	999398	34.4381149663	${CETA_RESULTS}/00_heavy_base_outputs/02_krakenuniq_subsamples/19_alpha_rarefaction_krakenuniq_all23_real/03_KRAKENUNIQ_REPORTS/S_25_07_10__d10000__r3.krakenuniq.report.txt	d98305c933c1fc28770abb56eb6874ecf34e07b67f204cd5534dd491874d4868
S_25_07_10	25000	1	2104043	new_read_level_subsample	1031	1931	999398	53.3920248576	${CETA_RESULTS}/00_heavy_base_outputs/02_krakenuniq_subsamples/19_alpha_rarefaction_krakenuniq_all23_real/03_KRAKENUNIQ_REPORTS/S_25_07_10__d25000__r1.krakenuniq.report.txt	934a3236058fa106d45c769330c27ba547122cb6c0e423ed2eb50acdb3b4e96b
S_25_07_10	25000	2	2104044	new_read_level_subsample	1000	1931	999398	51.7866390471	${CETA_RESULTS}/00_heavy_base_outputs/02_krakenuniq_subsamples/19_alpha_rarefaction_krakenuniq_all23_real/03_KRAKENUNIQ_REPORTS/S_25_07_10__d25000__r2.krakenuniq.report.txt	03bb375c2f3aac8a8306cfd847a20151fdc69e38ec7ffc1631ecb3ae1378817e
S_25_07_10	25000	3	2104045	new_read_level_subsample	1005	1931	999398	52.0455722424	${CETA_RESULTS}/00_heavy_base_outputs/02_krakenuniq_subsamples/19_alpha_rarefaction_krakenuniq_all23_real/03_KRAKENUNIQ_REPORTS/S_25_07_10__d25000__r3.krakenuniq.report.txt	34228042cca11a290b29c2d81f56098b0c9e3787afe434cb1f4b26b813feeb81
S_25_07_10	50000	1	2105043	new_read_level_subsample	1262	1931	999398	65.3547384775	${CETA_RESULTS}/00_heavy_base_outputs/02_krakenuniq_subsamples/19_alpha_rarefaction_krakenuniq_all23_real/03_KRAKENUNIQ_REPORTS/S_25_07_10__d50000__r1.krakenuniq.report.txt	df7a3f5ef01e155d452fcea86d9b71b50203567332cbef630c49f26b971a165b
S_25_07_10	50000	2	2105044	new_read_level_subsample	1262	1931	999398	65.3547384775	${CETA_RESULTS}/00_heavy_base_outputs/02_krakenuniq_subsamples/19_alpha_rarefaction_krakenuniq_all23_real/03_KRAKENUNIQ_REPORTS/S_25_07_10__d50000__r2.krakenuniq.report.txt	a6d5a3712ac0d8a0d657104034165e781c2041863e9eb94c00b0088d637bdcb8
S_25_07_10	50000	3	2105045	new_read_level_subsample	1265	1931	999398	65.5100983946	${CETA_RESULTS}/00_heavy_base_outputs/02_krakenuniq_subsamples/19_alpha_rarefaction_krakenuniq_all23_real/03_KRAKENUNIQ_REPORTS/S_25_07_10__d50000__r3.krakenuniq.report.txt	22637561b343ebbcfaf0b347530ec8ffa9ec944fa9d3c2183bb2ce082411bb94
S_25_07_10	100000	1	2106043	new_read_level_subsample	1467	1931	999398	75.9709994821	${CETA_RESULTS}/00_heavy_base_outputs/02_krakenuniq_subsamples/19_alpha_rarefaction_krakenuniq_all23_real/03_KRAKENUNIQ_REPORTS/S_25_07_10__d100000__r1.krakenuniq.report.txt	c782bdd483519930c2449964c47c14323ea6a62ab7a467b407d397cc2ce8532b
S_25_07_10	100000	2	2106044	new_read_level_subsample	1477	1931	999398	76.4888658726	${CETA_RESULTS}/00_heavy_base_outputs/02_krakenuniq_subsamples/19_alpha_rarefaction_krakenuniq_all23_real/03_KRAKENUNIQ_REPORTS/S_25_07_10__d100000__r2.krakenuniq.report.txt	9294353c0d8f1fbe54ea7c05c85fd232bc9075e3d3be793e014e5b4f8bdccb20
S_25_07_10	100000	3	2106045	new_read_level_subsample	1461	1931	999398	75.6602796479	${CETA_RESULTS}/00_heavy_base_outputs/02_krakenuniq_subsamples/19_alpha_rarefaction_krakenuniq_all23_real/03_KRAKENUNIQ_REPORTS/S_25_07_10__d100000__r3.krakenuniq.report.txt	eb19b2ed4cef2483ca528e02ea1a4f991548c53efa1bbae680a0c6ba1e413a44
S_25_07_10	250000	1	2107043	new_read_level_subsample	1689	1931	999398	87.4676333506	${CETA_RESULTS}/00_heavy_base_outputs/02_krakenuniq_subsamples/19_alpha_rarefaction_krakenuniq_all23_real/03_KRAKENUNIQ_REPORTS/S_25_07_10__d250000__r1.krakenuniq.report.txt	4f4596dac0da004cebf8c4dd70e26555713f343c9123b5da121ba466bd6a6502
S_25_07_10	250000	2	2107044	new_read_level_subsample	1695	1931	999398	87.7783531849	${CETA_RESULTS}/00_heavy_base_outputs/02_krakenuniq_subsamples/19_alpha_rarefaction_krakenuniq_all23_real/03_KRAKENUNIQ_REPORTS/S_25_07_10__d250000__r2.krakenuniq.report.txt	8e6f7543a4419f4c8adc40e281f98478cd0094d643678116d502c119ea60c268
S_25_07_10	250000	3	2107045	new_read_level_subsample	1717	1931	999398	88.9176592439	${CETA_RESULTS}/00_heavy_base_outputs/02_krakenuniq_subsamples/19_alpha_rarefaction_krakenuniq_all23_real/03_KRAKENUNIQ_REPORTS/S_25_07_10__d250000__r3.krakenuniq.report.txt	256e31f2e285d49c183b54b48a1d63665308c9736d9c5530a5afe1295c5b9a05
S_25_07_10	315147	1		retained_equal_depth_report	1726	1931	999398	89.3837389953	${CETA_RESULTS}/00_heavy_base_outputs/02_krakenuniq_subsamples/16_krakenuniq_equal_depth_23samples/results/taxprofiler_run-20260516_123800/krakenuniq/krakenuniq_standard/S_25_07_10__sub315147__r1_S_25_07_10__sub315147__r1.se.krakenuniq.report.txt	1547a2d15704ab2117045292259e129f7049a9e7ac41197cc2409748e2671ff9
S_25_07_10	315147	2		retained_equal_depth_report	1743	1931	999398	90.2641118591	${CETA_RESULTS}/00_heavy_base_outputs/02_krakenuniq_subsamples/16_krakenuniq_equal_depth_23samples/results/taxprofiler_run-20260516_123800/krakenuniq/krakenuniq_standard/S_25_07_10__sub315147__r2_S_25_07_10__sub315147__r2.se.krakenuniq.report.txt	610a9029b1b5d189909d8c158be84a415f77252fb7c8d649f96a6e31839cca73
S_25_07_10	315147	3		retained_equal_depth_report	1748	1931	999398	90.5230450544	${CETA_RESULTS}/00_heavy_base_outputs/02_krakenuniq_subsamples/16_krakenuniq_equal_depth_23samples/results/taxprofiler_run-20260516_123800/krakenuniq/krakenuniq_standard/S_25_07_10__sub315147__r3_S_25_07_10__sub315147__r3.se.krakenuniq.report.txt	40194cfe168dd1aa424664927ad543081f787658c889f111ea7ae5610e58fc9c
S_25_09_12	1000	1	2201043	new_read_level_subsample	143	1946	1425314	7.34840698869	${CETA_RESULTS}/00_heavy_base_outputs/02_krakenuniq_subsamples/19_alpha_rarefaction_krakenuniq_all23_real/03_KRAKENUNIQ_REPORTS/S_25_09_12__d1000__r1.krakenuniq.report.txt	cb1ae6397bac83c303443489c11e9efde33a9c5d97daa48db3f629cd332ee3d9
S_25_09_12	1000	2	2201044	new_read_level_subsample	151	1946	1425314	7.75950668037	${CETA_RESULTS}/00_heavy_base_outputs/02_krakenuniq_subsamples/19_alpha_rarefaction_krakenuniq_all23_real/03_KRAKENUNIQ_REPORTS/S_25_09_12__d1000__r2.krakenuniq.report.txt	c01a389f7614d381ec176d9cdd071162d548d6be5e0b54f7d4b31aafe49746fd
S_25_09_12	1000	3	2201045	new_read_level_subsample	176	1946	1425314	9.04419321686	${CETA_RESULTS}/00_heavy_base_outputs/02_krakenuniq_subsamples/19_alpha_rarefaction_krakenuniq_all23_real/03_KRAKENUNIQ_REPORTS/S_25_09_12__d1000__r3.krakenuniq.report.txt	b9786c181ce0fbb4616fe85ed5434fed0ed9aa3a1a30bc8a1d908a4968ae83ae
S_25_09_12	5000	1	2202043	new_read_level_subsample	481	1946	1425314	24.717368962	${CETA_RESULTS}/00_heavy_base_outputs/02_krakenuniq_subsamples/19_alpha_rarefaction_krakenuniq_all23_real/03_KRAKENUNIQ_REPORTS/S_25_09_12__d5000__r1.krakenuniq.report.txt	854f07ebc359c755467e076bd967ab606c5f8f0c79d7b9194705e1b49e41f7fd
S_25_09_12	5000	2	2202044	new_read_level_subsample	481	1946	1425314	24.717368962	${CETA_RESULTS}/00_heavy_base_outputs/02_krakenuniq_subsamples/19_alpha_rarefaction_krakenuniq_all23_real/03_KRAKENUNIQ_REPORTS/S_25_09_12__d5000__r2.krakenuniq.report.txt	bc59792352c5d8dcfd90e99a60fbed458ab595f5d305b744e1808ff4fc30d9d1
S_25_09_12	5000	3	2202045	new_read_level_subsample	471	1946	1425314	24.2034943474	${CETA_RESULTS}/00_heavy_base_outputs/02_krakenuniq_subsamples/19_alpha_rarefaction_krakenuniq_all23_real/03_KRAKENUNIQ_REPORTS/S_25_09_12__d5000__r3.krakenuniq.report.txt	576838a1a1467649b4f5b975b46f5608df12ec916847a9eb9a91c66e35183de7
S_25_09_12	10000	1	2203043	new_read_level_subsample	718	1946	1425314	36.8961973279	${CETA_RESULTS}/00_heavy_base_outputs/02_krakenuniq_subsamples/19_alpha_rarefaction_krakenuniq_all23_real/03_KRAKENUNIQ_REPORTS/S_25_09_12__d10000__r1.krakenuniq.report.txt	0372d1582b0048d99cb43e168806302e3867b508e684d3661c2c979d2b7fdc5e
S_25_09_12	10000	2	2203044	new_read_level_subsample	717	1946	1425314	36.8448098664	${CETA_RESULTS}/00_heavy_base_outputs/02_krakenuniq_subsamples/19_alpha_rarefaction_krakenuniq_all23_real/03_KRAKENUNIQ_REPORTS/S_25_09_12__d10000__r2.krakenuniq.report.txt	fb0cec7696aa38fdec83cc8c774e6f39c82a91f458d220a9abd8597f55f4451d
S_25_09_12	10000	3	2203045	new_read_level_subsample	703	1946	1425314	36.125385406	${CETA_RESULTS}/00_heavy_base_outputs/02_krakenuniq_subsamples/19_alpha_rarefaction_krakenuniq_all23_real/03_KRAKENUNIQ_REPORTS/S_25_09_12__d10000__r3.krakenuniq.report.txt	36a45dcc4a183673930550e95ca1ec10ab13db75ec4207cb511934bf536b26ec
S_25_09_12	25000	1	2204043	new_read_level_subsample	1050	1946	1425314	53.9568345324	${CETA_RESULTS}/00_heavy_base_outputs/02_krakenuniq_subsamples/19_alpha_rarefaction_krakenuniq_all23_real/03_KRAKENUNIQ_REPORTS/S_25_09_12__d25000__r1.krakenuniq.report.txt	a5e36c868c239ebcea060302d490b51b82c4c8dc2469cee4fbb7e74179309a29
S_25_09_12	25000	2	2204044	new_read_level_subsample	1016	1946	1425314	52.2096608428	${CETA_RESULTS}/00_heavy_base_outputs/02_krakenuniq_subsamples/19_alpha_rarefaction_krakenuniq_all23_real/03_KRAKENUNIQ_REPORTS/S_25_09_12__d25000__r2.krakenuniq.report.txt	30673e666c57d00102eee1b0b8f6661ae310b24adb6eb54ff40b39c8ef83480b
S_25_09_12	25000	3	2204045	new_read_level_subsample	1042	1946	1425314	53.5457348407	${CETA_RESULTS}/00_heavy_base_outputs/02_krakenuniq_subsamples/19_alpha_rarefaction_krakenuniq_all23_real/03_KRAKENUNIQ_REPORTS/S_25_09_12__d25000__r3.krakenuniq.report.txt	df34d629baa5d3dda3f3698119f2fd4e7a7a044117000b458798ea502024ab14
S_25_09_12	50000	1	2205043	new_read_level_subsample	1292	1946	1425314	66.3926002055	${CETA_RESULTS}/00_heavy_base_outputs/02_krakenuniq_subsamples/19_alpha_rarefaction_krakenuniq_all23_real/03_KRAKENUNIQ_REPORTS/S_25_09_12__d50000__r1.krakenuniq.report.txt	31c56867293519d9337871e71cb27ddbc00d85e28cc0cc7f33fc130fe3aca846
S_25_09_12	50000	2	2205044	new_read_level_subsample	1271	1946	1425314	65.3134635149	${CETA_RESULTS}/00_heavy_base_outputs/02_krakenuniq_subsamples/19_alpha_rarefaction_krakenuniq_all23_real/03_KRAKENUNIQ_REPORTS/S_25_09_12__d50000__r2.krakenuniq.report.txt	92de37051bebadac8ed73295b3cf90b955df51d398dcfc279a3c3e3688e8cb0c
S_25_09_12	50000	3	2205045	new_read_level_subsample	1273	1946	1425314	65.4162384378	${CETA_RESULTS}/00_heavy_base_outputs/02_krakenuniq_subsamples/19_alpha_rarefaction_krakenuniq_all23_real/03_KRAKENUNIQ_REPORTS/S_25_09_12__d50000__r3.krakenuniq.report.txt	28e7118260066cc6473f8be98abef66378a03380aaf8dbfe7dbe230754cd4894
S_25_09_12	100000	1	2206043	new_read_level_subsample	1504	1946	1425314	77.2867420349	${CETA_RESULTS}/00_heavy_base_outputs/02_krakenuniq_subsamples/19_alpha_rarefaction_krakenuniq_all23_real/03_KRAKENUNIQ_REPORTS/S_25_09_12__d100000__r1.krakenuniq.report.txt	1e9d1ffa1dfb03ed32ea5d439cbc8d0e687df1700226322849a4d6cb1e246122
S_25_09_12	100000	2	2206044	new_read_level_subsample	1527	1946	1425314	78.4686536485	${CETA_RESULTS}/00_heavy_base_outputs/02_krakenuniq_subsamples/19_alpha_rarefaction_krakenuniq_all23_real/03_KRAKENUNIQ_REPORTS/S_25_09_12__d100000__r2.krakenuniq.report.txt	585c6e094ae1f796022380bb5866c7f8b83b17a58cd438e96c6cac8c101f790a
S_25_09_12	100000	3	2206045	new_read_level_subsample	1528	1946	1425314	78.52004111	${CETA_RESULTS}/00_heavy_base_outputs/02_krakenuniq_subsamples/19_alpha_rarefaction_krakenuniq_all23_real/03_KRAKENUNIQ_REPORTS/S_25_09_12__d100000__r3.krakenuniq.report.txt	81bdbfc7da008b1b746a582fbe81d450bfd5ef0edc133bd3e80a7c7916c6e98b
S_25_09_12	250000	1	2207043	new_read_level_subsample	1730	1946	1425314	88.9003083248	${CETA_RESULTS}/00_heavy_base_outputs/02_krakenuniq_subsamples/19_alpha_rarefaction_krakenuniq_all23_real/03_KRAKENUNIQ_REPORTS/S_25_09_12__d250000__r1.krakenuniq.report.txt	c9371f006122a46b88d6f5045ff4e42987dba855fa9380a7d136812a365d1330
S_25_09_12	250000	2	2207044	new_read_level_subsample	1727	1946	1425314	88.7461459404	${CETA_RESULTS}/00_heavy_base_outputs/02_krakenuniq_subsamples/19_alpha_rarefaction_krakenuniq_all23_real/03_KRAKENUNIQ_REPORTS/S_25_09_12__d250000__r2.krakenuniq.report.txt	98ef1ce23e4f1cc5fa41db6b114fc0ceb0478a2191da4922846c3bab374516e4
S_25_09_12	250000	3	2207045	new_read_level_subsample	1716	1946	1425314	88.1808838643	${CETA_RESULTS}/00_heavy_base_outputs/02_krakenuniq_subsamples/19_alpha_rarefaction_krakenuniq_all23_real/03_KRAKENUNIQ_REPORTS/S_25_09_12__d250000__r3.krakenuniq.report.txt	a80c2dccb31840d1ce39c319a8b81a71a1b76ffc40386776bfc4948c1fdb7862
S_25_09_12	315147	1		retained_equal_depth_report	1771	1946	1425314	91.0071942446	${CETA_RESULTS}/00_heavy_base_outputs/02_krakenuniq_subsamples/16_krakenuniq_equal_depth_23samples/results/taxprofiler_run-20260516_123800/krakenuniq/krakenuniq_standard/S_25_09_12__sub315147__r1_S_25_09_12__sub315147__r1.se.krakenuniq.report.txt	73670fe5b853974abed5835452f612ef28581bb1aa95536deb75a75444cdbb33
S_25_09_12	315147	2		retained_equal_depth_report	1772	1946	1425314	91.0585817061	${CETA_RESULTS}/00_heavy_base_outputs/02_krakenuniq_subsamples/16_krakenuniq_equal_depth_23samples/results/taxprofiler_run-20260516_123800/krakenuniq/krakenuniq_standard/S_25_09_12__sub315147__r2_S_25_09_12__sub315147__r2.se.krakenuniq.report.txt	d31270cf19be235de3b8e39594ad0f025106295b6224640b2df793706e60e7a4
S_25_09_12	315147	3		retained_equal_depth_report	1745	1946	1425314	89.6711202467	${CETA_RESULTS}/00_heavy_base_outputs/02_krakenuniq_subsamples/16_krakenuniq_equal_depth_23samples/results/taxprofiler_run-20260516_123800/krakenuniq/krakenuniq_standard/S_25_09_12__sub315147__r3_S_25_09_12__sub315147__r3.se.krakenuniq.report.txt	e576d853e8d9433dd2c3e11e08301bcc5bd3984612572236b5cf8dd416bfdfaf
S_25_11_25	1000	1	2301043	new_read_level_subsample	151	1844	359581	8.18872017354	${CETA_RESULTS}/00_heavy_base_outputs/02_krakenuniq_subsamples/19_alpha_rarefaction_krakenuniq_all23_real/03_KRAKENUNIQ_REPORTS/S_25_11_25__d1000__r1.krakenuniq.report.txt	e17ae072e7cb10cc1d76ae8aa524b5e0321bb52f6e38731e5e0bc49a51b0edb3
S_25_11_25	1000	2	2301044	new_read_level_subsample	144	1844	359581	7.80911062907	${CETA_RESULTS}/00_heavy_base_outputs/02_krakenuniq_subsamples/19_alpha_rarefaction_krakenuniq_all23_real/03_KRAKENUNIQ_REPORTS/S_25_11_25__d1000__r2.krakenuniq.report.txt	08268b8c6fe0690510806ab52321174f3644008a96fab84f0ebaf6c2521370b4
S_25_11_25	1000	3	2301045	new_read_level_subsample	118	1844	359581	6.39913232104	${CETA_RESULTS}/00_heavy_base_outputs/02_krakenuniq_subsamples/19_alpha_rarefaction_krakenuniq_all23_real/03_KRAKENUNIQ_REPORTS/S_25_11_25__d1000__r3.krakenuniq.report.txt	cc79a1ae53d7754701a8c935e5da10d205109bb5211f17f00ef0ee5e5ea2ebf9
S_25_11_25	5000	1	2302043	new_read_level_subsample	402	1844	359581	21.8004338395	${CETA_RESULTS}/00_heavy_base_outputs/02_krakenuniq_subsamples/19_alpha_rarefaction_krakenuniq_all23_real/03_KRAKENUNIQ_REPORTS/S_25_11_25__d5000__r1.krakenuniq.report.txt	cd24b2bdc1ce46a2cdda4629eb1afcbeb24b3b30e24b4eeeb982348b006f49a6
S_25_11_25	5000	2	2302044	new_read_level_subsample	445	1844	359581	24.1323210412	${CETA_RESULTS}/00_heavy_base_outputs/02_krakenuniq_subsamples/19_alpha_rarefaction_krakenuniq_all23_real/03_KRAKENUNIQ_REPORTS/S_25_11_25__d5000__r2.krakenuniq.report.txt	73540deb48eba7e801c8387e6b77365a9216eed262279836e3a9367a896c1ce9
S_25_11_25	5000	3	2302045	new_read_level_subsample	436	1844	359581	23.6442516269	${CETA_RESULTS}/00_heavy_base_outputs/02_krakenuniq_subsamples/19_alpha_rarefaction_krakenuniq_all23_real/03_KRAKENUNIQ_REPORTS/S_25_11_25__d5000__r3.krakenuniq.report.txt	1c0e9a5f56d9822a0686ca04e4a438a6ba20e1f03e1658a328e5890539e3c641
S_25_11_25	10000	1	2303043	new_read_level_subsample	622	1844	359581	33.7310195228	${CETA_RESULTS}/00_heavy_base_outputs/02_krakenuniq_subsamples/19_alpha_rarefaction_krakenuniq_all23_real/03_KRAKENUNIQ_REPORTS/S_25_11_25__d10000__r1.krakenuniq.report.txt	65ec67843b0a38a380ebe5f765d5cea568dc77a62f7c43e97d82154b62565793
S_25_11_25	10000	2	2303044	new_read_level_subsample	657	1844	359581	35.6290672451	${CETA_RESULTS}/00_heavy_base_outputs/02_krakenuniq_subsamples/19_alpha_rarefaction_krakenuniq_all23_real/03_KRAKENUNIQ_REPORTS/S_25_11_25__d10000__r2.krakenuniq.report.txt	56003e80a93523f8602767fb099b05713ccfbce961276abb24d6700c2a2d69d7
S_25_11_25	10000	3	2303045	new_read_level_subsample	643	1844	359581	34.8698481562	${CETA_RESULTS}/00_heavy_base_outputs/02_krakenuniq_subsamples/19_alpha_rarefaction_krakenuniq_all23_real/03_KRAKENUNIQ_REPORTS/S_25_11_25__d10000__r3.krakenuniq.report.txt	931b2d90c720002dbb66517018973443b7cee8915649b3dcb6d32d731f52a506
S_25_11_25	25000	1	2304043	new_read_level_subsample	982	1844	359581	53.2537960954	${CETA_RESULTS}/00_heavy_base_outputs/02_krakenuniq_subsamples/19_alpha_rarefaction_krakenuniq_all23_real/03_KRAKENUNIQ_REPORTS/S_25_11_25__d25000__r1.krakenuniq.report.txt	4c0b226304873f51c8eef84ce1b9d077dcadc2193a77fd7fbbf594472e650552
S_25_11_25	25000	2	2304044	new_read_level_subsample	972	1844	359581	52.7114967462	${CETA_RESULTS}/00_heavy_base_outputs/02_krakenuniq_subsamples/19_alpha_rarefaction_krakenuniq_all23_real/03_KRAKENUNIQ_REPORTS/S_25_11_25__d25000__r2.krakenuniq.report.txt	2c06d903d8c51e188bd8fd4e3e465fd22bdc32ee0ccff500f1fffbe38412fbd7
S_25_11_25	25000	3	2304045	new_read_level_subsample	1004	1844	359581	54.4468546638	${CETA_RESULTS}/00_heavy_base_outputs/02_krakenuniq_subsamples/19_alpha_rarefaction_krakenuniq_all23_real/03_KRAKENUNIQ_REPORTS/S_25_11_25__d25000__r3.krakenuniq.report.txt	8b63aaaedeca277ff6fdf051fe74104cc6a123dea97682eab815be8063d7cec9
S_25_11_25	50000	1	2305043	new_read_level_subsample	1257	1844	359581	68.1670281996	${CETA_RESULTS}/00_heavy_base_outputs/02_krakenuniq_subsamples/19_alpha_rarefaction_krakenuniq_all23_real/03_KRAKENUNIQ_REPORTS/S_25_11_25__d50000__r1.krakenuniq.report.txt	2ef63002824720e9d49ce71f1dc25d7e6dfee7bcf4d4a06256952f1f1ed1e951
S_25_11_25	50000	2	2305044	new_read_level_subsample	1247	1844	359581	67.6247288503	${CETA_RESULTS}/00_heavy_base_outputs/02_krakenuniq_subsamples/19_alpha_rarefaction_krakenuniq_all23_real/03_KRAKENUNIQ_REPORTS/S_25_11_25__d50000__r2.krakenuniq.report.txt	e0cf96603e0da92bbb65fa0190a8a12d75496b923aecc1399b7bdeb2fb2e0fb1
S_25_11_25	50000	3	2305045	new_read_level_subsample	1271	1844	359581	68.9262472885	${CETA_RESULTS}/00_heavy_base_outputs/02_krakenuniq_subsamples/19_alpha_rarefaction_krakenuniq_all23_real/03_KRAKENUNIQ_REPORTS/S_25_11_25__d50000__r3.krakenuniq.report.txt	afa6c0a27864f0434d87fe0c657e20c449c47435e3b2ef039b44180af7f45102
S_25_11_25	100000	1	2306043	new_read_level_subsample	1487	1844	359581	80.6399132321	${CETA_RESULTS}/00_heavy_base_outputs/02_krakenuniq_subsamples/19_alpha_rarefaction_krakenuniq_all23_real/03_KRAKENUNIQ_REPORTS/S_25_11_25__d100000__r1.krakenuniq.report.txt	4d1a7afca1dc2d79a4c6dd9b608c9562ae725925cd15576c7a2d84bde4bc6567
S_25_11_25	100000	2	2306044	new_read_level_subsample	1488	1844	359581	80.694143167	${CETA_RESULTS}/00_heavy_base_outputs/02_krakenuniq_subsamples/19_alpha_rarefaction_krakenuniq_all23_real/03_KRAKENUNIQ_REPORTS/S_25_11_25__d100000__r2.krakenuniq.report.txt	200fa6ff5700dee189b2034a7ea87a6b63cac76128419e64599df191f83085d4
S_25_11_25	100000	3	2306045	new_read_level_subsample	1493	1844	359581	80.9652928416	${CETA_RESULTS}/00_heavy_base_outputs/02_krakenuniq_subsamples/19_alpha_rarefaction_krakenuniq_all23_real/03_KRAKENUNIQ_REPORTS/S_25_11_25__d100000__r3.krakenuniq.report.txt	1519474ef707017f9fbfb8c94c5be731e57b7de8403ba413e14af690e5e77bd5
S_25_11_25	250000	1	2307043	new_read_level_subsample	1724	1844	359581	93.4924078091	${CETA_RESULTS}/00_heavy_base_outputs/02_krakenuniq_subsamples/19_alpha_rarefaction_krakenuniq_all23_real/03_KRAKENUNIQ_REPORTS/S_25_11_25__d250000__r1.krakenuniq.report.txt	2be6e743885f2a4c8d4fc77f08097161077301ae4c7c056ac4a00883f117000d
S_25_11_25	250000	2	2307044	new_read_level_subsample	1721	1844	359581	93.3297180043	${CETA_RESULTS}/00_heavy_base_outputs/02_krakenuniq_subsamples/19_alpha_rarefaction_krakenuniq_all23_real/03_KRAKENUNIQ_REPORTS/S_25_11_25__d250000__r2.krakenuniq.report.txt	b6f6ca93bd64d6dca1b4f65fbec4f43215c36882b46a4690603af842d36589c2
S_25_11_25	250000	3	2307045	new_read_level_subsample	1729	1844	359581	93.7635574837	${CETA_RESULTS}/00_heavy_base_outputs/02_krakenuniq_subsamples/19_alpha_rarefaction_krakenuniq_all23_real/03_KRAKENUNIQ_REPORTS/S_25_11_25__d250000__r3.krakenuniq.report.txt	738ff5b0038220ac632ce97442c4f3f51a866c4be574406488c75c35b653c5dd
S_25_11_25	315147	1		retained_equal_depth_report	1759	1844	359581	95.3904555315	${CETA_RESULTS}/00_heavy_base_outputs/02_krakenuniq_subsamples/16_krakenuniq_equal_depth_23samples/results/taxprofiler_run-20260516_123800/krakenuniq/krakenuniq_standard/S_25_11_25__sub315147__r1_S_25_11_25__sub315147__r1.se.krakenuniq.report.txt	e5d98e3eab74a530ffbda530d92109c7b0f3974b9a93a24d19823fbe51ef2303
S_25_11_25	315147	2		retained_equal_depth_report	1761	1844	359581	95.4989154013	${CETA_RESULTS}/00_heavy_base_outputs/02_krakenuniq_subsamples/16_krakenuniq_equal_depth_23samples/results/taxprofiler_run-20260516_123800/krakenuniq/krakenuniq_standard/S_25_11_25__sub315147__r2_S_25_11_25__sub315147__r2.se.krakenuniq.report.txt	b566444eb433752217cbfa813a315731b80b75ef6471c98f71cd06800813c51d
S_25_11_25	315147	3		retained_equal_depth_report	1750	1844	359581	94.9023861171	${CETA_RESULTS}/00_heavy_base_outputs/02_krakenuniq_subsamples/16_krakenuniq_equal_depth_23samples/results/taxprofiler_run-20260516_123800/krakenuniq/krakenuniq_standard/S_25_11_25__sub315147__r3_S_25_11_25__sub315147__r3.se.krakenuniq.report.txt	9d4564c38472448d046f61f172b9689bc88732c3959efb47f20945c89bdf8d86
