sample_id	taxon_rank	taxon_name	taxid_if_available	mean_relative_abundance_classified_only	sd_relative_abundance_classified_only	replicates_detected	mean_direct_reads_if_available	mean_clade_reads	notes
S_21_10_22	phylum	Proteobacteria	1224	0.5430567595857153	0.0008184361776940308	3	3687.3333333333335	79696.33333333333	relative abundance among classified reads only; relative values use clade reads at rank / classified reads.
S_21_10_22	phylum	Actinobacteria	201174	0.083828614050248	0.000520251822399582	3	91.66666666666667	12302.333333333334	relative abundance among classified reads only; relative values use clade reads at rank / classified reads.
S_21_10_22	phylum	Bacteroidetes	976	0.07698179691723685	0.0005712215106580812	3	389.0	11297.666666666666	relative abundance among classified reads only; relative values use clade reads at rank / classified reads.
S_21_10_22	phylum	Chordata	7711	0.05264901035109525	0.0003633697401465604	3	0.0	7726.666666666667	relative abundance among classified reads only; relative values use clade reads at rank / classified reads.
S_21_10_22	phylum	Planctomycetes	203682	0.042504061554352546	0.00020118435242037964	3	26.666666666666668	6237.666666666667	relative abundance among classified reads only; relative values use clade reads at rank / classified reads.
S_21_10_22	phylum	Firmicutes	1239	0.038398082432408186	0.000492839082423635	3	102.0	5635.333333333333	relative abundance among classified reads only; relative values use clade reads at rank / classified reads.
S_21_10_22	phylum	Cyanobacteria	1117	0.03710678769096127	0.0004803364528761262	3	200.0	5445.666666666667	relative abundance among classified reads only; relative values use clade reads at rank / classified reads.
S_21_10_22	phylum	Chloroflexi	200795	0.005064767220786262	0.00017348874181027026	3	6.333333333333333	743.3333333333334	relative abundance among classified reads only; relative values use clade reads at rank / classified reads.
S_21_10_22	phylum	Euryarchaeota	28890	0.004581587968768411	0.00019386511749752613	3	1.6666666666666667	672.3333333333334	relative abundance among classified reads only; relative values use clade reads at rank / classified reads.
S_21_10_22	phylum	Acidobacteria	57723	0.004569872501000848	5.308890988779412e-05	3	1.0	670.6666666666666	relative abundance among classified reads only; relative values use clade reads at rank / classified reads.
S_21_10_22	phylum	Verrucomicrobia	74201	0.003943282993852006	8.95083519438278e-05	3	6.0	578.6666666666666	relative abundance among classified reads only; relative values use clade reads at rank / classified reads.
S_21_10_22	phylum	Uroviricota	2731618	0.0032594968010923307	9.899293870748038e-05	3	0.0	478.3333333333333	relative abundance among classified reads only; relative values use clade reads at rank / classified reads.
S_21_10_22	phylum	Spirochaetes	203691	0.003209282585721004	0.00015479142984063215	3	0.0	471.0	relative abundance among classified reads only; relative values use clade reads at rank / classified reads.
S_21_10_22	phylum	Deinococcus-Thermus	1297	0.0027481386166794144	0.0001642707193967494	3	0.0	403.3333333333333	relative abundance among classified reads only; relative values use clade reads at rank / classified reads.
S_21_10_22	phylum	Tenericutes	544448	0.0015698149165316935	0.00012159003842264329	3	2.0	230.33333333333334	relative abundance among classified reads only; relative values use clade reads at rank / classified reads.
S_21_10_22	phylum	Chlorobi	1090	0.001283201920440723	7.291673604718028e-05	3	0.0	188.33333333333334	relative abundance among classified reads only; relative values use clade reads at rank / classified reads.
S_21_10_22	phylum	Kiritimatiellaeota	134625	0.0012789918825819415	9.334720433932119e-05	3	0.3333333333333333	187.66666666666666	relative abundance among classified reads only; relative values use clade reads at rank / classified reads.
S_21_10_22	phylum	Gemmatimonadetes	142182	0.0011605738290002532	7.915073125164956e-05	3	0.0	170.33333333333334	relative abundance among classified reads only; relative values use clade reads at rank / classified reads.
S_21_10_22	phylum	Fusobacteria	32066	0.0008041166151262041	2.3466893853176963e-05	3	0.0	118.0	relative abundance among classified reads only; relative values use clade reads at rank / classified reads.
S_21_10_22	phylum	Nitrospirae	40117	0.0007721722208600754	6.116584348947003e-05	3	0.0	113.33333333333333	relative abundance among classified reads only; relative values use clade reads at rank / classified reads.
S_21_10_22	phylum	Nucleocytoviricota	2732007	0.0007381971770227075	6.139508002591377e-05	3	0.0	108.33333333333333	relative abundance among classified reads only; relative values use clade reads at rank / classified reads.
S_21_10_22	phylum	Ignavibacteriae	1134404	0.0006744612768355799	6.50572337524955e-05	3	0.0	99.0	relative abundance among classified reads only; relative values use clade reads at rank / classified reads.
S_21_10_22	phylum	Thermotogae	200918	0.0006132407289453202	8.488803596959791e-05	3	0.0	90.0	relative abundance among classified reads only; relative values use clade reads at rank / classified reads.
S_21_10_22	phylum	Calditrichaeota	1930617	0.0005316426962474179	6.025985189566985e-05	3	0.0	78.0	relative abundance among classified reads only; relative values use clade reads at rank / classified reads.
S_21_10_22	phylum	Thermodesulfobacteria	200940	0.0004769886307445876	1.957957653913744e-06	3	0.0	70.0	relative abundance among classified reads only; relative values use clade reads at rank / classified reads.
S_21_10_22	phylum	Thaumarchaeota	651137	0.0004746978011743341	4.500986758694609e-05	3	0.6666666666666666	69.66666666666667	relative abundance among classified reads only; relative values use clade reads at rank / classified reads.
S_21_10_22	phylum	Synergistetes	508458	0.00036340525696204926	4.1378893018396734e-05	3	0.0	53.333333333333336	relative abundance among classified reads only; relative values use clade reads at rank / classified reads.
S_21_10_22	phylum	Chrysiogenetes	200938	0.00033851204780897863	5.1859011823642684e-05	3	0.0	49.666666666666664	relative abundance among classified reads only; relative values use clade reads at rank / classified reads.
S_21_10_22	phylum	Deferribacteres	200930	0.00033170663381057827	3.290633162747441e-05	3	0.0	48.666666666666664	relative abundance among classified reads only; relative values use clade reads at rank / classified reads.
S_21_10_22	phylum	Chlamydiae	204428	0.00031783945560690473	5.8432451688819464e-05	3	0.0	46.666666666666664	relative abundance among classified reads only; relative values use clade reads at rank / classified reads.
S_21_10_22	phylum	Aquificae	200783	0.0003021001255599142	2.0969690705468506e-05	3	0.0	44.333333333333336	relative abundance among classified reads only; relative values use clade reads at rank / classified reads.
S_21_10_22	phylum	Crenarchaeota	28889	0.0002158653978553259	3.312725987335942e-05	3	0.0	31.666666666666668	relative abundance among classified reads only; relative values use clade reads at rank / classified reads.
S_21_10_22	phylum	Candidatus Lokiarchaeota	1655434	0.00016351771072438666	3.099538576952662e-05	3	0.0	24.0	relative abundance among classified reads only; relative values use clade reads at rank / classified reads.
S_21_10_22	phylum	Candidatus Thermoplasmatota	2283796	0.00016122460131957092	1.5113090702763828e-05	3	0.0	23.666666666666668	relative abundance among classified reads only; relative values use clade reads at rank / classified reads.
S_21_10_22	phylum	Peploviricota	2731361	0.00015443172641126305	3.1991681349320476e-05	3	0.0	22.666666666666668	relative abundance among classified reads only; relative values use clade reads at rank / classified reads.
S_21_10_22	phylum	Armatimonadetes	67819	0.0001522337796105375	4.9472504114744994e-05	3	0.0	22.333333333333332	relative abundance among classified reads only; relative values use clade reads at rank / classified reads.
S_21_10_22	phylum	Balneolaeota	1936987	0.00014988417458557668	3.5831672091708834e-05	3	0.0	22.0	relative abundance among classified reads only; relative values use clade reads at rank / classified reads.
S_21_10_22	phylum	Elusimicrobia	74152	0.00013176829153917633	1.458493154723077e-05	3	0.0	19.333333333333332	relative abundance among classified reads only; relative values use clade reads at rank / classified reads.
S_21_10_22	phylum	Candidatus Saccharibacteria	95818	0.00012265421933432252	5.034748252921086e-07	3	6.333333333333333	18.0	relative abundance among classified reads only; relative values use clade reads at rank / classified reads.
S_21_10_22	phylum	Candidatus Cloacimonetes	456828	0.00010217733209014998	1.7728132302124365e-05	3	0.0	15.0	relative abundance among classified reads only; relative values use clade reads at rank / classified reads.
S_21_10_22	phylum	Atribacterota	67818	9.085245415779343e-05	1.7093325156067138e-05	3	0.0	13.333333333333334	relative abundance among classified reads only; relative values use clade reads at rank / classified reads.
S_21_10_22	phylum	Candidatus Omnitrophica	67812	9.080124808375581e-05	1.9344980629232744e-05	3	0.0	13.333333333333334	relative abundance among classified reads only; relative values use clade reads at rank / classified reads.
S_21_10_22	phylum	Dictyoglomi	68297	7.490643002038842e-05	1.7761994820968138e-05	3	0.0	11.0	relative abundance among classified reads only; relative values use clade reads at rank / classified reads.
S_21_10_22	phylum	Candidatus Bipolaricaulota	67810	7.263985854972351e-05	1.6894065154942484e-05	3	0.0	10.666666666666666	relative abundance among classified reads only; relative values use clade reads at rank / classified reads.
S_21_10_22	phylum	Fibrobacteres	65842	4.769658323989649e-05	1.3585474207420411e-05	3	0.0	7.0	relative abundance among classified reads only; relative values use clade reads at rank / classified reads.
S_21_10_22	phylum	Caldiserica	67814	4.313348261257244e-05	1.0270354763839025e-05	3	0.0	6.333333333333333	relative abundance among classified reads only; relative values use clade reads at rank / classified reads.
S_21_10_22	phylum	Candidatus Absconditabacteria	221235	4.3119073728215886e-05	1.4046384038591352e-05	3	0.0	6.333333333333333	relative abundance among classified reads only; relative values use clade reads at rank / classified reads.
S_21_10_22	phylum	Candidatus Micrarchaeota	1801631	2.0424541252853785e-05	1.174074021519421e-05	3	0.0	3.0	relative abundance among classified reads only; relative values use clade reads at rank / classified reads.
S_21_10_22	phylum	Coprothermobacterota	2138240	1.70408028071347e-05	4.734901803233977e-06	2	0.0	2.5	relative abundance among classified reads only; relative values use clade reads at rank / classified reads.
S_21_10_22	phylum	Candidatus Nanohaloarchaeota	1462430	1.3646075228902468e-05	6.596797846401844e-08	2	0.0	2.0	relative abundance among classified reads only; relative values use clade reads at rank / classified reads.
S_21_10_22	phylum	Preplasmiviricota	2732008	6.846360816907772e-06		1	0.0	1.0	relative abundance among classified reads only; relative values use clade reads at rank / classified reads.
S_21_10_22	phylum	Kitrinoviricota	2732406	6.823037614451234e-06	3.298398923200922e-08	2	0.0	1.0	relative abundance among classified reads only; relative values use clade reads at rank / classified reads.
S_21_10_22	phylum	Negarnaviricota	2497569	6.821327738529528e-06	3.540211895046037e-08	2	0.0	1.0	relative abundance among classified reads only; relative values use clade reads at rank / classified reads.
S_21_10_22	phylum	Cossaviricota	2732415	6.814123296351251e-06	2.7970823627338908e-08	3	0.0	1.0	relative abundance among classified reads only; relative values use clade reads at rank / classified reads.
S_21_10_22	phylum	Cressdnaviricota	2732416	6.796294660151285e-06		1	0.0	1.0	relative abundance among classified reads only; relative values use clade reads at rank / classified reads.
S_21_12_20	phylum	Proteobacteria	1224	0.5668620549875496	0.0	3	3734.0	88100.0	relative abundance among classified reads only; relative values use clade reads at rank / classified reads.
S_21_12_20	phylum	Actinobacteria	201174	0.08954618864088228	0.0	3	109.0	13917.0	relative abundance among classified reads only; relative values use clade reads at rank / classified reads.
S_21_12_20	phylum	Bacteroidetes	976	0.06507010172632338	0.0	3	300.0	10113.0	relative abundance among classified reads only; relative values use clade reads at rank / classified reads.
S_21_12_20	phylum	Cyanobacteria	1117	0.055470122316091545	0.0	3	373.0	8621.0	relative abundance among classified reads only; relative values use clade reads at rank / classified reads.
S_21_12_20	phylum	Chordata	7711	0.05491033799391315	0.0	3	0.0	8534.0	relative abundance among classified reads only; relative values use clade reads at rank / classified reads.
S_21_12_20	phylum	Firmicutes	1239	0.03580045940920234	0.0	3	98.0	5564.0	relative abundance among classified reads only; relative values use clade reads at rank / classified reads.
S_21_12_20	phylum	Planctomycetes	203682	0.03144443658029688	0.0	3	12.0	4887.0	relative abundance among classified reads only; relative values use clade reads at rank / classified reads.
S_21_12_20	phylum	Chloroflexi	200795	0.005102401925143324	0.0	3	15.0	793.0	relative abundance among classified reads only; relative values use clade reads at rank / classified reads.
S_21_12_20	phylum	Euryarchaeota	28890	0.004883635638314985	0.0	3	1.0	759.0	relative abundance among classified reads only; relative values use clade reads at rank / classified reads.
S_21_12_20	phylum	Acidobacteria	57723	0.004291679803367714	0.0	3	2.0	667.0	relative abundance among classified reads only; relative values use clade reads at rank / classified reads.
S_21_12_20	phylum	Verrucomicrobia	74201	0.0029597791747363543	0.0	3	4.0	460.0	relative abundance among classified reads only; relative values use clade reads at rank / classified reads.
S_21_12_20	phylum	Deinococcus-Thermus	1297	0.0028182245185533112	0.0	3	0.0	438.0	relative abundance among classified reads only; relative values use clade reads at rank / classified reads.
S_21_12_20	phylum	Spirochaetes	203691	0.002805355913445762	0.0	3	0.0	436.0	relative abundance among classified reads only; relative values use clade reads at rank / classified reads.
S_21_12_20	phylum	Chlorobi	1090	0.0013383349311851343	0.0	3	0.0	208.0	relative abundance among classified reads only; relative values use clade reads at rank / classified reads.
S_21_12_20	phylum	Tenericutes	544448	0.0012482546954322887	0.0	3	0.0	194.0	relative abundance among classified reads only; relative values use clade reads at rank / classified reads.
S_21_12_20	phylum	Gemmatimonadetes	142182	0.001119568644356795	0.0	3	0.0	174.0	relative abundance among classified reads only; relative values use clade reads at rank / classified reads.
S_21_12_20	phylum	Kiritimatiellaeota	134625	0.0009715796856199772	0.0	3	0.0	151.0	relative abundance among classified reads only; relative values use clade reads at rank / classified reads.
S_21_12_20	phylum	Fusobacteria	32066	0.0008814994498671317	0.0	3	0.0	137.0	relative abundance among classified reads only; relative values use clade reads at rank / classified reads.
S_21_12_20	phylum	Nitrospirae	40117	0.0008235907268831595	0.0	3	0.0	128.0	relative abundance among classified reads only; relative values use clade reads at rank / classified reads.
S_21_12_20	phylum	Ignavibacteriae	1134404	0.0007785506090067367	0.0	3	0.0	121.0	relative abundance among classified reads only; relative values use clade reads at rank / classified reads.
S_21_12_20	phylum	Calditrichaeota	1930617	0.0006241273477161443	0.0	3	0.0	97.0	relative abundance among classified reads only; relative values use clade reads at rank / classified reads.
S_21_12_20	phylum	Thermotogae	200918	0.0006176930451623696	0.0	3	0.0	96.0	relative abundance among classified reads only; relative values use clade reads at rank / classified reads.
S_21_12_20	phylum	Synergistetes	508458	0.0005469157170708482	0.0	3	0.0	85.0	relative abundance among classified reads only; relative values use clade reads at rank / classified reads.
S_21_12_20	phylum	Uroviricota	2731618	0.0005147442043019747	0.0	3	0.0	80.0	relative abundance among classified reads only; relative values use clade reads at rank / classified reads.
S_21_12_20	phylum	Thermodesulfobacteria	200940	0.00038605815322648103	0.0	3	0.0	60.0	relative abundance among classified reads only; relative values use clade reads at rank / classified reads.
S_21_12_20	phylum	Thaumarchaeota	651137	0.0003796238506727063	0.0	3	1.0	59.0	relative abundance among classified reads only; relative values use clade reads at rank / classified reads.
S_21_12_20	phylum	Nucleocytoviricota	2732007	0.000366755245565157	0.0	3	0.0	57.0	relative abundance among classified reads only; relative values use clade reads at rank / classified reads.
S_21_12_20	phylum	Deferribacteres	200930	0.00036032094301138227	0.0	3	0.0	56.0	relative abundance among classified reads only; relative values use clade reads at rank / classified reads.
S_21_12_20	phylum	Chlamydiae	204428	0.00034745233790383295	0.0	3	0.0	54.0	relative abundance among classified reads only; relative values use clade reads at rank / classified reads.
S_21_12_20	phylum	Aquificae	200783	0.00024450349704343796	0.0	3	0.0	38.0	relative abundance among classified reads only; relative values use clade reads at rank / classified reads.
S_21_12_20	phylum	Chrysiogenetes	200938	0.00024450349704343796	0.0	3	0.0	38.0	relative abundance among classified reads only; relative values use clade reads at rank / classified reads.
S_21_12_20	phylum	Crenarchaeota	28889	0.00024450349704343796	0.0	3	0.0	38.0	relative abundance among classified reads only; relative values use clade reads at rank / classified reads.
S_21_12_20	phylum	Candidatus Thermoplasmatota	2283796	0.00019946337916701518	0.0	3	2.0	31.0	relative abundance among classified reads only; relative values use clade reads at rank / classified reads.
S_21_12_20	phylum	Balneolaeota	1936987	0.0001608575638443671	0.0	3	0.0	25.0	relative abundance among classified reads only; relative values use clade reads at rank / classified reads.
S_21_12_20	phylum	Armatimonadetes	67819	0.0001544232612905924	0.0	3	0.0	24.0	relative abundance among classified reads only; relative values use clade reads at rank / classified reads.
S_21_12_20	phylum	Candidatus Lokiarchaeota	1655434	0.0001544232612905924	0.0	3	0.0	24.0	relative abundance among classified reads only; relative values use clade reads at rank / classified reads.
S_21_12_20	phylum	Peploviricota	2731361	0.00012868605107549367	0.0	3	0.0	20.0	relative abundance among classified reads only; relative values use clade reads at rank / classified reads.
S_21_12_20	phylum	Candidatus Saccharibacteria	95818	0.0001158174459679443	0.0	3	8.0	18.0	relative abundance among classified reads only; relative values use clade reads at rank / classified reads.
S_21_12_20	phylum	Candidatus Cloacimonetes	456828	0.00010294884086039493	0.0	3	0.0	16.0	relative abundance among classified reads only; relative values use clade reads at rank / classified reads.
S_21_12_20	phylum	Candidatus Bipolaricaulota	67810	9.008023575284557e-05	0.0	3	0.0	14.0	relative abundance among classified reads only; relative values use clade reads at rank / classified reads.
S_21_12_20	phylum	Candidatus Omnitrophica	67812	9.008023575284557e-05	0.0	3	0.0	14.0	relative abundance among classified reads only; relative values use clade reads at rank / classified reads.
S_21_12_20	phylum	Atribacterota	67818	7.72116306452962e-05	0.0	3	0.0	12.0	relative abundance among classified reads only; relative values use clade reads at rank / classified reads.
S_21_12_20	phylum	Elusimicrobia	74152	7.72116306452962e-05	0.0	3	0.0	12.0	relative abundance among classified reads only; relative values use clade reads at rank / classified reads.
S_21_12_20	phylum	Fibrobacteres	65842	7.077732809152152e-05	0.0	3	0.0	11.0	relative abundance among classified reads only; relative values use clade reads at rank / classified reads.
S_21_12_20	phylum	Dictyoglomi	68297	6.434302553774683e-05	0.0	3	0.0	10.0	relative abundance among classified reads only; relative values use clade reads at rank / classified reads.
S_21_12_20	phylum	Caldiserica	67814	4.5040117876422784e-05	0.0	3	0.0	7.0	relative abundance among classified reads only; relative values use clade reads at rank / classified reads.
S_21_12_20	phylum	Candidatus Micrarchaeota	1801631	1.930290766132405e-05	0.0	3	1.0	3.0	relative abundance among classified reads only; relative values use clade reads at rank / classified reads.
S_21_12_20	phylum	Candidatus Nanohaloarchaeota	1462430	1.930290766132405e-05	0.0	3	0.0	3.0	relative abundance among classified reads only; relative values use clade reads at rank / classified reads.
S_21_12_20	phylum	Coprothermobacterota	2138240	1.930290766132405e-05	0.0	3	0.0	3.0	relative abundance among classified reads only; relative values use clade reads at rank / classified reads.
S_21_12_20	phylum	Candidatus Absconditabacteria	221235	1.2868605107549367e-05	0.0	3	0.0	2.0	relative abundance among classified reads only; relative values use clade reads at rank / classified reads.
S_21_12_20	phylum	Duplornaviricota	2732405	1.2868605107549367e-05	0.0	3	0.0	2.0	relative abundance among classified reads only; relative values use clade reads at rank / classified reads.
S_21_12_20	phylum	Pisuviricota	2732408	1.2868605107549367e-05	0.0	3	0.0	2.0	relative abundance among classified reads only; relative values use clade reads at rank / classified reads.
S_21_12_20	phylum	Preplasmiviricota	2732008	6.4343025537746834e-06	0.0	3	0.0	1.0	relative abundance among classified reads only; relative values use clade reads at rank / classified reads.
S_22_02_24	phylum	Proteobacteria	1224	0.6070094656959931	0.0006487123013286942	3	4115.333333333333	90411.0	relative abundance among classified reads only; relative values use clade reads at rank / classified reads.
S_22_02_24	phylum	Actinobacteria	201174	0.08788020330255181	0.0002550531888370119	3	99.0	13089.333333333334	relative abundance among classified reads only; relative values use clade reads at rank / classified reads.
S_22_02_24	phylum	Bacteroidetes	976	0.058990578166777635	0.0003848098231286793	3	275.6666666666667	8786.333333333334	relative abundance among classified reads only; relative values use clade reads at rank / classified reads.
S_22_02_24	phylum	Planctomycetes	203682	0.041420061657220404	0.00025317128348078594	3	22.333333333333332	6169.333333333333	relative abundance among classified reads only; relative values use clade reads at rank / classified reads.
S_22_02_24	phylum	Firmicutes	1239	0.03908610645449292	0.0001538455322776758	3	113.33333333333333	5821.666666666667	relative abundance among classified reads only; relative values use clade reads at rank / classified reads.
S_22_02_24	phylum	Chordata	7711	0.03618329962901728	0.00020251439765686633	3	0.0	5389.333333333333	relative abundance among classified reads only; relative values use clade reads at rank / classified reads.
S_22_02_24	phylum	Cyanobacteria	1117	0.026983005619225123	0.00019244429150217323	3	132.66666666666666	4019.0	relative abundance among classified reads only; relative values use clade reads at rank / classified reads.
S_22_02_24	phylum	Chloroflexi	200795	0.006948898376371232	0.00019924308240324557	3	10.666666666666666	1035.0	relative abundance among classified reads only; relative values use clade reads at rank / classified reads.
S_22_02_24	phylum	Acidobacteria	57723	0.005471890752163966	0.00015209750505578275	3	4.0	815.0	relative abundance among classified reads only; relative values use clade reads at rank / classified reads.
S_22_02_24	phylum	Euryarchaeota	28890	0.005064435417423075	0.0001783200569695011	3	2.0	754.3333333333334	relative abundance among classified reads only; relative values use clade reads at rank / classified reads.
S_22_02_24	phylum	Verrucomicrobia	74201	0.0035045923761749275	0.00010264540357322446	3	4.333333333333333	522.0	relative abundance among classified reads only; relative values use clade reads at rank / classified reads.
S_22_02_24	phylum	Deinococcus-Thermus	1297	0.003218201273519986	3.325775903244803e-05	3	0.0	479.3333333333333	relative abundance among classified reads only; relative values use clade reads at rank / classified reads.
S_22_02_24	phylum	Spirochaetes	203691	0.002933973752371056	2.7500855028219038e-05	3	0.0	437.0	relative abundance among classified reads only; relative values use clade reads at rank / classified reads.
S_22_02_24	phylum	Chlorobi	1090	0.0015666270752313861	0.00011027297587914837	3	0.0	233.33333333333334	relative abundance among classified reads only; relative values use clade reads at rank / classified reads.
S_22_02_24	phylum	Uroviricota	2731618	0.0013428303435100875	9.515987587279106e-05	3	0.0	200.0	relative abundance among classified reads only; relative values use clade reads at rank / classified reads.
S_22_02_24	phylum	Kiritimatiellaeota	134625	0.0011592576635781188	7.030893705034883e-05	3	0.0	172.66666666666666	relative abundance among classified reads only; relative values use clade reads at rank / classified reads.
S_22_02_24	phylum	Gemmatimonadetes	142182	0.0010518542674151146	6.230504635936206e-05	3	0.0	156.66666666666666	relative abundance among classified reads only; relative values use clade reads at rank / classified reads.
S_22_02_24	phylum	Nitrospirae	40117	0.001042905481357604	2.7966654565674913e-05	3	0.0	155.33333333333334	relative abundance among classified reads only; relative values use clade reads at rank / classified reads.
S_22_02_24	phylum	Ignavibacteriae	1134404	0.000794438220976937	6.55688550141684e-05	3	0.0	118.33333333333333	relative abundance among classified reads only; relative values use clade reads at rank / classified reads.
S_22_02_24	phylum	Tenericutes	544448	0.0007698543362704593	9.68264110452131e-06	3	1.0	114.66666666666667	relative abundance among classified reads only; relative values use clade reads at rank / classified reads.
S_22_02_24	phylum	Fusobacteria	32066	0.000763127946493484	4.813641481140509e-05	3	0.0	113.66666666666667	relative abundance among classified reads only; relative values use clade reads at rank / classified reads.
S_22_02_24	phylum	Thermotogae	200918	0.0006512713767540286	4.143094416077829e-05	3	0.0	97.0	relative abundance among classified reads only; relative values use clade reads at rank / classified reads.
S_22_02_24	phylum	Nucleocytoviricota	2732007	0.0006310628626807679	8.762888388112229e-05	3	0.0	94.0	relative abundance among classified reads only; relative values use clade reads at rank / classified reads.
S_22_02_24	phylum	Calditrichaeota	1930617	0.0005930714693295978	2.400812814470947e-05	3	0.0	88.33333333333333	relative abundance among classified reads only; relative values use clade reads at rank / classified reads.
S_22_02_24	phylum	Thermodesulfobacteria	200940	0.0005594553316130754	6.850549765785532e-05	3	0.0	83.33333333333333	relative abundance among classified reads only; relative values use clade reads at rank / classified reads.
S_22_02_24	phylum	Deferribacteres	200930	0.0005393536202296765	1.423574506676585e-05	3	0.0	80.33333333333333	relative abundance among classified reads only; relative values use clade reads at rank / classified reads.
S_22_02_24	phylum	Synergistetes	508458	0.00045430439733820964	3.4854496464921524e-06	3	0.0	67.66666666666667	relative abundance among classified reads only; relative values use clade reads at rank / classified reads.
S_22_02_24	phylum	Thaumarchaeota	651137	0.00035583741393571114	3.738289411182717e-05	3	1.3333333333333333	53.0	relative abundance among classified reads only; relative values use clade reads at rank / classified reads.
S_22_02_24	phylum	Chlamydiae	204428	0.0003379478469665087	4.4884512905947456e-05	3	0.0	50.333333333333336	relative abundance among classified reads only; relative values use clade reads at rank / classified reads.
S_22_02_24	phylum	Chrysiogenetes	200938	0.0003245124044361639	1.9568414661561533e-05	3	0.0	48.333333333333336	relative abundance among classified reads only; relative values use clade reads at rank / classified reads.
S_22_02_24	phylum	Crenarchaeota	28889	0.00030660385958953493	1.5588786360304675e-05	3	0.0	45.666666666666664	relative abundance among classified reads only; relative values use clade reads at rank / classified reads.
S_22_02_24	phylum	Aquificae	200783	0.0002640824302898008	2.5454643902222913e-05	3	0.0	39.333333333333336	relative abundance among classified reads only; relative values use clade reads at rank / classified reads.
S_22_02_24	phylum	Candidatus Thermoplasmatota	2283796	0.0002461821411686985	1.564667059845117e-05	3	1.0	36.666666666666664	relative abundance among classified reads only; relative values use clade reads at rank / classified reads.
S_22_02_24	phylum	Armatimonadetes	67819	0.00019247101164776765	1.5614475139121505e-05	3	0.0	28.666666666666668	relative abundance among classified reads only; relative values use clade reads at rank / classified reads.
S_22_02_24	phylum	Candidatus Lokiarchaeota	1655434	0.00018127588770569416	6.745780547614965e-06	3	0.0	27.0	relative abundance among classified reads only; relative values use clade reads at rank / classified reads.
S_22_02_24	phylum	Balneolaeota	1936987	0.00018126798726715934	3.068921934384685e-05	3	0.0	27.0	relative abundance among classified reads only; relative values use clade reads at rank / classified reads.
S_22_02_24	phylum	Candidatus Omnitrophica	67812	0.00015441949737267607	1.3684147416585572e-07	3	0.0	23.0	relative abundance among classified reads only; relative values use clade reads at rank / classified reads.
S_22_02_24	phylum	Candidatus Bipolaricaulota	67810	0.00010966540963478269	1.034367180324782e-05	3	0.0	16.333333333333332	relative abundance among classified reads only; relative values use clade reads at rank / classified reads.
S_22_02_24	phylum	Dictyoglomi	68297	9.17542730719267e-05	3.798715433723398e-06	3	0.0	13.666666666666666	relative abundance among classified reads only; relative values use clade reads at rank / classified reads.
S_22_02_24	phylum	Candidatus Cloacimonetes	456828	7.608416567132557e-05	1.6855888812924777e-05	3	0.0	11.333333333333334	relative abundance among classified reads only; relative values use clade reads at rank / classified reads.
S_22_02_24	phylum	Atribacterota	67818	7.385905238470936e-05	2.4224039142803077e-05	3	0.0	11.0	relative abundance among classified reads only; relative values use clade reads at rank / classified reads.
S_22_02_24	phylum	Candidatus Saccharibacteria	95818	7.384608351228952e-05	1.1570616939340668e-05	3	2.3333333333333335	11.0	relative abundance among classified reads only; relative values use clade reads at rank / classified reads.
S_22_02_24	phylum	Elusimicrobia	74152	7.160340320492931e-05	2.53641972197422e-05	3	0.0	10.666666666666666	relative abundance among classified reads only; relative values use clade reads at rank / classified reads.
S_22_02_24	phylum	Fibrobacteres	65842	6.714987434148622e-05	3.080830272417967e-05	3	0.0	10.0	relative abundance among classified reads only; relative values use clade reads at rank / classified reads.
S_22_02_24	phylum	Caldiserica	67814	4.700560905491013e-05	1.779339640716806e-05	3	0.0	7.0	relative abundance among classified reads only; relative values use clade reads at rank / classified reads.
S_22_02_24	phylum	Peploviricota	2731361	4.475620916855957e-05	7.723377149756404e-06	3	0.0	6.666666666666667	relative abundance among classified reads only; relative values use clade reads at rank / classified reads.
S_22_02_24	phylum	Coprothermobacterota	2138240	2.6852617757246568e-05	6.698521600514467e-06	3	0.0	4.0	relative abundance among classified reads only; relative values use clade reads at rank / classified reads.
S_22_02_24	phylum	Candidatus Absconditabacteria	221235	2.4615361170763175e-05	3.856872313113558e-06	3	0.0	3.6666666666666665	relative abundance among classified reads only; relative values use clade reads at rank / classified reads.
S_22_02_24	phylum	Cossaviricota	2732415	1.790146998064682e-05	3.862690244889651e-06	3	0.0	2.6666666666666665	relative abundance among classified reads only; relative values use clade reads at rank / classified reads.
S_22_02_24	phylum	Candidatus Nanohaloarchaeota	1462430	1.1191351366301975e-05	3.881586438775048e-06	3	0.0	1.6666666666666667	relative abundance among classified reads only; relative values use clade reads at rank / classified reads.
S_22_02_24	phylum	Pisuviricota	2732408	6.7161902642784346e-06	6.251537880664198e-09	2	0.0	1.0	relative abundance among classified reads only; relative values use clade reads at rank / classified reads.
S_22_02_24	phylum	Kitrinoviricota	2732406	6.713891190116352e-06	5.949629311558628e-09	3	0.0	1.0	relative abundance among classified reads only; relative values use clade reads at rank / classified reads.
S_22_02_24	phylum	Candidatus Korarchaeota	51967	6.710531400621179e-06	1.7513038510456923e-09	2	0.0	1.0	relative abundance among classified reads only; relative values use clade reads at rank / classified reads.
S_22_02_24	phylum	Candidatus Micrarchaeota	1801631	6.709293041792187e-06		1	0.0	1.0	relative abundance among classified reads only; relative values use clade reads at rank / classified reads.
S_22_04_28	phylum	Proteobacteria	1224	0.5998289225514519	0.0006367324846918784	3	3140.6666666666665	69713.66666666667	relative abundance among classified reads only; relative values use clade reads at rank / classified reads.
S_22_04_28	phylum	Actinobacteria	201174	0.10253009436532957	0.0007348703096784406	3	104.0	11916.333333333334	relative abundance among classified reads only; relative values use clade reads at rank / classified reads.
S_22_04_28	phylum	Chordata	7711	0.050165284590405056	0.0005145951067925024	3	0.0	5830.333333333333	relative abundance among classified reads only; relative values use clade reads at rank / classified reads.
S_22_04_28	phylum	Bacteroidetes	976	0.04870573829597821	0.0003867881353411814	3	151.66666666666666	5660.666666666667	relative abundance among classified reads only; relative values use clade reads at rank / classified reads.
S_22_04_28	phylum	Cyanobacteria	1117	0.04084917926447603	0.0003387211627196888	3	192.66666666666666	4747.666666666667	relative abundance among classified reads only; relative values use clade reads at rank / classified reads.
S_22_04_28	phylum	Firmicutes	1239	0.033900061878018195	0.00030600165837619083	3	53.333333333333336	3940.0	relative abundance among classified reads only; relative values use clade reads at rank / classified reads.
S_22_04_28	phylum	Planctomycetes	203682	0.027074360533980407	0.00020603061567626578	3	11.333333333333334	3146.6666666666665	relative abundance among classified reads only; relative values use clade reads at rank / classified reads.
S_22_04_28	phylum	Chloroflexi	200795	0.006232676956019849	0.00024363110559905105	3	8.333333333333334	724.3333333333334	relative abundance among classified reads only; relative values use clade reads at rank / classified reads.
S_22_04_28	phylum	Euryarchaeota	28890	0.005704710954539792	9.075541144473802e-05	3	3.0	663.0	relative abundance among classified reads only; relative values use clade reads at rank / classified reads.
S_22_04_28	phylum	Acidobacteria	57723	0.004640628660259337	0.00012273453701257346	3	2.3333333333333335	539.3333333333334	relative abundance among classified reads only; relative values use clade reads at rank / classified reads.
S_22_04_28	phylum	Deinococcus-Thermus	1297	0.0035042824581482455	0.0003088079925994079	3	0.0	407.3333333333333	relative abundance among classified reads only; relative values use clade reads at rank / classified reads.
S_22_04_28	phylum	Verrucomicrobia	74201	0.002718866948930395	3.0526217831747905e-05	3	0.6666666666666666	316.0	relative abundance among classified reads only; relative values use clade reads at rank / classified reads.
S_22_04_28	phylum	Spirochaetes	203691	0.00256388699149976	0.00021555465180444914	3	0.0	298.0	relative abundance among classified reads only; relative values use clade reads at rank / classified reads.
S_22_04_28	phylum	Chlorobi	1090	0.0012476453385028678	3.319686760454106e-05	3	0.0	145.0	relative abundance among classified reads only; relative values use clade reads at rank / classified reads.
S_22_04_28	phylum	Gemmatimonadetes	142182	0.001138620073112903	5.602091436103846e-05	3	0.0	132.33333333333334	relative abundance among classified reads only; relative values use clade reads at rank / classified reads.
S_22_04_28	phylum	Tenericutes	544448	0.0009493394306125096	6.136211774304552e-05	3	2.3333333333333335	110.33333333333333	relative abundance among classified reads only; relative values use clade reads at rank / classified reads.
S_22_04_28	phylum	Nitrospirae	40117	0.0008919976986625182	4.9797083255426897e-05	3	0.0	103.66666666666667	relative abundance among classified reads only; relative values use clade reads at rank / classified reads.
S_22_04_28	phylum	Fusobacteria	32066	0.0007255389153506283	4.8557669895800306e-05	3	0.0	84.33333333333333	relative abundance among classified reads only; relative values use clade reads at rank / classified reads.
S_22_04_28	phylum	Thermotogae	200918	0.0007082366098310255	0.00010430496828141694	3	0.0	82.33333333333333	relative abundance among classified reads only; relative values use clade reads at rank / classified reads.
S_22_04_28	phylum	Kiritimatiellaeota	134625	0.0006825245311827764	0.0001249309287019601	3	0.0	79.33333333333333	relative abundance among classified reads only; relative values use clade reads at rank / classified reads.
S_22_04_28	phylum	Ignavibacteriae	1134404	0.0005564131900329984	8.198639979579697e-05	3	0.0	64.66666666666667	relative abundance among classified reads only; relative values use clade reads at rank / classified reads.
S_22_04_28	phylum	Uroviricota	2731618	0.0005278091714882295	5.7147945216817326e-05	3	0.0	61.333333333333336	relative abundance among classified reads only; relative values use clade reads at rank / classified reads.
S_22_04_28	phylum	Calditrichaeota	1930617	0.000524858103435697	8.831400466047699e-06	3	0.0	61.0	relative abundance among classified reads only; relative values use clade reads at rank / classified reads.
S_22_04_28	phylum	Nucleocytoviricota	2732007	0.0005134228012149063	6.27775989219892e-05	3	0.0	59.666666666666664	relative abundance among classified reads only; relative values use clade reads at rank / classified reads.
S_22_04_28	phylum	Thermodesulfobacteria	200940	0.0004876221661386127	7.012614806584101e-05	3	0.0	56.666666666666664	relative abundance among classified reads only; relative values use clade reads at rank / classified reads.
S_22_04_28	phylum	Synergistetes	508458	0.0004274435326858381	6.553647484821156e-05	3	0.0	49.666666666666664	relative abundance among classified reads only; relative values use clade reads at rank / classified reads.
S_22_04_28	phylum	Thaumarchaeota	651137	0.00041310429289364783	6.1197774535077e-05	3	1.3333333333333333	48.0	relative abundance among classified reads only; relative values use clade reads at rank / classified reads.
S_22_04_28	phylum	Chlamydiae	204428	0.0003614322741869465	4.620773559982138e-05	3	0.0	42.0	relative abundance among classified reads only; relative values use clade reads at rank / classified reads.
S_22_04_28	phylum	Deferribacteres	200930	0.00033846606562310433	3.530202217352234e-05	3	0.0	39.333333333333336	relative abundance among classified reads only; relative values use clade reads at rank / classified reads.
S_22_04_28	phylum	Crenarchaeota	28889	0.0002954665313972431	3.3282092844448056e-05	3	0.0	34.333333333333336	relative abundance among classified reads only; relative values use clade reads at rank / classified reads.
S_22_04_28	phylum	Chrysiogenetes	200938	0.0002696369509905259	3.625578689634728e-05	3	0.0	31.333333333333332	relative abundance among classified reads only; relative values use clade reads at rank / classified reads.
S_22_04_28	phylum	Candidatus Thermoplasmatota	2283796	0.00025538207219927435	7.3728332666028e-05	3	0.3333333333333333	29.666666666666668	relative abundance among classified reads only; relative values use clade reads at rank / classified reads.
S_22_04_28	phylum	Aquificae	200783	0.00023810871201009517	3.5327139527522974e-05	3	0.0	27.666666666666668	relative abundance among classified reads only; relative values use clade reads at rank / classified reads.
S_22_04_28	phylum	Peploviricota	2731361	0.00022654886033662014	3.95248013218556e-05	3	0.0	26.333333333333332	relative abundance among classified reads only; relative values use clade reads at rank / classified reads.
S_22_04_28	phylum	Balneolaeota	1936987	0.00022372271901355094	9.117924561498183e-06	3	0.0	26.0	relative abundance among classified reads only; relative values use clade reads at rank / classified reads.
S_22_04_28	phylum	Candidatus Lokiarchaeota	1655434	0.00020651553467460103	1.5221901634133056e-05	3	0.0	24.0	relative abundance among classified reads only; relative values use clade reads at rank / classified reads.
S_22_04_28	phylum	Armatimonadetes	67819	0.00014616446673445128	7.317003910307603e-05	3	0.0	17.0	relative abundance among classified reads only; relative values use clade reads at rank / classified reads.
S_22_04_28	phylum	Dictyoglomi	68297	8.895347171297378e-05	2.6477701765662685e-05	3	0.0	10.333333333333334	relative abundance among classified reads only; relative values use clade reads at rank / classified reads.
S_22_04_28	phylum	Candidatus Saccharibacteria	95818	8.89030060231221e-05	9.847628975441125e-06	3	3.3333333333333335	10.333333333333334	relative abundance among classified reads only; relative values use clade reads at rank / classified reads.
S_22_04_28	phylum	Candidatus Omnitrophica	67812	8.030498258189368e-05	5.1935341253814937e-05	3	0.0	9.333333333333334	relative abundance among classified reads only; relative values use clade reads at rank / classified reads.
S_22_04_28	phylum	Candidatus Cloacimonetes	456828	7.455548104154959e-05	1.9803232782375424e-05	3	0.0	8.666666666666666	relative abundance among classified reads only; relative values use clade reads at rank / classified reads.
S_22_04_28	phylum	Candidatus Bipolaricaulota	67810	6.88804405408171e-05	3.9538816746801796e-05	3	0.0	8.0	relative abundance among classified reads only; relative values use clade reads at rank / classified reads.
S_22_04_28	phylum	Elusimicrobia	74152	6.023195140973699e-05	1.7247345859851706e-05	3	0.3333333333333333	7.0	relative abundance among classified reads only; relative values use clade reads at rank / classified reads.
S_22_04_28	phylum	Atribacterota	67818	5.4495685039438755e-05	1.3175683338089959e-05	3	0.0	6.333333333333333	relative abundance among classified reads only; relative values use clade reads at rank / classified reads.
S_22_04_28	phylum	Cossaviricota	2732415	4.874161079521002e-05	1.3052501244330469e-05	3	0.0	5.666666666666667	relative abundance among classified reads only; relative values use clade reads at rank / classified reads.
S_22_04_28	phylum	Caldiserica	67814	3.7292213185986545e-05	2.1704018972675892e-05	3	0.0	4.333333333333333	relative abundance among classified reads only; relative values use clade reads at rank / classified reads.
S_22_04_28	phylum	Fibrobacteres	65842	3.155842180602009e-05	9.98974555394443e-06	3	0.0	3.6666666666666665	relative abundance among classified reads only; relative values use clade reads at rank / classified reads.
S_22_04_28	phylum	Pisuviricota	2732408	2.578739990624782e-05	1.4815521793659768e-05	3	0.0	3.0	relative abundance among classified reads only; relative values use clade reads at rank / classified reads.
S_22_04_28	phylum	Preplasmiviricota	2732008	2.2926503053704582e-05	1.3094835987033508e-05	3	0.0	2.6666666666666665	relative abundance among classified reads only; relative values use clade reads at rank / classified reads.
S_22_04_28	phylum	Candidatus Absconditabacteria	221235	1.2924312887906792e-05	6.089079358583106e-06	2	0.0	1.5	relative abundance among classified reads only; relative values use clade reads at rank / classified reads.
S_22_04_28	phylum	Candidatus Micrarchaeota	1801631	8.618683582269645e-06		1	1.0	1.0	relative abundance among classified reads only; relative values use clade reads at rank / classified reads.
S_22_04_28	phylum	Coprothermobacterota	2138240	8.604210917057886e-06	2.1930982295173483e-08	3	0.0	1.0	relative abundance among classified reads only; relative values use clade reads at rank / classified reads.
S_22_04_28	phylum	Candidatus Korarchaeota	51967	8.596974584452008e-06	2.54509117983038e-08	2	0.0	1.0	relative abundance among classified reads only; relative values use clade reads at rank / classified reads.
S_22_04_28	phylum	Candidatus Nanohaloarchaeota	1462430	8.578978072132047e-06		1	0.0	1.0	relative abundance among classified reads only; relative values use clade reads at rank / classified reads.
S_22_04_28	phylum	Kitrinoviricota	2732406	8.578978072132047e-06		1	0.0	1.0	relative abundance among classified reads only; relative values use clade reads at rank / classified reads.
S_22_06_29	phylum	Proteobacteria	1224	0.5033217997617258	0.0006192988393856631	3	3538.3333333333335	73155.66666666667	relative abundance among classified reads only; relative values use clade reads at rank / classified reads.
S_22_06_29	phylum	Chordata	7711	0.10313135836244768	0.0011912506459592592	3	0.0	14989.666666666666	relative abundance among classified reads only; relative values use clade reads at rank / classified reads.
S_22_06_29	phylum	Actinobacteria	201174	0.10000984450507495	5.028835785829556e-05	3	86.33333333333333	14536.0	relative abundance among classified reads only; relative values use clade reads at rank / classified reads.
S_22_06_29	phylum	Planctomycetes	203682	0.04852572093710392	0.0002580077908736855	3	32.0	7053.0	relative abundance among classified reads only; relative values use clade reads at rank / classified reads.
S_22_06_29	phylum	Bacteroidetes	976	0.04823211867775809	0.0002576285821970916	3	228.33333333333334	7010.333333333333	relative abundance among classified reads only; relative values use clade reads at rank / classified reads.
S_22_06_29	phylum	Firmicutes	1239	0.034297603987474674	0.00021336722105461727	3	87.33333333333333	4985.0	relative abundance among classified reads only; relative values use clade reads at rank / classified reads.
S_22_06_29	phylum	Cyanobacteria	1117	0.01189808802392791	8.836292616590305e-05	3	65.0	1729.3333333333333	relative abundance among classified reads only; relative values use clade reads at rank / classified reads.
S_22_06_29	phylum	Chloroflexi	200795	0.007150698943642047	0.00022719214733127408	3	10.0	1039.3333333333333	relative abundance among classified reads only; relative values use clade reads at rank / classified reads.
S_22_06_29	phylum	Thaumarchaeota	651137	0.0066600017421927825	0.00010289486074318762	3	4.0	968.0	relative abundance among classified reads only; relative values use clade reads at rank / classified reads.
S_22_06_29	phylum	Acidobacteria	57723	0.006265589170402809	0.000193094139056127	3	3.3333333333333335	910.6666666666666	relative abundance among classified reads only; relative values use clade reads at rank / classified reads.
S_22_06_29	phylum	Euryarchaeota	28890	0.005825204355084408	8.592807687777289e-05	3	2.0	846.6666666666666	relative abundance among classified reads only; relative values use clade reads at rank / classified reads.
S_22_06_29	phylum	Verrucomicrobia	74201	0.004490361525761092	0.0002543870858820796	3	5.666666666666667	652.6666666666666	relative abundance among classified reads only; relative values use clade reads at rank / classified reads.
S_22_06_29	phylum	Deinococcus-Thermus	1297	0.003589175503751742	9.930068260548128e-05	3	0.0	521.6666666666666	relative abundance among classified reads only; relative values use clade reads at rank / classified reads.
S_22_06_29	phylum	Spirochaetes	203691	0.002619041502623353	9.96533285272327e-05	3	0.0	380.6666666666667	relative abundance among classified reads only; relative values use clade reads at rank / classified reads.
S_22_06_29	phylum	Uroviricota	2731618	0.0022429438714448476	4.411692682800023e-05	3	0.0	326.0	relative abundance among classified reads only; relative values use clade reads at rank / classified reads.
S_22_06_29	phylum	Gemmatimonadetes	142182	0.001878297999696203	5.057365399049074e-05	3	0.0	273.0	relative abundance among classified reads only; relative values use clade reads at rank / classified reads.
S_22_06_29	phylum	Nucleocytoviricota	2732007	0.0014884000107313784	2.8179483479295315e-05	3	1.0	216.33333333333334	relative abundance among classified reads only; relative values use clade reads at rank / classified reads.
S_22_06_29	phylum	Chlorobi	1090	0.0012911610463428142	6.350711825567134e-05	3	0.0	187.66666666666666	relative abundance among classified reads only; relative values use clade reads at rank / classified reads.
S_22_06_29	phylum	Kiritimatiellaeota	134625	0.001240727697164023	2.471509730236903e-05	3	2.0	180.33333333333334	relative abundance among classified reads only; relative values use clade reads at rank / classified reads.
S_22_06_29	phylum	Nitrospirae	40117	0.001071014139003671	8.4972049747685e-05	3	0.0	155.66666666666666	relative abundance among classified reads only; relative values use clade reads at rank / classified reads.
S_22_06_29	phylum	Tenericutes	544448	0.0008095636065865258	4.473061644856442e-05	3	0.6666666666666666	117.66666666666667	relative abundance among classified reads only; relative values use clade reads at rank / classified reads.
S_22_06_29	phylum	Thermotogae	200918	0.0006994945377383706	3.946792172947273e-05	3	0.0	101.66666666666667	relative abundance among classified reads only; relative values use clade reads at rank / classified reads.
S_22_06_29	phylum	Fusobacteria	32066	0.0006651016574445776	6.426249787161777e-05	3	0.0	96.66666666666667	relative abundance among classified reads only; relative values use clade reads at rank / classified reads.
S_22_06_29	phylum	Chlamydiae	204428	0.00046096440650595256	2.0452517925125937e-05	3	0.0	67.0	relative abundance among classified reads only; relative values use clade reads at rank / classified reads.
S_22_06_29	phylum	Synergistetes	508458	0.00042658536859163074	4.838753699778307e-05	3	0.0	62.0	relative abundance among classified reads only; relative values use clade reads at rank / classified reads.
S_22_06_29	phylum	Ignavibacteriae	1134404	0.000426555300847814	4.164746493252771e-05	3	0.0	62.0	relative abundance among classified reads only; relative values use clade reads at rank / classified reads.
S_22_06_29	phylum	Thermodesulfobacteria	200940	0.0003852984946317507	3.0191871260495203e-05	3	0.0	56.0	relative abundance among classified reads only; relative values use clade reads at rank / classified reads.
S_22_06_29	phylum	Deferribacteres	200930	0.00037383269139153267	3.549239542052565e-05	3	0.0	54.333333333333336	relative abundance among classified reads only; relative values use clade reads at rank / classified reads.
S_22_06_29	phylum	Calditrichaeota	1930617	0.00033252267965557187	5.836790920581252e-05	3	0.0	48.333333333333336	relative abundance among classified reads only; relative values use clade reads at rank / classified reads.
S_22_06_29	phylum	Aquificae	200783	0.0002981366942175136	4.6791343997319636e-05	3	0.0	43.333333333333336	relative abundance among classified reads only; relative values use clade reads at rank / classified reads.
S_22_06_29	phylum	Crenarchaeota	28889	0.0002774836158046333	5.1517040018165744e-05	3	0.0	40.333333333333336	relative abundance among classified reads only; relative values use clade reads at rank / classified reads.
S_22_06_29	phylum	Candidatus Thermoplasmatota	2283796	0.00024309215476816439	2.0911341747997767e-05	3	0.0	35.333333333333336	relative abundance among classified reads only; relative values use clade reads at rank / classified reads.
S_22_06_29	phylum	Chrysiogenetes	200938	0.0002339280173715829	3.642648512440736e-05	3	0.0	34.0	relative abundance among classified reads only; relative values use clade reads at rank / classified reads.
S_22_06_29	phylum	Armatimonadetes	67819	0.00022016078483061562	1.1807877670285948e-05	3	0.0	32.0	relative abundance among classified reads only; relative values use clade reads at rank / classified reads.
S_22_06_29	phylum	Balneolaeota	1936987	0.00014677982279392963	1.0580620669100232e-05	3	0.0	21.333333333333332	relative abundance among classified reads only; relative values use clade reads at rank / classified reads.
S_22_06_29	phylum	Candidatus Bipolaricaulota	67810	0.00012155300735181808	3.3952860071132975e-05	3	0.0	17.666666666666668	relative abundance among classified reads only; relative values use clade reads at rank / classified reads.
S_22_06_29	phylum	Peploviricota	2731361	0.00012155013372516857	4.008360156757236e-06	3	0.0	17.666666666666668	relative abundance among classified reads only; relative values use clade reads at rank / classified reads.
S_22_06_29	phylum	Elusimicrobia	74152	0.00011008456702783786	6.932547814285636e-06	3	0.0	16.0	relative abundance among classified reads only; relative values use clade reads at rank / classified reads.
S_22_06_29	phylum	Candidatus Lokiarchaeota	1655434	0.00010549223920538753	2.208693205502729e-05	3	0.0	15.333333333333334	relative abundance among classified reads only; relative values use clade reads at rank / classified reads.
S_22_06_29	phylum	Cossaviricota	2732415	8.256539869469987e-05	1.822736129885457e-05	3	0.0	12.0	relative abundance among classified reads only; relative values use clade reads at rank / classified reads.
S_22_06_29	phylum	Atribacterota	67818	8.026540620727544e-05	1.4297034182533627e-05	3	0.0	11.666666666666666	relative abundance among classified reads only; relative values use clade reads at rank / classified reads.
S_22_06_29	phylum	Candidatus Cloacimonetes	456828	8.026516966438807e-05	1.0474873110511714e-05	3	0.0	11.666666666666666	relative abundance among classified reads only; relative values use clade reads at rank / classified reads.
S_22_06_29	phylum	Candidatus Omnitrophica	67812	7.109433884295805e-05	3.956930385283694e-06	3	0.0	10.333333333333334	relative abundance among classified reads only; relative values use clade reads at rank / classified reads.
S_22_06_29	phylum	Fibrobacteres	65842	5.733594616882619e-05	4.002703288894316e-06	3	0.0	8.333333333333334	relative abundance among classified reads only; relative values use clade reads at rank / classified reads.
S_22_06_29	phylum	Candidatus Saccharibacteria	95818	5.0453884983111e-05	3.961211017222137e-06	3	1.0	7.333333333333333	relative abundance among classified reads only; relative values use clade reads at rank / classified reads.
S_22_06_29	phylum	Negarnaviricota	2497569	2.293304329376088e-05	3.964699519619281e-06	3	0.0	3.3333333333333335	relative abundance among classified reads only; relative values use clade reads at rank / classified reads.
S_22_06_29	phylum	Dictyoglomi	68297	2.2929460038449253e-05	1.7307941587815993e-05	3	0.0	3.3333333333333335	relative abundance among classified reads only; relative values use clade reads at rank / classified reads.
S_22_06_29	phylum	Caldiserica	67814	2.0638543960747564e-05	6.8727497307428505e-06	3	0.0	3.0	relative abundance among classified reads only; relative values use clade reads at rank / classified reads.
S_22_06_29	phylum	Coprothermobacterota	2138240	2.0638543960747564e-05	6.8727497307428505e-06	3	0.0	3.0	relative abundance among classified reads only; relative values use clade reads at rank / classified reads.
S_22_06_29	phylum	Candidatus Micrarchaeota	1801631	1.605480190624469e-05	7.946935546376662e-06	3	2.0	2.3333333333333335	relative abundance among classified reads only; relative values use clade reads at rank / classified reads.
S_22_06_29	phylum	Candidatus Absconditabacteria	221235	1.605312855003256e-05	3.968397971148454e-06	3	0.0	2.3333333333333335	relative abundance among classified reads only; relative values use clade reads at rank / classified reads.
S_22_06_29	phylum	Pisuviricota	2732408	6.881342779052806e-06	4.05150781390943e-09	2	0.0	1.0	relative abundance among classified reads only; relative values use clade reads at rank / classified reads.
S_22_06_29	phylum	Duplornaviricota	2732405	6.880151286615687e-06	3.5307676879420595e-09	3	0.0	1.0	relative abundance among classified reads only; relative values use clade reads at rank / classified reads.
S_22_06_29	phylum	Candidatus Nanohaloarchaeota	1462430	6.87847793040356e-06		1	0.0	1.0	relative abundance among classified reads only; relative values use clade reads at rank / classified reads.
S_22_06_29	phylum	Kitrinoviricota	2732406	6.878123116072505e-06	5.017832391020348e-10	2	0.0	1.0	relative abundance among classified reads only; relative values use clade reads at rank / classified reads.
S_22_09_09	phylum	Proteobacteria	1224	0.5546549858938987	0.001106544232880577	3	3113.3333333333335	74624.66666666667	relative abundance among classified reads only; relative values use clade reads at rank / classified reads.
S_22_09_09	phylum	Bacteroidetes	976	0.08021196026106633	0.00060693566803562	3	335.6666666666667	10792.0	relative abundance among classified reads only; relative values use clade reads at rank / classified reads.
S_22_09_09	phylum	Actinobacteria	201174	0.07961820811251692	0.0008172765472681903	3	68.0	10712.0	relative abundance among classified reads only; relative values use clade reads at rank / classified reads.
S_22_09_09	phylum	Cyanobacteria	1117	0.05896302873005841	0.00023977974920921967	3	369.6666666666667	7933.0	relative abundance among classified reads only; relative values use clade reads at rank / classified reads.
S_22_09_09	phylum	Chordata	7711	0.05215459221641456	9.3096861590509e-05	3	0.0	7017.0	relative abundance among classified reads only; relative values use clade reads at rank / classified reads.
S_22_09_09	phylum	Firmicutes	1239	0.040064210893724535	0.0001557879108520718	3	94.66666666666667	5390.333333333333	relative abundance among classified reads only; relative values use clade reads at rank / classified reads.
S_22_09_09	phylum	Planctomycetes	203682	0.03444712223588131	0.0004966982716215084	3	18.666666666666668	4634.666666666667	relative abundance among classified reads only; relative values use clade reads at rank / classified reads.
S_22_09_09	phylum	Euryarchaeota	28890	0.004853268222261534	0.00015080623136727882	3	4.0	653.0	relative abundance among classified reads only; relative values use clade reads at rank / classified reads.
S_22_09_09	phylum	Chloroflexi	200795	0.0045387659154739225	4.705104035912942e-05	3	5.0	610.6666666666666	relative abundance among classified reads only; relative values use clade reads at rank / classified reads.
S_22_09_09	phylum	Acidobacteria	57723	0.0040604023378945555	0.00018748580302050186	3	1.3333333333333333	546.3333333333334	relative abundance among classified reads only; relative values use clade reads at rank / classified reads.
S_22_09_09	phylum	Verrucomicrobia	74201	0.0036443022329925596	0.00011256684461673584	3	2.0	490.3333333333333	relative abundance among classified reads only; relative values use clade reads at rank / classified reads.
S_22_09_09	phylum	Spirochaetes	203691	0.003265308868203255	7.527227218361955e-05	3	0.0	439.3333333333333	relative abundance among classified reads only; relative values use clade reads at rank / classified reads.
S_22_09_09	phylum	Deinococcus-Thermus	1297	0.002546879482068196	5.6093794445337864e-05	3	0.0	342.6666666666667	relative abundance among classified reads only; relative values use clade reads at rank / classified reads.
S_22_09_09	phylum	Tenericutes	544448	0.0014222201235029443	8.446128117672209e-05	3	1.6666666666666667	191.33333333333334	relative abundance among classified reads only; relative values use clade reads at rank / classified reads.
S_22_09_09	phylum	Chlorobi	1090	0.0013254553832888823	4.738865590378699e-05	3	0.0	178.33333333333334	relative abundance among classified reads only; relative values use clade reads at rank / classified reads.
S_22_09_09	phylum	Kiritimatiellaeota	134625	0.0012487281022826393	8.302672767316016e-05	3	1.0	168.0	relative abundance among classified reads only; relative values use clade reads at rank / classified reads.
S_22_09_09	phylum	Gemmatimonadetes	142182	0.0011124527967224485	3.218425819492832e-05	3	0.0	149.66666666666666	relative abundance among classified reads only; relative values use clade reads at rank / classified reads.
S_22_09_09	phylum	Fusobacteria	32066	0.0010505442795190048	6.358043913679534e-05	3	0.0	141.33333333333334	relative abundance among classified reads only; relative values use clade reads at rank / classified reads.
S_22_09_09	phylum	Uroviricota	2731618	0.0009043380133656036	5.326140006197067e-05	3	0.0	121.66666666666667	relative abundance among classified reads only; relative values use clade reads at rank / classified reads.
S_22_09_09	phylum	Thermotogae	200918	0.0008077401463780005	5.8999237133088456e-05	3	0.0	108.66666666666667	relative abundance among classified reads only; relative values use clade reads at rank / classified reads.
S_22_09_09	phylum	Thaumarchaeota	651137	0.0008076036872122451	5.1067836451904835e-05	3	1.6666666666666667	108.66666666666667	relative abundance among classified reads only; relative values use clade reads at rank / classified reads.
S_22_09_09	phylum	Ignavibacteriae	1134404	0.0007878988429565969	5.7091476633708514e-05	3	0.0	106.0	relative abundance among classified reads only; relative values use clade reads at rank / classified reads.
S_22_09_09	phylum	Nitrospirae	40117	0.0007532214971537549	4.4292316509337784e-05	3	0.0	101.33333333333333	relative abundance among classified reads only; relative values use clade reads at rank / classified reads.
S_22_09_09	phylum	Nucleocytoviricota	2732007	0.0005352040148946337	4.6157421556384125e-05	3	0.0	72.0	relative abundance among classified reads only; relative values use clade reads at rank / classified reads.
S_22_09_09	phylum	Deferribacteres	200930	0.0005177983502381834	5.570995538968226e-05	3	0.0	69.66666666666667	relative abundance among classified reads only; relative values use clade reads at rank / classified reads.
S_22_09_09	phylum	Calditrichaeota	1930617	0.00046085671280215724	3.473502558364567e-05	3	0.0	62.0	relative abundance among classified reads only; relative values use clade reads at rank / classified reads.
S_22_09_09	phylum	Chlamydiae	204428	0.00041374494216568327	2.998062694174533e-05	3	0.0	55.666666666666664	relative abundance among classified reads only; relative values use clade reads at rank / classified reads.
S_22_09_09	phylum	Thermodesulfobacteria	200940	0.0004013334491098016	5.326540931595152e-05	3	0.0	54.0	relative abundance among classified reads only; relative values use clade reads at rank / classified reads.
S_22_09_09	phylum	Synergistetes	508458	0.0003393736321105718	5.016592802976552e-05	3	0.0	45.666666666666664	relative abundance among classified reads only; relative values use clade reads at rank / classified reads.
S_22_09_09	phylum	Aquificae	200783	0.0002625406292852043	5.624553731629458e-05	3	0.0	35.333333333333336	relative abundance among classified reads only; relative values use clade reads at rank / classified reads.
S_22_09_09	phylum	Chrysiogenetes	200938	0.0002477767724346348	3.381491565000643e-05	3	0.0	33.333333333333336	relative abundance among classified reads only; relative values use clade reads at rank / classified reads.
S_22_09_09	phylum	Crenarchaeota	28889	0.00021805085690441297	4.1206717946297964e-05	3	0.0	29.333333333333332	relative abundance among classified reads only; relative values use clade reads at rank / classified reads.
S_22_09_09	phylum	Candidatus Thermoplasmatota	2283796	0.00021800843886239215	3.4976468483334244e-05	3	0.6666666666666666	29.333333333333332	relative abundance among classified reads only; relative values use clade reads at rank / classified reads.
S_22_09_09	phylum	Candidatus Lokiarchaeota	1655434	0.0001610197000430167	1.6899818775634436e-05	3	0.0	21.666666666666668	relative abundance among classified reads only; relative values use clade reads at rank / classified reads.
S_22_09_09	phylum	Balneolaeota	1936987	0.00014621810849175477	3.122936311742404e-05	3	0.0	19.666666666666668	relative abundance among classified reads only; relative values use clade reads at rank / classified reads.
S_22_09_09	phylum	Armatimonadetes	67819	0.00013377324079058138	2.6682258896757026e-05	3	0.0	18.0	relative abundance among classified reads only; relative values use clade reads at rank / classified reads.
S_22_09_09	phylum	Candidatus Cloacimonetes	456828	0.0001213634704914397	2.793043106260562e-05	3	0.0	16.333333333333332	relative abundance among classified reads only; relative values use clade reads at rank / classified reads.
S_22_09_09	phylum	Candidatus Omnitrophica	67812	0.00010156630786879686	1.858731971802261e-05	3	0.0	13.666666666666666	relative abundance among classified reads only; relative values use clade reads at rank / classified reads.
S_22_09_09	phylum	Candidatus Saccharibacteria	95818	8.675427344999354e-05	3.823274411147353e-05	3	3.6666666666666665	11.666666666666666	relative abundance among classified reads only; relative values use clade reads at rank / classified reads.
S_22_09_09	phylum	Dictyoglomi	68297	8.422615467508167e-05	8.443417979828854e-06	3	0.0	11.333333333333334	relative abundance among classified reads only; relative values use clade reads at rank / classified reads.
S_22_09_09	phylum	Peploviricota	2731361	8.179207702390438e-05	2.5877528931181108e-05	3	0.0	11.0	relative abundance among classified reads only; relative values use clade reads at rank / classified reads.
S_22_09_09	phylum	Atribacterota	67818	6.689348376431941e-05	1.4367704523439175e-07	3	0.0	9.0	relative abundance among classified reads only; relative values use clade reads at rank / classified reads.
S_22_09_09	phylum	Elusimicrobia	74152	6.194049237792319e-05	1.7178305796952543e-05	3	0.0	8.333333333333334	relative abundance among classified reads only; relative values use clade reads at rank / classified reads.
S_22_09_09	phylum	Candidatus Bipolaricaulota	67810	5.94593133433967e-05	1.2864989771357138e-05	3	0.0	8.0	relative abundance among classified reads only; relative values use clade reads at rank / classified reads.
S_22_09_09	phylum	Fibrobacteres	65842	5.699950497284446e-05	1.1468925802074075e-05	3	0.0	7.666666666666667	relative abundance among classified reads only; relative values use clade reads at rank / classified reads.
S_22_09_09	phylum	Caldiserica	67814	4.958514410211986e-05	3.0988820158462644e-05	3	0.0	6.666666666666667	relative abundance among classified reads only; relative values use clade reads at rank / classified reads.
S_22_09_09	phylum	Candidatus Absconditabacteria	221235	1.9804644905595813e-05	1.131665311643476e-05	3	0.0	2.6666666666666665	relative abundance among classified reads only; relative values use clade reads at rank / classified reads.
S_22_09_09	phylum	Negarnaviricota	2497569	1.732658809862157e-05	1.1310144569614387e-05	3	0.0	2.3333333333333335	relative abundance among classified reads only; relative values use clade reads at rank / classified reads.
S_22_09_09	phylum	Pisuviricota	2732408	1.238872292109509e-05	8.5856072870716e-06	3	0.0	1.6666666666666667	relative abundance among classified reads only; relative values use clade reads at rank / classified reads.
S_22_09_09	phylum	Cossaviricota	2732415	1.2387161807318961e-05	4.2895343402371724e-06	3	0.0	1.6666666666666667	relative abundance among classified reads only; relative values use clade reads at rank / classified reads.
S_22_09_09	phylum	Candidatus Micrarchaeota	1801631	9.915187812485388e-06	4.3130614372550315e-06	3	1.3333333333333333	1.3333333333333333	relative abundance among classified reads only; relative values use clade reads at rank / classified reads.
S_22_09_09	phylum	Candidatus Nanohaloarchaeota	1462430	9.915187812485388e-06	4.3130614372550315e-06	3	0.0	1.3333333333333333	relative abundance among classified reads only; relative values use clade reads at rank / classified reads.
S_22_09_09	phylum	Duplornaviricota	2732405	7.4341704209227295e-06		1	0.0	1.0	relative abundance among classified reads only; relative values use clade reads at rank / classified reads.
S_22_09_09	phylum	Candidatus Korarchaeota	51967	7.415921984500723e-06		1	0.0	1.0	relative abundance among classified reads only; relative values use clade reads at rank / classified reads.
S_22_09_09	phylum	Preplasmiviricota	2732008	7.415921984500723e-06		1	0.0	1.0	relative abundance among classified reads only; relative values use clade reads at rank / classified reads.
S_22_10_21	phylum	Proteobacteria	1224	0.5760610298693629	0.000511444020908972	3	3291.6666666666665	79119.66666666667	relative abundance among classified reads only; relative values use clade reads at rank / classified reads.
S_22_10_21	phylum	Actinobacteria	201174	0.09453251251958761	8.236525174215418e-05	3	91.33333333333333	12983.666666666666	relative abundance among classified reads only; relative values use clade reads at rank / classified reads.
S_22_10_21	phylum	Bacteroidetes	976	0.08811846527706828	0.0007612804511477106	3	340.3333333333333	12102.666666666666	relative abundance among classified reads only; relative values use clade reads at rank / classified reads.
S_22_10_21	phylum	Planctomycetes	203682	0.04308069387718914	0.0006303482839875898	3	19.0	5917.0	relative abundance among classified reads only; relative values use clade reads at rank / classified reads.
S_22_10_21	phylum	Cyanobacteria	1117	0.03812033899767611	0.0003466781110906145	3	158.33333333333334	5235.666666666667	relative abundance among classified reads only; relative values use clade reads at rank / classified reads.
S_22_10_21	phylum	Chordata	7711	0.03389728503404269	0.00017950083067402075	3	0.0	4655.666666666667	relative abundance among classified reads only; relative values use clade reads at rank / classified reads.
S_22_10_21	phylum	Firmicutes	1239	0.03132002376859736	0.0002472446390206582	3	59.666666666666664	4301.666666666667	relative abundance among classified reads only; relative values use clade reads at rank / classified reads.
S_22_10_21	phylum	Euryarchaeota	28890	0.005720359627390595	3.665994849290482e-05	3	3.6666666666666665	785.6666666666666	relative abundance among classified reads only; relative values use clade reads at rank / classified reads.
S_22_10_21	phylum	Chloroflexi	200795	0.005283507409104567	9.587938832686006e-05	3	6.333333333333333	725.6666666666666	relative abundance among classified reads only; relative values use clade reads at rank / classified reads.
S_22_10_21	phylum	Acidobacteria	57723	0.004844231092636976	0.00010625741291543207	3	3.3333333333333335	665.3333333333334	relative abundance among classified reads only; relative values use clade reads at rank / classified reads.
S_22_10_21	phylum	Verrucomicrobia	74201	0.004523829300050116	6.329966390505548e-05	3	4.666666666666667	621.3333333333334	relative abundance among classified reads only; relative values use clade reads at rank / classified reads.
S_22_10_21	phylum	Deinococcus-Thermus	1297	0.003227887672870497	0.00012247007851112437	3	0.0	443.3333333333333	relative abundance among classified reads only; relative values use clade reads at rank / classified reads.
S_22_10_21	phylum	Spirochaetes	203691	0.002499700787020626	0.0001644522802095261	3	0.0	343.3333333333333	relative abundance among classified reads only; relative values use clade reads at rank / classified reads.
S_22_10_21	phylum	Gemmatimonadetes	142182	0.0018687849127823983	0.0001543396666129087	3	0.0	256.6666666666667	relative abundance among classified reads only; relative values use clade reads at rank / classified reads.
S_22_10_21	phylum	Chlorobi	1090	0.0013057147680617068	2.3073909683473556e-05	3	0.0	179.33333333333334	relative abundance among classified reads only; relative values use clade reads at rank / classified reads.
S_22_10_21	phylum	Kiritimatiellaeota	134625	0.0012426121476975928	2.8115773009025057e-05	3	1.3333333333333333	170.66666666666666	relative abundance among classified reads only; relative values use clade reads at rank / classified reads.
S_22_10_21	phylum	Nitrospirae	40117	0.0008081719632274968	5.814504906140677e-05	3	0.0	111.0	relative abundance among classified reads only; relative values use clade reads at rank / classified reads.
S_22_10_21	phylum	Uroviricota	2731618	0.0008057286885475252	4.5631365929411654e-05	3	0.0	110.66666666666667	relative abundance among classified reads only; relative values use clade reads at rank / classified reads.
S_22_10_21	phylum	Tenericutes	544448	0.0007426434590666539	0.00011554845334079118	3	1.0	102.0	relative abundance among classified reads only; relative values use clade reads at rank / classified reads.
S_22_10_21	phylum	Fusobacteria	32066	0.0006115946546620168	2.627635782790863e-05	3	0.0	84.0	relative abundance among classified reads only; relative values use clade reads at rank / classified reads.
S_22_10_21	phylum	Thermotogae	200918	0.0005824557884546388	3.1310904655848886e-05	3	0.0	80.0	relative abundance among classified reads only; relative values use clade reads at rank / classified reads.
S_22_10_21	phylum	Thermodesulfobacteria	200940	0.0005145133021310508	1.6704213167459292e-05	3	0.0	70.66666666666667	relative abundance among classified reads only; relative values use clade reads at rank / classified reads.
S_22_10_21	phylum	Ignavibacteriae	1134404	0.000449015296923998	5.544376009624229e-05	3	0.0	61.666666666666664	relative abundance among classified reads only; relative values use clade reads at rank / classified reads.
S_22_10_21	phylum	Calditrichaeota	1930617	0.0004125697523588265	2.7246682135319414e-05	3	0.0	56.666666666666664	relative abundance among classified reads only; relative values use clade reads at rank / classified reads.
S_22_10_21	phylum	Thaumarchaeota	651137	0.0004101883743111761	9.908177768137936e-05	3	1.0	56.333333333333336	relative abundance among classified reads only; relative values use clade reads at rank / classified reads.
S_22_10_21	phylum	Chlamydiae	204428	0.00039073550151013953	4.004065838151407e-05	3	0.0	53.666666666666664	relative abundance among classified reads only; relative values use clade reads at rank / classified reads.
S_22_10_21	phylum	Synergistetes	508458	0.00037620291021345887	8.198929218483848e-05	3	0.0	51.666666666666664	relative abundance among classified reads only; relative values use clade reads at rank / classified reads.
S_22_10_21	phylum	Candidatus Thermoplasmatota	2283796	0.0003543292508287257	3.581276177141322e-05	3	0.3333333333333333	48.666666666666664	relative abundance among classified reads only; relative values use clade reads at rank / classified reads.
S_22_10_21	phylum	Deferribacteres	200930	0.00034703408798584883	4.362409321185194e-05	3	0.0	47.666666666666664	relative abundance among classified reads only; relative values use clade reads at rank / classified reads.
S_22_10_21	phylum	Crenarchaeota	28889	0.00027182075469302567	2.9451969269517407e-05	3	0.0	37.333333333333336	relative abundance among classified reads only; relative values use clade reads at rank / classified reads.
S_22_10_21	phylum	Aquificae	200783	0.00026453562946172297	2.096180461646129e-05	3	0.0	36.333333333333336	relative abundance among classified reads only; relative values use clade reads at rank / classified reads.
S_22_10_21	phylum	Nucleocytoviricota	2732007	0.0002208460813263731	1.8182800378871828e-05	3	0.0	30.333333333333332	relative abundance among classified reads only; relative values use clade reads at rank / classified reads.
S_22_10_21	phylum	Balneolaeota	1936987	0.00019172254300313537	1.8200418536424006e-05	3	0.0	26.333333333333332	relative abundance among classified reads only; relative values use clade reads at rank / classified reads.
S_22_10_21	phylum	Chrysiogenetes	200938	0.00017958300208351224	2.930334026242011e-05	3	0.0	24.666666666666668	relative abundance among classified reads only; relative values use clade reads at rank / classified reads.
S_22_10_21	phylum	Armatimonadetes	67819	0.00013348083503647123	4.104305895978892e-06	3	0.0	18.333333333333332	relative abundance among classified reads only; relative values use clade reads at rank / classified reads.
S_22_10_21	phylum	Peploviricota	2731361	0.00010437729352913662	3.6714871345155095e-05	3	0.0	14.333333333333334	relative abundance among classified reads only; relative values use clade reads at rank / classified reads.
S_22_10_21	phylum	Atribacterota	67818	0.00010435305606274019	1.509313902672055e-05	3	0.0	14.333333333333334	relative abundance among classified reads only; relative values use clade reads at rank / classified reads.
S_22_10_21	phylum	Candidatus Omnitrophica	67812	0.00010435037172283454	1.8242449004918247e-05	3	0.0	14.333333333333334	relative abundance among classified reads only; relative values use clade reads at rank / classified reads.
S_22_10_21	phylum	Candidatus Lokiarchaeota	1655434	8.979821189152032e-05	4.224990578180551e-06	3	0.0	12.333333333333334	relative abundance among classified reads only; relative values use clade reads at rank / classified reads.
S_22_10_21	phylum	Elusimicrobia	74152	8.977778679434766e-05	5.8822573326629655e-05	3	0.0	12.333333333333334	relative abundance among classified reads only; relative values use clade reads at rank / classified reads.
S_22_10_21	phylum	Candidatus Saccharibacteria	95818	6.795365196448013e-05	8.393095073651106e-06	3	2.6666666666666665	9.333333333333334	relative abundance among classified reads only; relative values use clade reads at rank / classified reads.
S_22_10_21	phylum	Candidatus Cloacimonetes	456828	6.552259254747355e-05	1.4521338865687215e-05	3	0.0	9.0	relative abundance among classified reads only; relative values use clade reads at rank / classified reads.
S_22_10_21	phylum	Candidatus Bipolaricaulota	67810	6.0686617364468644e-05	3.035380589029582e-05	3	0.0	8.333333333333334	relative abundance among classified reads only; relative values use clade reads at rank / classified reads.
S_22_10_21	phylum	Dictyoglomi	68297	5.096732009498412e-05	1.927319842250951e-05	3	0.0	7.0	relative abundance among classified reads only; relative values use clade reads at rank / classified reads.
S_22_10_21	phylum	Coprothermobacterota	2138240	4.731695780387311e-05	5.09994602230434e-06	2	0.0	6.5	relative abundance among classified reads only; relative values use clade reads at rank / classified reads.
S_22_10_21	phylum	Fibrobacteres	65842	4.610675757155854e-05	1.1084408888002363e-05	3	0.0	6.333333333333333	relative abundance among classified reads only; relative values use clade reads at rank / classified reads.
S_22_10_21	phylum	Caldiserica	67814	3.640788539924666e-05	7.305902092708799e-06	3	0.0	5.0	relative abundance among classified reads only; relative values use clade reads at rank / classified reads.
S_22_10_21	phylum	Candidatus Absconditabacteria	221235	1.9413500510033587e-05	1.1120746113053846e-05	3	0.0	2.6666666666666665	relative abundance among classified reads only; relative values use clade reads at rank / classified reads.
S_22_10_21	phylum	Cossaviricota	2732415	1.8210478612375396e-05	5.154662886157768e-06	2	0.0	2.5	relative abundance among classified reads only; relative values use clade reads at rank / classified reads.
S_22_10_21	phylum	Candidatus Micrarchaeota	1801631	1.4562547316912673e-05	7.286301258454605e-06	3	1.0	2.0	relative abundance among classified reads only; relative values use clade reads at rank / classified reads.
S_22_10_21	phylum	Candidatus Nanohaloarchaeota	1462430	1.091730036135563e-05	5.136671329835078e-06	2	0.0	1.5	relative abundance among classified reads only; relative values use clade reads at rank / classified reads.
S_22_10_21	phylum	Negarnaviricota	2497569	7.282790765421309e-06		1	0.0	1.0	relative abundance among classified reads only; relative values use clade reads at rank / classified reads.
S_22_10_21	phylum	Pisuviricota	2732408	7.282790765421309e-06		1	0.0	1.0	relative abundance among classified reads only; relative values use clade reads at rank / classified reads.
S_22_10_21	phylum	Preplasmiviricota	2732008	7.282790765421309e-06		1	0.0	1.0	relative abundance among classified reads only; relative values use clade reads at rank / classified reads.
S_22_12_16	phylum	Proteobacteria	1224	0.5355208013726043	0.0005436119225402777	3	3826.0	94488.66666666667	relative abundance among classified reads only; relative values use clade reads at rank / classified reads.
S_22_12_16	phylum	Actinobacteria	201174	0.10266370679237545	0.00043703065566005325	3	146.0	18114.333333333332	relative abundance among classified reads only; relative values use clade reads at rank / classified reads.
S_22_12_16	phylum	Bacteroidetes	976	0.08060021405280804	0.00032154531750425716	3	414.6666666666667	14221.333333333334	relative abundance among classified reads only; relative values use clade reads at rank / classified reads.
S_22_12_16	phylum	Cyanobacteria	1117	0.07905906107833162	0.0004038851344346528	3	514.0	13949.333333333334	relative abundance among classified reads only; relative values use clade reads at rank / classified reads.
S_22_12_16	phylum	Chordata	7711	0.04755110315208557	0.0005399532199489737	3	0.0	8390.0	relative abundance among classified reads only; relative values use clade reads at rank / classified reads.
S_22_12_16	phylum	Planctomycetes	203682	0.04547809509006356	0.0002980511386219142	3	26.0	8024.333333333333	relative abundance among classified reads only; relative values use clade reads at rank / classified reads.
S_22_12_16	phylum	Firmicutes	1239	0.025770389958661738	0.0003447633793298387	3	65.0	4547.0	relative abundance among classified reads only; relative values use clade reads at rank / classified reads.
S_22_12_16	phylum	Acidobacteria	57723	0.0040654156575457645	0.00011282269371891921	3	4.333333333333333	717.3333333333334	relative abundance among classified reads only; relative values use clade reads at rank / classified reads.
S_22_12_16	phylum	Chloroflexi	200795	0.003914321514963619	7.629911663366649e-05	3	8.666666666666666	690.6666666666666	relative abundance among classified reads only; relative values use clade reads at rank / classified reads.
S_22_12_16	phylum	Euryarchaeota	28890	0.0036290195831402343	0.00010302041614907105	3	2.3333333333333335	640.3333333333334	relative abundance among classified reads only; relative values use clade reads at rank / classified reads.
S_22_12_16	phylum	Verrucomicrobia	74201	0.003149239084717335	7.494722182985666e-05	3	5.333333333333333	555.6666666666666	relative abundance among classified reads only; relative values use clade reads at rank / classified reads.
S_22_12_16	phylum	Deinococcus-Thermus	1297	0.0025937896299246463	9.310533245333774e-05	3	0.0	457.6666666666667	relative abundance among classified reads only; relative values use clade reads at rank / classified reads.
S_22_12_16	phylum	Spirochaetes	203691	0.0018456691951246912	9.002632799598585e-05	3	0.0	325.6666666666667	relative abundance among classified reads only; relative values use clade reads at rank / classified reads.
S_22_12_16	phylum	Gemmatimonadetes	142182	0.0013696367744941297	2.9463912009426678e-05	3	0.0	241.66666666666666	relative abundance among classified reads only; relative values use clade reads at rank / classified reads.
S_22_12_16	phylum	Thaumarchaeota	651137	0.0012240996040255318	8.700278011218041e-05	3	0.6666666666666666	216.0	relative abundance among classified reads only; relative values use clade reads at rank / classified reads.
S_22_12_16	phylum	Chlorobi	1090	0.0008728155312970382	3.1995572473647095e-05	3	0.0	154.0	relative abundance among classified reads only; relative values use clade reads at rank / classified reads.
S_22_12_16	phylum	Tenericutes	544448	0.0006593410882295239	5.174236660871682e-05	3	1.3333333333333333	116.33333333333333	relative abundance among classified reads only; relative values use clade reads at rank / classified reads.
S_22_12_16	phylum	Kiritimatiellaeota	134625	0.0006366762431957454	1.8339534954088692e-05	3	0.6666666666666666	112.33333333333333	relative abundance among classified reads only; relative values use clade reads at rank / classified reads.
S_22_12_16	phylum	Nitrospirae	40117	0.0005365899500536665	6.589561023887891e-05	3	0.0	94.66666666666667	relative abundance among classified reads only; relative values use clade reads at rank / classified reads.
S_22_12_16	phylum	Fusobacteria	32066	0.00041753864114813546	2.9123595213182567e-05	3	0.0	73.66666666666667	relative abundance among classified reads only; relative values use clade reads at rank / classified reads.
S_22_12_16	phylum	Uroviricota	2731618	0.00038345958298007416	4.110453499445355e-05	3	0.0	67.66666666666667	relative abundance among classified reads only; relative values use clade reads at rank / classified reads.
S_22_12_16	phylum	Ignavibacteriae	1134404	0.00038343786812175475	6.043513197801907e-05	3	0.0	67.66666666666667	relative abundance among classified reads only; relative values use clade reads at rank / classified reads.
S_22_12_16	phylum	Thermotogae	200918	0.00032116479024374753	1.1910886672078216e-05	3	0.0	56.666666666666664	relative abundance among classified reads only; relative values use clade reads at rank / classified reads.
S_22_12_16	phylum	Calditrichaeota	1930617	0.000304140669534354	4.235262691161577e-05	3	0.0	53.666666666666664	relative abundance among classified reads only; relative values use clade reads at rank / classified reads.
S_22_12_16	phylum	Nucleocytoviricota	2732007	0.00024178550707316777	3.084606563136454e-05	3	0.0	42.666666666666664	relative abundance among classified reads only; relative values use clade reads at rank / classified reads.
S_22_12_16	phylum	Thermodesulfobacteria	200940	0.00019080752655210867	8.64439113288892e-06	3	0.0	33.666666666666664	relative abundance among classified reads only; relative values use clade reads at rank / classified reads.
S_22_12_16	phylum	Synergistetes	508458	0.00018892943260323257	2.304315766894209e-05	3	0.0	33.333333333333336	relative abundance among classified reads only; relative values use clade reads at rank / classified reads.
S_22_12_16	phylum	Deferribacteres	200930	0.00018324284718188597	8.374833768623978e-06	3	0.0	32.333333333333336	relative abundance among classified reads only; relative values use clade reads at rank / classified reads.
S_22_12_16	phylum	Peploviricota	2731361	0.0001794744062154648	2.5595239345827047e-05	3	0.0	31.666666666666668	relative abundance among classified reads only; relative values use clade reads at rank / classified reads.
S_22_12_16	phylum	Aquificae	200783	0.00017758680652166478	8.756776308032146e-06	3	0.0	31.333333333333332	relative abundance among classified reads only; relative values use clade reads at rank / classified reads.
S_22_12_16	phylum	Balneolaeota	1936987	0.00014169511492310795	5.882312932668664e-06	3	0.0	25.0	relative abundance among classified reads only; relative values use clade reads at rank / classified reads.
S_22_12_16	phylum	Chrysiogenetes	200938	0.0001379385671266601	2.8705639487390857e-05	3	0.0	24.333333333333332	relative abundance among classified reads only; relative values use clade reads at rank / classified reads.
S_22_12_16	phylum	Chlamydiae	204428	0.00012849101895746258	2.3789550387494087e-05	3	0.0	22.666666666666668	relative abundance among classified reads only; relative values use clade reads at rank / classified reads.
S_22_12_16	phylum	Armatimonadetes	67819	0.00010956235854604833	1.6263098791736093e-05	3	0.0	19.333333333333332	relative abundance among classified reads only; relative values use clade reads at rank / classified reads.
S_22_12_16	phylum	Candidatus Saccharibacteria	95818	9.255080684874598e-05	1.8052435208111393e-05	3	5.666666666666667	16.333333333333332	relative abundance among classified reads only; relative values use clade reads at rank / classified reads.
S_22_12_16	phylum	Crenarchaeota	28889	7.935486494378876e-05	1.9694500909417777e-05	3	0.0	14.0	relative abundance among classified reads only; relative values use clade reads at rank / classified reads.
S_22_12_16	phylum	Candidatus Thermoplasmatota	2283796	5.477354308274279e-05	1.1697995418995593e-05	3	0.0	9.666666666666666	relative abundance among classified reads only; relative values use clade reads at rank / classified reads.
S_22_12_16	phylum	Candidatus Lokiarchaeota	1655434	5.101460786124558e-05	9.872508506978234e-06	3	0.0	9.0	relative abundance among classified reads only; relative values use clade reads at rank / classified reads.
S_22_12_16	phylum	Atribacterota	67818	4.7240760157881325e-05	1.8263272167506273e-05	3	0.0	8.333333333333334	relative abundance among classified reads only; relative values use clade reads at rank / classified reads.
S_22_12_16	phylum	Candidatus Cloacimonetes	456828	4.3449252648904974e-05	3.231837527286419e-06	3	0.0	7.666666666666667	relative abundance among classified reads only; relative values use clade reads at rank / classified reads.
S_22_12_16	phylum	Elusimicrobia	74152	4.1562328797222846e-05	1.4276719804408647e-05	3	0.0	7.333333333333333	relative abundance among classified reads only; relative values use clade reads at rank / classified reads.
S_22_12_16	phylum	Candidatus Omnitrophica	67812	3.778947287939868e-05	1.7349361128119903e-05	3	0.0	6.666666666666667	relative abundance among classified reads only; relative values use clade reads at rank / classified reads.
S_22_12_16	phylum	Candidatus Bipolaricaulota	67810	3.5886600805035925e-05	1.1760694797037188e-05	3	0.0	6.333333333333333	relative abundance among classified reads only; relative values use clade reads at rank / classified reads.
S_22_12_16	phylum	Fibrobacteres	65842	3.2109013992386534e-05	6.484801524358038e-06	3	0.0	5.666666666666667	relative abundance among classified reads only; relative values use clade reads at rank / classified reads.
S_22_12_16	phylum	Dictyoglomi	68297	1.8883879010539624e-05	1.1777971674476495e-05	3	0.0	3.3333333333333335	relative abundance among classified reads only; relative values use clade reads at rank / classified reads.
S_22_12_16	phylum	Pisuviricota	2732408	1.6993058077861264e-05	3.2397611582317484e-08	2	0.0	3.0	relative abundance among classified reads only; relative values use clade reads at rank / classified reads.
S_22_12_16	phylum	Candidatus Absconditabacteria	221235	1.5117825469167836e-05	6.562966271196645e-06	3	0.0	2.6666666666666665	relative abundance among classified reads only; relative values use clade reads at rank / classified reads.
S_22_12_16	phylum	Caldiserica	67814	9.443809059912379e-06	3.264771924241918e-06	3	0.0	1.6666666666666667	relative abundance among classified reads only; relative values use clade reads at rank / classified reads.
S_22_12_16	phylum	Cressdnaviricota	2732416	5.67198888290179e-06		1	0.0	1.0	relative abundance among classified reads only; relative values use clade reads at rank / classified reads.
S_22_12_16	phylum	Candidatus Micrarchaeota	1801631	5.667573931498766e-06	9.4573009758255e-09	3	0.0	1.0	relative abundance among classified reads only; relative values use clade reads at rank / classified reads.
S_22_12_16	phylum	Coprothermobacterota	2138240	5.665366455797254e-06	1.2232881494484573e-08	2	0.0	1.0	relative abundance among classified reads only; relative values use clade reads at rank / classified reads.
S_22_12_16	phylum	Cossaviricota	2732415	5.665366455797254e-06	1.2232881494484573e-08	2	0.0	1.0	relative abundance among classified reads only; relative values use clade reads at rank / classified reads.
S_23_04_20	phylum	Proteobacteria	1224	0.592424498176814	0.001219015165215676	3	3775.3333333333335	80162.0	relative abundance among classified reads only; relative values use clade reads at rank / classified reads.
S_23_04_20	phylum	Actinobacteria	201174	0.09731086618077837	0.00039445730125953383	3	99.0	13167.333333333334	relative abundance among classified reads only; relative values use clade reads at rank / classified reads.
S_23_04_20	phylum	Bacteroidetes	976	0.058437603138880335	0.0005602451238801393	3	251.33333333333334	7907.333333333333	relative abundance among classified reads only; relative values use clade reads at rank / classified reads.
S_23_04_20	phylum	Planctomycetes	203682	0.049800725457904656	0.0007031534440667017	3	28.0	6738.666666666667	relative abundance among classified reads only; relative values use clade reads at rank / classified reads.
S_23_04_20	phylum	Firmicutes	1239	0.03779635141240321	0.00023422121328606468	3	80.0	5114.333333333333	relative abundance among classified reads only; relative values use clade reads at rank / classified reads.
S_23_04_20	phylum	Chordata	7711	0.03653368747089474	0.0007821346245559002	3	0.0	4943.333333333333	relative abundance among classified reads only; relative values use clade reads at rank / classified reads.
S_23_04_20	phylum	Cyanobacteria	1117	0.02446690918025157	7.863506854780468e-05	3	114.66666666666667	3310.6666666666665	relative abundance among classified reads only; relative values use clade reads at rank / classified reads.
S_23_04_20	phylum	Chloroflexi	200795	0.005801403943404598	2.278319606648242e-05	3	13.0	785.0	relative abundance among classified reads only; relative values use clade reads at rank / classified reads.
S_23_04_20	phylum	Acidobacteria	57723	0.005643339429056093	0.00031178460286990066	3	6.666666666666667	763.6666666666666	relative abundance among classified reads only; relative values use clade reads at rank / classified reads.
S_23_04_20	phylum	Euryarchaeota	28890	0.005476204586707126	3.326363526413849e-05	3	3.6666666666666665	741.0	relative abundance among classified reads only; relative values use clade reads at rank / classified reads.
S_23_04_20	phylum	Verrucomicrobia	74201	0.0038503296806159343	4.008213797157609e-05	3	2.0	521.0	relative abundance among classified reads only; relative values use clade reads at rank / classified reads.
S_23_04_20	phylum	Deinococcus-Thermus	1297	0.0036359503168892724	0.00014421169556492293	3	0.0	492.0	relative abundance among classified reads only; relative values use clade reads at rank / classified reads.
S_23_04_20	phylum	Spirochaetes	203691	0.003143483603511906	0.00010419539211834275	3	0.0	425.3333333333333	relative abundance among classified reads only; relative values use clade reads at rank / classified reads.
S_23_04_20	phylum	Chlorobi	1090	0.0015791039790015793	6.79655482149616e-05	3	0.0	213.66666666666666	relative abundance among classified reads only; relative values use clade reads at rank / classified reads.
S_23_04_20	phylum	Gemmatimonadetes	142182	0.0015372751848872345	8.741410298555802e-05	3	0.0	208.0	relative abundance among classified reads only; relative values use clade reads at rank / classified reads.
S_23_04_20	phylum	Uroviricota	2731618	0.001207052433056248	2.760053004407041e-05	3	0.0	163.33333333333334	relative abundance among classified reads only; relative values use clade reads at rank / classified reads.
S_23_04_20	phylum	Kiritimatiellaeota	134625	0.0012045468967618	8.165105793750504e-05	3	0.0	163.0	relative abundance among classified reads only; relative values use clade reads at rank / classified reads.
S_23_04_20	phylum	Tenericutes	544448	0.001110976872240245	3.911259085431319e-05	3	3.3333333333333335	150.33333333333334	relative abundance among classified reads only; relative values use clade reads at rank / classified reads.
S_23_04_20	phylum	Nitrospirae	40117	0.0010691168424412881	2.2487754187725194e-05	3	0.0	144.66666666666666	relative abundance among classified reads only; relative values use clade reads at rank / classified reads.
S_23_04_20	phylum	Fusobacteria	32066	0.0008129643206721879	2.1163459893794203e-05	3	0.0	110.0	relative abundance among classified reads only; relative values use clade reads at rank / classified reads.
S_23_04_20	phylum	Ignavibacteriae	1134404	0.0007562580589858143	9.159813841767477e-05	3	0.0	102.33333333333333	relative abundance among classified reads only; relative values use clade reads at rank / classified reads.
S_23_04_20	phylum	Thermotogae	200918	0.0007020416081471494	4.404039366633406e-05	3	0.0	95.0	relative abundance among classified reads only; relative values use clade reads at rank / classified reads.
S_23_04_20	phylum	Calditrichaeota	1930617	0.0006084629086850398	1.4885138710187353e-05	3	0.0	82.33333333333333	relative abundance among classified reads only; relative values use clade reads at rank / classified reads.
S_23_04_20	phylum	Nucleocytoviricota	2732007	0.0005592221872357869	9.384609849538063e-05	3	0.0	75.66666666666667	relative abundance among classified reads only; relative values use clade reads at rank / classified reads.
S_23_04_20	phylum	Synergistetes	508458	0.0005246788756345035	2.556886633491053e-05	3	0.0	71.0	relative abundance among classified reads only; relative values use clade reads at rank / classified reads.
S_23_04_20	phylum	Thermodesulfobacteria	200940	0.0004878018092576001	3.051669265393378e-05	3	0.0	66.0	relative abundance among classified reads only; relative values use clade reads at rank / classified reads.
S_23_04_20	phylum	Deferribacteres	200930	0.0004262010803400611	2.857241995981306e-05	3	0.0	57.666666666666664	relative abundance among classified reads only; relative values use clade reads at rank / classified reads.
S_23_04_20	phylum	Thaumarchaeota	651137	0.0003621567042355174	2.7224046556984788e-05	3	1.0	49.0	relative abundance among classified reads only; relative values use clade reads at rank / classified reads.
S_23_04_20	phylum	Chlamydiae	204428	0.00032757752834845457	4.854004939100284e-05	3	0.0	44.333333333333336	relative abundance among classified reads only; relative values use clade reads at rank / classified reads.
S_23_04_20	phylum	Crenarchaeota	28889	0.000300525781805956	3.627555976303097e-05	3	0.0	40.666666666666664	relative abundance among classified reads only; relative values use clade reads at rank / classified reads.
S_23_04_20	phylum	Candidatus Thermoplasmatota	2283796	0.000273322147881727	9.018414408654256e-05	3	0.0	37.0	relative abundance among classified reads only; relative values use clade reads at rank / classified reads.
S_23_04_20	phylum	Chrysiogenetes	200938	0.00027096902005530396	1.8399772090715748e-05	3	0.0	36.666666666666664	relative abundance among classified reads only; relative values use clade reads at rank / classified reads.
S_23_04_20	phylum	Aquificae	200783	0.00023152244393132948	3.7500259040302416e-05	3	0.0	31.333333333333332	relative abundance among classified reads only; relative values use clade reads at rank / classified reads.
S_23_04_20	phylum	Armatimonadetes	67819	0.00018721668260018886	3.904664247060887e-06	3	0.0	25.333333333333332	relative abundance among classified reads only; relative values use clade reads at rank / classified reads.
S_23_04_20	phylum	Balneolaeota	1936987	0.0001872089886567382	4.6869621610420704e-05	3	0.0	25.333333333333332	relative abundance among classified reads only; relative values use clade reads at rank / classified reads.
S_23_04_20	phylum	Candidatus Lokiarchaeota	1655434	0.00012314876475448384	1.8363957000348034e-05	3	0.0	16.666666666666668	relative abundance among classified reads only; relative values use clade reads at rank / classified reads.
S_23_04_20	phylum	Peploviricota	2731361	0.00011819645475526212	3.8132077855288114e-05	3	0.0	16.0	relative abundance among classified reads only; relative values use clade reads at rank / classified reads.
S_23_04_20	phylum	Candidatus Bipolaricaulota	67810	0.00010840693803115119	1.1500162962052539e-05	3	0.0	14.666666666666666	relative abundance among classified reads only; relative values use clade reads at rank / classified reads.
S_23_04_20	phylum	Candidatus Omnitrophica	67812	9.853609797330806e-05	1.1276144455602006e-05	3	0.0	13.333333333333334	relative abundance among classified reads only; relative values use clade reads at rank / classified reads.
S_23_04_20	phylum	Candidatus Saccharibacteria	95818	9.11846188379303e-05	2.8132970705731336e-05	3	4.333333333333333	12.333333333333334	relative abundance among classified reads only; relative values use clade reads at rank / classified reads.
S_23_04_20	phylum	Candidatus Cloacimonetes	456828	8.37226650293875e-05	2.5775515589422766e-05	3	0.0	11.333333333333334	relative abundance among classified reads only; relative values use clade reads at rank / classified reads.
S_23_04_20	phylum	Elusimicrobia	74152	7.637066480771494e-05	2.2617702531385504e-05	3	0.0	10.333333333333334	relative abundance among classified reads only; relative values use clade reads at rank / classified reads.
S_23_04_20	phylum	Atribacterota	67818	6.653256251788261e-05	1.4908293924119554e-05	3	0.0	9.0	relative abundance among classified reads only; relative values use clade reads at rank / classified reads.
S_23_04_20	phylum	Dictyoglomi	68297	6.1586904289522e-05	1.5400373189040785e-05	3	0.0	8.333333333333334	relative abundance among classified reads only; relative values use clade reads at rank / classified reads.
S_23_04_20	phylum	Fibrobacteres	65842	6.157105649181136e-05	1.1157469314605543e-05	3	0.0	8.333333333333334	relative abundance among classified reads only; relative values use clade reads at rank / classified reads.
S_23_04_20	phylum	Caldiserica	67814	3.4480441496735745e-05	1.1247408480750307e-05	3	0.0	4.666666666666667	relative abundance among classified reads only; relative values use clade reads at rank / classified reads.
S_23_04_20	phylum	Candidatus Absconditabacteria	221235	1.7248405190370566e-05	4.296385328856912e-06	3	0.0	2.3333333333333335	relative abundance among classified reads only; relative values use clade reads at rank / classified reads.
S_23_04_20	phylum	Coprothermobacterota	2138240	1.7248405190370566e-05	4.296385328856912e-06	3	0.0	2.3333333333333335	relative abundance among classified reads only; relative values use clade reads at rank / classified reads.
S_23_04_20	phylum	Candidatus Nanohaloarchaeota	1462430	1.723868807722629e-05	4.229026849363946e-06	3	0.0	2.3333333333333335	relative abundance among classified reads only; relative values use clade reads at rank / classified reads.
S_23_04_20	phylum	Candidatus Micrarchaeota	1801631	1.2322702274593286e-05	4.285730194598564e-06	3	0.3333333333333333	1.6666666666666667	relative abundance among classified reads only; relative values use clade reads at rank / classified reads.
S_23_04_20	phylum	Negarnaviricota	2497569	7.403130043382342e-06		1	0.0	1.0	relative abundance among classified reads only; relative values use clade reads at rank / classified reads.
S_23_04_20	phylum	Preplasmiviricota	2732008	7.403130043382342e-06		1	0.0	1.0	relative abundance among classified reads only; relative values use clade reads at rank / classified reads.
S_23_04_20	phylum	Pisuviricota	2732408	7.39853202995759e-06	6.502572945258884e-09	2	0.0	1.0	relative abundance among classified reads only; relative values use clade reads at rank / classified reads.
S_23_04_20	phylum	Cossaviricota	2732415	7.3939340165328364e-06		1	0.0	1.0	relative abundance among classified reads only; relative values use clade reads at rank / classified reads.
S_23_04_20	phylum	Duplornaviricota	2732405	7.373978703949503e-06		1	0.0	1.0	relative abundance among classified reads only; relative values use clade reads at rank / classified reads.
S_23_07_03	phylum	Proteobacteria	1224	0.5616344355258237	0.0008529809270602458	3	3594.0	78690.33333333333	relative abundance among classified reads only; relative values use clade reads at rank / classified reads.
S_23_07_03	phylum	Bacteroidetes	976	0.08141222581273534	0.00016871336114553	3	375.6666666666667	11406.666666666666	relative abundance among classified reads only; relative values use clade reads at rank / classified reads.
S_23_07_03	phylum	Actinobacteria	201174	0.077162629217617	0.0007845810935529391	3	84.66666666666667	10811.333333333334	relative abundance among classified reads only; relative values use clade reads at rank / classified reads.
S_23_07_03	phylum	Chordata	7711	0.045781477838682555	0.0004996297733417331	3	0.0	6414.333333333333	relative abundance among classified reads only; relative values use clade reads at rank / classified reads.
S_23_07_03	phylum	Firmicutes	1239	0.04440108382000302	0.00019344975637427243	3	104.0	6221.0	relative abundance among classified reads only; relative values use clade reads at rank / classified reads.
S_23_07_03	phylum	Cyanobacteria	1117	0.04290344477649876	0.000886200928392137	3	245.33333333333334	6011.333333333333	relative abundance among classified reads only; relative values use clade reads at rank / classified reads.
S_23_07_03	phylum	Planctomycetes	203682	0.03798746766445729	0.0003715778054754188	3	18.666666666666668	5322.333333333333	relative abundance among classified reads only; relative values use clade reads at rank / classified reads.
S_23_07_03	phylum	Chloroflexi	200795	0.005852637239310188	5.2754825478605166e-05	3	10.0	820.0	relative abundance among classified reads only; relative values use clade reads at rank / classified reads.
S_23_07_03	phylum	Euryarchaeota	28890	0.005329066352512564	9.03580385710053e-05	3	1.6666666666666667	746.6666666666666	relative abundance among classified reads only; relative values use clade reads at rank / classified reads.
S_23_07_03	phylum	Acidobacteria	57723	0.004656062985211783	0.0001345913185836882	3	2.0	652.3333333333334	relative abundance among classified reads only; relative values use clade reads at rank / classified reads.
S_23_07_03	phylum	Spirochaetes	203691	0.003766143227506693	3.2695618261521214e-05	3	0.0	527.6666666666666	relative abundance among classified reads only; relative values use clade reads at rank / classified reads.
S_23_07_03	phylum	Verrucomicrobia	74201	0.0035279291918845364	0.00016717824227746952	3	1.6666666666666667	494.3333333333333	relative abundance among classified reads only; relative values use clade reads at rank / classified reads.
S_23_07_03	phylum	Deinococcus-Thermus	1297	0.003073739923044783	0.00012089409288326938	3	0.0	430.6666666666667	relative abundance among classified reads only; relative values use clade reads at rank / classified reads.
S_23_07_03	phylum	Kiritimatiellaeota	134625	0.0015415874591983892	9.107999721165497e-05	3	2.0	216.0	relative abundance among classified reads only; relative values use clade reads at rank / classified reads.
S_23_07_03	phylum	Chlorobi	1090	0.0015013992211262445	0.0001292646916007097	3	0.0	210.33333333333334	relative abundance among classified reads only; relative values use clade reads at rank / classified reads.
S_23_07_03	phylum	Tenericutes	544448	0.0013513437071092805	8.307653734776245e-05	3	2.0	189.33333333333334	relative abundance among classified reads only; relative values use clade reads at rank / classified reads.
S_23_07_03	phylum	Uroviricota	2731618	0.0012515461836145741	9.477471884427922e-05	3	0.0	175.33333333333334	relative abundance among classified reads only; relative values use clade reads at rank / classified reads.
S_23_07_03	phylum	Nitrospirae	40117	0.0011443712499326136	4.685996707070775e-05	3	0.0	160.33333333333334	relative abundance among classified reads only; relative values use clade reads at rank / classified reads.
S_23_07_03	phylum	Gemmatimonadetes	142182	0.0011441983960774527	9.653949954334281e-05	3	0.0	160.33333333333334	relative abundance among classified reads only; relative values use clade reads at rank / classified reads.
S_23_07_03	phylum	Fusobacteria	32066	0.0011372436492499579	3.5557788598741476e-05	3	0.0	159.33333333333334	relative abundance among classified reads only; relative values use clade reads at rank / classified reads.
S_23_07_03	phylum	Thermotogae	200918	0.0008635738506746624	2.683904347002452e-05	3	0.0	121.0	relative abundance among classified reads only; relative values use clade reads at rank / classified reads.
S_23_07_03	phylum	Ignavibacteriae	1134404	0.0007588814008887382	0.00012513867041914425	3	0.0	106.33333333333333	relative abundance among classified reads only; relative values use clade reads at rank / classified reads.
S_23_07_03	phylum	Thaumarchaeota	651137	0.0006971073488118559	4.820663731336018e-05	3	0.3333333333333333	97.66666666666667	relative abundance among classified reads only; relative values use clade reads at rank / classified reads.
S_23_07_03	phylum	Calditrichaeota	1930617	0.0006899892024727098	6.670358053749723e-05	3	0.0	96.66666666666667	relative abundance among classified reads only; relative values use clade reads at rank / classified reads.
S_23_07_03	phylum	Deferribacteres	200930	0.0006067280118765992	0.00012038633790567399	3	0.0	85.0	relative abundance among classified reads only; relative values use clade reads at rank / classified reads.
S_23_07_03	phylum	Thermodesulfobacteria	200940	0.0005495811839772874	1.932542598663614e-05	3	0.0	77.0	relative abundance among classified reads only; relative values use clade reads at rank / classified reads.
S_23_07_03	phylum	Chlamydiae	204428	0.00045205405064025996	2.2615089253429083e-05	3	0.0	63.333333333333336	relative abundance among classified reads only; relative values use clade reads at rank / classified reads.
S_23_07_03	phylum	Synergistetes	508458	0.0004401458563894087	1.1702153523415307e-05	3	0.0	61.666666666666664	relative abundance among classified reads only; relative values use clade reads at rank / classified reads.
S_23_07_03	phylum	Nucleocytoviricota	2732007	0.00043543242543448465	3.8810975561689994e-05	3	0.0	61.0	relative abundance among classified reads only; relative values use clade reads at rank / classified reads.
S_23_07_03	phylum	Candidatus Thermoplasmatota	2283796	0.0004234858041628128	1.514756401590644e-05	3	0.6666666666666666	59.333333333333336	relative abundance among classified reads only; relative values use clade reads at rank / classified reads.
S_23_07_03	phylum	Chrysiogenetes	200938	0.0003426286515656103	4.982222809640662e-05	3	0.0	48.0	relative abundance among classified reads only; relative values use clade reads at rank / classified reads.
S_23_07_03	phylum	Crenarchaeota	28889	0.00031633045655318494	6.725112925219317e-05	3	0.0	44.333333333333336	relative abundance among classified reads only; relative values use clade reads at rank / classified reads.
S_23_07_03	phylum	Aquificae	200783	0.00027117877480592315	3.223904037915432e-05	3	0.0	38.0	relative abundance among classified reads only; relative values use clade reads at rank / classified reads.
S_23_07_03	phylum	Balneolaeota	1936987	0.00019743942985520982	1.755603428854483e-05	3	0.0	27.666666666666668	relative abundance among classified reads only; relative values use clade reads at rank / classified reads.
S_23_07_03	phylum	Candidatus Lokiarchaeota	1655434	0.00018077924215155122	3.494588646754227e-05	3	0.0	25.333333333333332	relative abundance among classified reads only; relative values use clade reads at rank / classified reads.
S_23_07_03	phylum	Candidatus Omnitrophica	67812	0.00014755517138114512	3.961932191596581e-05	3	0.0	20.666666666666668	relative abundance among classified reads only; relative values use clade reads at rank / classified reads.
S_23_07_03	phylum	Armatimonadetes	67819	0.00014271700502024997	1.858016347479146e-05	3	0.0	20.0	relative abundance among classified reads only; relative values use clade reads at rank / classified reads.
S_23_07_03	phylum	Candidatus Cloacimonetes	456828	0.00014037958772636244	1.1154801530292725e-05	3	0.0	19.666666666666668	relative abundance among classified reads only; relative values use clade reads at rank / classified reads.
S_23_07_03	phylum	Elusimicrobia	74152	0.00013087604112120175	2.204128152294375e-05	3	0.0	18.333333333333332	relative abundance among classified reads only; relative values use clade reads at rank / classified reads.
S_23_07_03	phylum	Candidatus Saccharibacteria	95818	0.00011893894193157085	2.0453012737454716e-05	3	4.666666666666667	16.666666666666668	relative abundance among classified reads only; relative values use clade reads at rank / classified reads.
S_23_07_03	phylum	Atribacterota	67818	0.00011181130737964958	2.877242335012109e-05	3	0.0	15.666666666666666	relative abundance among classified reads only; relative values use clade reads at rank / classified reads.
S_23_07_03	phylum	Peploviricota	2731361	0.00011181103642552409	2.8770780838574362e-05	3	0.0	15.666666666666666	relative abundance among classified reads only; relative values use clade reads at rank / classified reads.
S_23_07_03	phylum	Fibrobacteres	65842	7.614399259640392e-05	1.6561830786465755e-05	3	0.0	10.666666666666666	relative abundance among classified reads only; relative values use clade reads at rank / classified reads.
S_23_07_03	phylum	Dictyoglomi	68297	7.13729211102491e-05	1.6639465668999928e-07	3	0.0	10.0	relative abundance among classified reads only; relative values use clade reads at rank / classified reads.
S_23_07_03	phylum	Candidatus Bipolaricaulota	67810	6.422593757085485e-05	1.8814450539977657e-05	3	0.0	9.0	relative abundance among classified reads only; relative values use clade reads at rank / classified reads.
S_23_07_03	phylum	Candidatus Absconditabacteria	221235	3.569601650643115e-05	1.2395557957072394e-05	3	0.0	5.0	relative abundance among classified reads only; relative values use clade reads at rank / classified reads.
S_23_07_03	phylum	Caldiserica	67814	3.330092481204714e-05	8.197030637641742e-06	3	0.0	4.666666666666667	relative abundance among classified reads only; relative values use clade reads at rank / classified reads.
S_23_07_03	phylum	Cossaviricota	2732415	1.6660086095861543e-05	4.165089224454345e-06	3	0.0	2.3333333333333335	relative abundance among classified reads only; relative values use clade reads at rank / classified reads.
S_23_07_03	phylum	Candidatus Micrarchaeota	1801631	1.4284207911887792e-05	7.170984337332995e-06	3	0.0	2.0	relative abundance among classified reads only; relative values use clade reads at rank / classified reads.
S_23_07_03	phylum	Coprothermobacterota	2138240	1.4274618091315506e-05	7.1278645136022975e-06	3	0.0	2.0	relative abundance among classified reads only; relative values use clade reads at rank / classified reads.
S_23_07_03	phylum	Duplornaviricota	2732405	1.0720322897395793e-05	5.080828583549849e-06	2	0.0	1.5	relative abundance among classified reads only; relative values use clade reads at rank / classified reads.
S_23_07_03	phylum	Preplasmiviricota	2732008	1.0720322897395793e-05	5.080828583549849e-06	2	0.0	1.5	relative abundance among classified reads only; relative values use clade reads at rank / classified reads.
S_23_07_03	phylum	Pisuviricota	2732408	1.0705988970435894e-05	5.019727491574305e-06	2	0.0	1.5	relative abundance among classified reads only; relative values use clade reads at rank / classified reads.
S_23_07_03	phylum	Artverviricota	2732409	7.14207008667821e-06	2.041492903339513e-08	2	0.0	1.0	relative abundance among classified reads only; relative values use clade reads at rank / classified reads.
S_23_07_03	phylum	Candidatus Nanohaloarchaeota	1462430	7.127634551921254e-06		1	0.0	1.0	relative abundance among classified reads only; relative values use clade reads at rank / classified reads.
S_23_09_06	phylum	Proteobacteria	1224	0.5760891838686054	0.0006320544974377919	3	3731.3333333333335	86386.66666666667	relative abundance among classified reads only; relative values use clade reads at rank / classified reads.
S_23_09_06	phylum	Actinobacteria	201174	0.0801405079127518	0.00023546081775832628	3	73.0	12017.333333333334	relative abundance among classified reads only; relative values use clade reads at rank / classified reads.
S_23_09_06	phylum	Bacteroidetes	976	0.0725751483030941	0.0005473608688418746	3	343.3333333333333	10883.0	relative abundance among classified reads only; relative values use clade reads at rank / classified reads.
S_23_09_06	phylum	Chordata	7711	0.052858355963479466	0.00022495351497572093	3	0.0	7926.333333333333	relative abundance among classified reads only; relative values use clade reads at rank / classified reads.
S_23_09_06	phylum	Cyanobacteria	1117	0.04623014977673165	0.0002421914922062097	3	312.0	6932.333333333333	relative abundance among classified reads only; relative values use clade reads at rank / classified reads.
S_23_09_06	phylum	Planctomycetes	203682	0.039463473289394264	0.00022158237815281397	3	25.0	5917.666666666667	relative abundance among classified reads only; relative values use clade reads at rank / classified reads.
S_23_09_06	phylum	Firmicutes	1239	0.0338306148866771	0.00041254177672480345	3	100.66666666666667	5073.0	relative abundance among classified reads only; relative values use clade reads at rank / classified reads.
S_23_09_06	phylum	Chloroflexi	200795	0.004625802506042882	0.00019180525165883114	3	7.666666666666667	693.6666666666666	relative abundance among classified reads only; relative values use clade reads at rank / classified reads.
S_23_09_06	phylum	Euryarchaeota	28890	0.004585959716617485	8.558010518670587e-05	3	2.3333333333333335	687.6666666666666	relative abundance among classified reads only; relative values use clade reads at rank / classified reads.
S_23_09_06	phylum	Acidobacteria	57723	0.004368027667863046	0.00010314264025412066	3	1.3333333333333333	655.0	relative abundance among classified reads only; relative values use clade reads at rank / classified reads.
S_23_09_06	phylum	Verrucomicrobia	74201	0.0038302753692182195	0.00015432131197803245	3	0.6666666666666666	574.3333333333334	relative abundance among classified reads only; relative values use clade reads at rank / classified reads.
S_23_09_06	phylum	Spirochaetes	203691	0.0027785846283507943	3.8852148115199034e-05	3	0.0	416.6666666666667	relative abundance among classified reads only; relative values use clade reads at rank / classified reads.
S_23_09_06	phylum	Deinococcus-Thermus	1297	0.0025141154671804947	5.4785388927045664e-05	3	0.0	377.0	relative abundance among classified reads only; relative values use clade reads at rank / classified reads.
S_23_09_06	phylum	Chlorobi	1090	0.0012847934949651936	5.888109048518963e-05	3	0.0	192.66666666666666	relative abundance among classified reads only; relative values use clade reads at rank / classified reads.
S_23_09_06	phylum	Gemmatimonadetes	142182	0.0011781040668083916	6.191499283508021e-05	3	0.0	176.66666666666666	relative abundance among classified reads only; relative values use clade reads at rank / classified reads.
S_23_09_06	phylum	Tenericutes	544448	0.001100187363601489	0.0001149239700917308	3	2.0	165.0	relative abundance among classified reads only; relative values use clade reads at rank / classified reads.
S_23_09_06	phylum	Kiritimatiellaeota	134625	0.0009913955223487315	2.5665218423464593e-05	3	0.0	148.66666666666666	relative abundance among classified reads only; relative values use clade reads at rank / classified reads.
S_23_09_06	phylum	Uroviricota	2731618	0.000982569714492427	4.067054622866819e-05	3	0.0	147.33333333333334	relative abundance among classified reads only; relative values use clade reads at rank / classified reads.
S_23_09_06	phylum	Fusobacteria	32066	0.0008558814230359493	5.065267413440637e-05	3	0.0	128.33333333333334	relative abundance among classified reads only; relative values use clade reads at rank / classified reads.
S_23_09_06	phylum	Ignavibacteriae	1134404	0.0008469791494590181	0.00010479233178201105	3	0.0	127.0	relative abundance among classified reads only; relative values use clade reads at rank / classified reads.
S_23_09_06	phylum	Nitrospirae	40117	0.0008135553568542232	3.359373418092688e-05	3	0.0	122.0	relative abundance among classified reads only; relative values use clade reads at rank / classified reads.
S_23_09_06	phylum	Thermotogae	200918	0.0005801997003006452	1.859779844880964e-05	3	0.0	87.0	relative abundance among classified reads only; relative values use clade reads at rank / classified reads.
S_23_09_06	phylum	Calditrichaeota	1930617	0.00046239116863925267	2.012773179840615e-05	3	0.0	69.33333333333333	relative abundance among classified reads only; relative values use clade reads at rank / classified reads.
S_23_09_06	phylum	Thermodesulfobacteria	200940	0.00041793391050360377	2.590995174466086e-05	3	0.0	62.666666666666664	relative abundance among classified reads only; relative values use clade reads at rank / classified reads.
S_23_09_06	phylum	Synergistetes	508458	0.0004001246532841761	7.970963875211729e-07	3	0.0	60.0	relative abundance among classified reads only; relative values use clade reads at rank / classified reads.
S_23_09_06	phylum	Deferribacteres	200930	0.00039338075047468156	6.69573868097407e-05	3	0.0	59.0	relative abundance among classified reads only; relative values use clade reads at rank / classified reads.
S_23_09_06	phylum	Nucleocytoviricota	2732007	0.00038457324209069946	1.428624995886075e-05	3	0.0	57.666666666666664	relative abundance among classified reads only; relative values use clade reads at rank / classified reads.
S_23_09_06	phylum	Chlamydiae	204428	0.00029341381563393996	1.7377762586909198e-05	3	0.0	44.0	relative abundance among classified reads only; relative values use clade reads at rank / classified reads.
S_23_09_06	phylum	Thaumarchaeota	651137	0.00024233108298590063	2.5702416625528085e-05	3	0.0	36.333333333333336	relative abundance among classified reads only; relative values use clade reads at rank / classified reads.
S_23_09_06	phylum	Chrysiogenetes	200938	0.00021119727316415643	3.1717014501972046e-05	3	0.0	31.666666666666668	relative abundance among classified reads only; relative values use clade reads at rank / classified reads.
S_23_09_06	phylum	Aquificae	200783	0.0002089231333985835	2.972417866014979e-05	3	0.0	31.333333333333332	relative abundance among classified reads only; relative values use clade reads at rank / classified reads.
S_23_09_06	phylum	Crenarchaeota	28889	0.00019563202468590206	4.354566666443919e-05	3	0.0	29.333333333333332	relative abundance among classified reads only; relative values use clade reads at rank / classified reads.
S_23_09_06	phylum	Candidatus Thermoplasmatota	2283796	0.00019336169354160597	2.3640347703907537e-05	3	0.3333333333333333	29.0	relative abundance among classified reads only; relative values use clade reads at rank / classified reads.
S_23_09_06	phylum	Balneolaeota	1936987	0.00016672908492071836	1.1788864301623179e-05	3	0.0	25.0	relative abundance among classified reads only; relative values use clade reads at rank / classified reads.
S_23_09_06	phylum	Candidatus Lokiarchaeota	1655434	0.000137810752860201	7.424597694264315e-06	3	0.0	20.666666666666668	relative abundance among classified reads only; relative values use clade reads at rank / classified reads.
S_23_09_06	phylum	Armatimonadetes	67819	0.00012895150111426153	2.165043129916937e-05	3	0.0	19.333333333333332	relative abundance among classified reads only; relative values use clade reads at rank / classified reads.
S_23_09_06	phylum	Candidatus Omnitrophica	67812	0.00012006281694408729	2.0228383883901243e-05	3	0.0	18.0	relative abundance among classified reads only; relative values use clade reads at rank / classified reads.
S_23_09_06	phylum	Atribacterota	67818	0.0001022954772672396	3.925573811718166e-05	3	0.0	15.333333333333334	relative abundance among classified reads only; relative values use clade reads at rank / classified reads.
S_23_09_06	phylum	Candidatus Saccharibacteria	95818	9.781969702521755e-05	1.0341424539480695e-05	3	4.666666666666667	14.666666666666666	relative abundance among classified reads only; relative values use clade reads at rank / classified reads.
S_23_09_06	phylum	Candidatus Cloacimonetes	456828	9.33534947245521e-05	2.3055732155001457e-05	3	0.0	14.0	relative abundance among classified reads only; relative values use clade reads at rank / classified reads.
S_23_09_06	phylum	Peploviricota	2731361	7.555962980045814e-05	2.5185100567966837e-05	3	0.0	11.333333333333334	relative abundance among classified reads only; relative values use clade reads at rank / classified reads.
S_23_09_06	phylum	Elusimicrobia	74152	7.11357957645168e-05	1.6816658805950727e-05	3	0.0	10.666666666666666	relative abundance among classified reads only; relative values use clade reads at rank / classified reads.
S_23_09_06	phylum	Fibrobacteres	65842	6.445657215746889e-05	1.0107554836813746e-05	3	0.0	9.666666666666666	relative abundance among classified reads only; relative values use clade reads at rank / classified reads.
S_23_09_06	phylum	Candidatus Bipolaricaulota	67810	6.001669225992626e-05	6.650127213570932e-06	3	0.0	9.0	relative abundance among classified reads only; relative values use clade reads at rank / classified reads.
S_23_09_06	phylum	Caldiserica	67814	5.7794295856310604e-05	3.819711555223455e-06	3	0.0	8.666666666666666	relative abundance among classified reads only; relative values use clade reads at rank / classified reads.
S_23_09_06	phylum	Dictyoglomi	68297	3.557012897603065e-05	3.90193016829072e-06	3	0.0	5.333333333333333	relative abundance among classified reads only; relative values use clade reads at rank / classified reads.
S_23_09_06	phylum	Candidatus Micrarchaeota	1801631	2.6678988351012063e-05	1.3364578546541918e-05	3	0.0	4.0	relative abundance among classified reads only; relative values use clade reads at rank / classified reads.
S_23_09_06	phylum	Cossaviricota	2732415	1.9997759011263984e-05	6.628408724713915e-06	3	0.0	3.0	relative abundance among classified reads only; relative values use clade reads at rank / classified reads.
S_23_09_06	phylum	Candidatus Absconditabacteria	221235	1.3335482710105711e-05	6.670241501310309e-06	3	0.0	2.0	relative abundance among classified reads only; relative values use clade reads at rank / classified reads.
S_23_09_06	phylum	Candidatus Nanohaloarchaeota	1462430	1.1119554226734718e-05	3.867458994930892e-06	3	0.0	1.6666666666666667	relative abundance among classified reads only; relative values use clade reads at rank / classified reads.
S_23_09_06	phylum	Duplornaviricota	2732405	1.1113086306490058e-05	3.84513281351898e-06	3	0.0	1.6666666666666667	relative abundance among classified reads only; relative values use clade reads at rank / classified reads.
S_23_09_06	phylum	Coprothermobacterota	2138240	8.893146357718746e-06	3.856662829478902e-06	3	0.0	1.3333333333333333	relative abundance among classified reads only; relative values use clade reads at rank / classified reads.
S_23_09_06	phylum	Preplasmiviricota	2732008	8.893146357718746e-06	3.856662829478902e-06	3	0.0	1.3333333333333333	relative abundance among classified reads only; relative values use clade reads at rank / classified reads.
S_23_09_06	phylum	Taleaviricota	2840024	6.6762150079976765e-06	4.2548015805928724e-09	2	0.0	1.0	relative abundance among classified reads only; relative values use clade reads at rank / classified reads.
S_23_09_06	phylum	Negarnaviricota	2497569	6.6732064089474354e-06		1	0.0	1.0	relative abundance among classified reads only; relative values use clade reads at rank / classified reads.
S_23_09_06	phylum	Pisuviricota	2732408	6.6732064089474354e-06		1	0.0	1.0	relative abundance among classified reads only; relative values use clade reads at rank / classified reads.
S_23_10_25	phylum	Proteobacteria	1224	0.601344162956273	0.0005203106812324673	3	4305.333333333333	106586.0	relative abundance among classified reads only; relative values use clade reads at rank / classified reads.
S_23_10_25	phylum	Actinobacteria	201174	0.08361803272862278	0.00038780491573482136	3	123.66666666666667	14821.0	relative abundance among classified reads only; relative values use clade reads at rank / classified reads.
S_23_10_25	phylum	Bacteroidetes	976	0.07060226734572417	0.0004199735920864105	3	374.6666666666667	12514.0	relative abundance among classified reads only; relative values use clade reads at rank / classified reads.
S_23_10_25	phylum	Chordata	7711	0.05671019538323598	0.00016209868958481525	3	0.0	10051.666666666666	relative abundance among classified reads only; relative values use clade reads at rank / classified reads.
S_23_10_25	phylum	Cyanobacteria	1117	0.04883757719205086	0.0005402347693917718	3	342.0	8656.333333333334	relative abundance among classified reads only; relative values use clade reads at rank / classified reads.
S_23_10_25	phylum	Planctomycetes	203682	0.034821609595507654	0.00015952665229500225	3	20.0	6172.0	relative abundance among classified reads only; relative values use clade reads at rank / classified reads.
S_23_10_25	phylum	Firmicutes	1239	0.022984868059296903	0.00019211637456726833	3	74.66666666666667	4074.0	relative abundance among classified reads only; relative values use clade reads at rank / classified reads.
S_23_10_25	phylum	Acidobacteria	57723	0.0036633953035968407	0.00012313457991223838	3	3.0	649.3333333333334	relative abundance among classified reads only; relative values use clade reads at rank / classified reads.
S_23_10_25	phylum	Verrucomicrobia	74201	0.0032741536560428955	7.942399634787308e-05	3	1.6666666666666667	580.3333333333334	relative abundance among classified reads only; relative values use clade reads at rank / classified reads.
S_23_10_25	phylum	Euryarchaeota	28890	0.0030654664576588615	0.00010848196969563605	3	3.0	543.3333333333334	relative abundance among classified reads only; relative values use clade reads at rank / classified reads.
S_23_10_25	phylum	Chloroflexi	200795	0.0027570164825308947	5.313468162915855e-05	3	4.666666666666667	488.6666666666667	relative abundance among classified reads only; relative values use clade reads at rank / classified reads.
S_23_10_25	phylum	Deinococcus-Thermus	1297	0.001969009483432396	3.89282451745327e-05	3	0.0	349.0	relative abundance among classified reads only; relative values use clade reads at rank / classified reads.
S_23_10_25	phylum	Spirochaetes	203691	0.0018279713881935885	2.8822295458019564e-05	3	0.0	324.0	relative abundance among classified reads only; relative values use clade reads at rank / classified reads.
S_23_10_25	phylum	Uroviricota	2731618	0.001096432327198633	5.794118141935367e-05	3	0.0	194.33333333333334	relative abundance among classified reads only; relative values use clade reads at rank / classified reads.
S_23_10_25	phylum	Tenericutes	544448	0.001024963577552772	5.857545426986556e-05	3	1.6666666666666667	181.66666666666666	relative abundance among classified reads only; relative values use clade reads at rank / classified reads.
S_23_10_25	phylum	Gemmatimonadetes	142182	0.0010193210052506895	4.872111285513054e-05	3	0.0	180.66666666666666	relative abundance among classified reads only; relative values use clade reads at rank / classified reads.
S_23_10_25	phylum	Chlorobi	1090	0.0008538123002241322	2.7115515420725994e-05	3	0.0	151.33333333333334	relative abundance among classified reads only; relative values use clade reads at rank / classified reads.
S_23_10_25	phylum	Kiritimatiellaeota	134625	0.0006901667895587117	6.18103608060775e-05	3	1.3333333333333333	122.33333333333333	relative abundance among classified reads only; relative values use clade reads at rank / classified reads.
S_23_10_25	phylum	Fusobacteria	32066	0.0005867378145204947	6.481393376542107e-05	3	0.0	104.0	relative abundance among classified reads only; relative values use clade reads at rank / classified reads.
S_23_10_25	phylum	Nitrospirae	40117	0.0005021588210059534	6.39929092844796e-05	3	0.6666666666666666	89.0	relative abundance among classified reads only; relative values use clade reads at rank / classified reads.
S_23_10_25	phylum	Thermotogae	200918	0.00037989733355742113	6.200629158309002e-05	3	0.0	67.33333333333333	relative abundance among classified reads only; relative values use clade reads at rank / classified reads.
S_23_10_25	phylum	Ignavibacteriae	1134404	0.000370468144281736	2.75514706992767e-05	3	0.0	65.66666666666667	relative abundance among classified reads only; relative values use clade reads at rank / classified reads.
S_23_10_25	phylum	Nucleocytoviricota	2732007	0.00030090123691523505	2.351459050381001e-05	3	0.0	53.333333333333336	relative abundance among classified reads only; relative values use clade reads at rank / classified reads.
S_23_10_25	phylum	Deferribacteres	200930	0.00027832024045127877	4.550684342340213e-05	3	0.0	49.333333333333336	relative abundance among classified reads only; relative values use clade reads at rank / classified reads.
S_23_10_25	phylum	Synergistetes	508458	0.00025575956738386563	1.1583350523339482e-05	3	0.0	45.333333333333336	relative abundance among classified reads only; relative values use clade reads at rank / classified reads.
S_23_10_25	phylum	Chlamydiae	204428	0.0002520269696254594	4.330659770936798e-05	3	0.0	44.666666666666664	relative abundance among classified reads only; relative values use clade reads at rank / classified reads.
S_23_10_25	phylum	Thaumarchaeota	651137	0.00025010790846762243	2.875407173509786e-05	3	0.0	44.333333333333336	relative abundance among classified reads only; relative values use clade reads at rank / classified reads.
S_23_10_25	phylum	Calditrichaeota	1930617	0.00024072357614629352	1.4291115413615772e-05	3	0.0	42.666666666666664	relative abundance among classified reads only; relative values use clade reads at rank / classified reads.
S_23_10_25	phylum	Thermodesulfobacteria	200940	0.00020874424647061713	2.249056464066278e-05	3	0.0	37.0	relative abundance among classified reads only; relative values use clade reads at rank / classified reads.
S_23_10_25	phylum	Peploviricota	2731361	0.00015421392098662976	6.614099946653616e-06	3	0.0	27.333333333333332	relative abundance among classified reads only; relative values use clade reads at rank / classified reads.
S_23_10_25	phylum	Chrysiogenetes	200938	0.0001542077875971765	6.4013826660296434e-06	3	0.0	27.333333333333332	relative abundance among classified reads only; relative values use clade reads at rank / classified reads.
S_23_10_25	phylum	Aquificae	200783	0.00015045183757084023	1.725723920759748e-05	3	0.0	26.666666666666668	relative abundance among classified reads only; relative values use clade reads at rank / classified reads.
S_23_10_25	phylum	Candidatus Saccharibacteria	95818	0.00010719486708703366	9.761468140991985e-06	3	4.0	19.0	relative abundance among classified reads only; relative values use clade reads at rank / classified reads.
S_23_10_25	phylum	Balneolaeota	1936987	0.0001052899581129469	5.110249814344053e-05	3	0.0	18.666666666666668	relative abundance among classified reads only; relative values use clade reads at rank / classified reads.
S_23_10_25	phylum	Armatimonadetes	67819	9.966094734967304e-05	2.2720463871837202e-05	3	0.0	17.666666666666668	relative abundance among classified reads only; relative values use clade reads at rank / classified reads.
S_23_10_25	phylum	Crenarchaeota	28889	7.711372235104934e-05	1.6351942257317147e-05	3	0.0	13.666666666666666	relative abundance among classified reads only; relative values use clade reads at rank / classified reads.
S_23_10_25	phylum	Candidatus Bipolaricaulota	67810	4.701657784981093e-05	8.623541543226229e-06	3	0.0	8.333333333333334	relative abundance among classified reads only; relative values use clade reads at rank / classified reads.
S_23_10_25	phylum	Candidatus Thermoplasmatota	2283796	4.513553614191617e-05	1.4926310748891702e-05	3	0.0	8.0	relative abundance among classified reads only; relative values use clade reads at rank / classified reads.
S_23_10_25	phylum	Atribacterota	67818	4.1378404825696934e-05	8.653927581185803e-06	3	0.0	7.333333333333333	relative abundance among classified reads only; relative values use clade reads at rank / classified reads.
S_23_10_25	phylum	Candidatus Lokiarchaeota	1655434	3.9488791501903534e-05	9.74232359179795e-06	3	0.0	7.0	relative abundance among classified reads only; relative values use clade reads at rank / classified reads.
S_23_10_25	phylum	Candidatus Cloacimonetes	456828	3.572855566761794e-05	6.490564156915216e-06	3	0.0	6.333333333333333	relative abundance among classified reads only; relative values use clade reads at rank / classified reads.
S_23_10_25	phylum	Dictyoglomi	68297	3.0082401672546777e-05	1.4173598394749929e-05	3	0.0	5.333333333333333	relative abundance among classified reads only; relative values use clade reads at rank / classified reads.
S_23_10_25	phylum	Candidatus Omnitrophica	67812	2.4446666874878184e-05	3.240032194029448e-06	3	0.0	4.333333333333333	relative abundance among classified reads only; relative values use clade reads at rank / classified reads.
S_23_10_25	phylum	Fibrobacteres	65842	2.4445447761655485e-05	8.602761744072608e-06	3	0.0	4.333333333333333	relative abundance among classified reads only; relative values use clade reads at rank / classified reads.
S_23_10_25	phylum	Elusimicrobia	74152	2.2563186940538025e-05	9.753447800497908e-06	3	0.0	4.0	relative abundance among classified reads only; relative values use clade reads at rank / classified reads.
S_23_10_25	phylum	Pisuviricota	2732408	1.3165997195361135e-05	3.268685197489169e-06	3	0.0	2.3333333333333335	relative abundance among classified reads only; relative values use clade reads at rank / classified reads.
S_23_10_25	phylum	Candidatus Absconditabacteria	221235	1.1293564926704764e-05		1	0.0	2.0	relative abundance among classified reads only; relative values use clade reads at rank / classified reads.
S_23_10_25	phylum	Cossaviricota	2732415	1.1286803068970296e-05	5.651383745876765e-06	3	0.0	2.0	relative abundance among classified reads only; relative values use clade reads at rank / classified reads.
S_23_10_25	phylum	Coprothermobacterota	2138240	8.458202238592822e-06	3.983786600130263e-06	2	0.0	1.5	relative abundance among classified reads only; relative values use clade reads at rank / classified reads.
S_23_10_25	phylum	Caldiserica	67814	7.524129008239297e-06	3.2644277755215467e-06	3	0.0	1.3333333333333333	relative abundance among classified reads only; relative values use clade reads at rank / classified reads.
S_23_10_25	phylum	Candidatus Micrarchaeota	1801631	7.521062313512675e-06	3.251149266832636e-06	3	0.0	1.3333333333333333	relative abundance among classified reads only; relative values use clade reads at rank / classified reads.
S_23_10_25	phylum	Duplornaviricota	2732405	5.641868187121836e-06	4.632128723873443e-09	3	0.0	1.0	relative abundance among classified reads only; relative values use clade reads at rank / classified reads.
S_23_10_25	phylum	Candidatus Korarchaeota	51967	5.637582379172516e-06		1	0.0	1.0	relative abundance among classified reads only; relative values use clade reads at rank / classified reads.
S_23_10_25	phylum	Preplasmiviricota	2732008	5.637582379172516e-06		1	0.0	1.0	relative abundance among classified reads only; relative values use clade reads at rank / classified reads.
S_24_01_04	phylum	Proteobacteria	1224	0.588046872878817	0.000359551933565123	3	3415.3333333333335	79073.33333333333	relative abundance among classified reads only; relative values use clade reads at rank / classified reads.
S_24_01_04	phylum	Bacteroidetes	976	0.08708133031558794	0.00025226179936377075	3	374.6666666666667	11709.666666666666	relative abundance among classified reads only; relative values use clade reads at rank / classified reads.
S_24_01_04	phylum	Actinobacteria	201174	0.08230464314589998	0.0002844841691754694	3	89.33333333333333	11067.333333333334	relative abundance among classified reads only; relative values use clade reads at rank / classified reads.
S_24_01_04	phylum	Chordata	7711	0.04948377684225553	0.00022581593144109115	3	0.0	6654.0	relative abundance among classified reads only; relative values use clade reads at rank / classified reads.
S_24_01_04	phylum	Firmicutes	1239	0.03480386551827883	0.00034373382811906734	3	78.66666666666667	4680.0	relative abundance among classified reads only; relative values use clade reads at rank / classified reads.
S_24_01_04	phylum	Planctomycetes	203682	0.03428664882011723	0.0005926727846612603	3	20.666666666666668	4610.333333333333	relative abundance among classified reads only; relative values use clade reads at rank / classified reads.
S_24_01_04	phylum	Cyanobacteria	1117	0.030733484136926878	0.000262515268674992	3	153.0	4132.666666666667	relative abundance among classified reads only; relative values use clade reads at rank / classified reads.
S_24_01_04	phylum	Chloroflexi	200795	0.004337981486452016	0.00018263307789202944	3	3.6666666666666665	583.3333333333334	relative abundance among classified reads only; relative values use clade reads at rank / classified reads.
S_24_01_04	phylum	Acidobacteria	57723	0.004263835304552879	0.00011728436466941967	3	3.0	573.3333333333334	relative abundance among classified reads only; relative values use clade reads at rank / classified reads.
S_24_01_04	phylum	Euryarchaeota	28890	0.004174734028120057	0.00018109988982474868	3	3.0	561.3333333333334	relative abundance among classified reads only; relative values use clade reads at rank / classified reads.
S_24_01_04	phylum	Verrucomicrobia	74201	0.0038226507164240016	0.00012075354578392176	3	2.6666666666666665	514.0	relative abundance among classified reads only; relative values use clade reads at rank / classified reads.
S_24_01_04	phylum	Spirochaetes	203691	0.0028036087183631654	5.010664212380022e-05	3	0.0	377.0	relative abundance among classified reads only; relative values use clade reads at rank / classified reads.
S_24_01_04	phylum	Deinococcus-Thermus	1297	0.00267468718961067	8.320207748997766e-05	3	0.0	359.6666666666667	relative abundance among classified reads only; relative values use clade reads at rank / classified reads.
S_24_01_04	phylum	Chlorobi	1090	0.0012740702119802656	0.00011219584370540049	3	0.0	171.33333333333334	relative abundance among classified reads only; relative values use clade reads at rank / classified reads.
S_24_01_04	phylum	Kiritimatiellaeota	134625	0.0012270702034610991	2.035712477444598e-05	3	0.3333333333333333	165.0	relative abundance among classified reads only; relative values use clade reads at rank / classified reads.
S_24_01_04	phylum	Tenericutes	544448	0.0011999008623290342	0.00011351218533941927	3	1.6666666666666667	161.33333333333334	relative abundance among classified reads only; relative values use clade reads at rank / classified reads.
S_24_01_04	phylum	Uroviricota	2731618	0.0010957171022324531	2.836388979381665e-05	3	0.0	147.33333333333334	relative abundance among classified reads only; relative values use clade reads at rank / classified reads.
S_24_01_04	phylum	Gemmatimonadetes	142182	0.0010734290096543638	5.140031545172265e-05	3	0.0	144.33333333333334	relative abundance among classified reads only; relative values use clade reads at rank / classified reads.
S_24_01_04	phylum	Fusobacteria	32066	0.0007660210005483522	6.502235616637416e-05	3	0.0	103.0	relative abundance among classified reads only; relative values use clade reads at rank / classified reads.
S_24_01_04	phylum	Nitrospirae	40117	0.0006915879402172257	6.763181621925451e-05	3	0.0	93.0	relative abundance among classified reads only; relative values use clade reads at rank / classified reads.
S_24_01_04	phylum	Ignavibacteriae	1134404	0.0005726287519031547	7.372767438518545e-06	3	0.0	77.0	relative abundance among classified reads only; relative values use clade reads at rank / classified reads.
S_24_01_04	phylum	Thermotogae	200918	0.0005725746672858035	6.362343089878376e-05	3	0.0	77.0	relative abundance among classified reads only; relative values use clade reads at rank / classified reads.
S_24_01_04	phylum	Thaumarchaeota	651137	0.0004214516956942683	3.7285179040710724e-05	3	0.0	56.666666666666664	relative abundance among classified reads only; relative values use clade reads at rank / classified reads.
S_24_01_04	phylum	Nucleocytoviricota	2732007	0.0004015927964046543	4.468276235895658e-05	3	0.0	54.0	relative abundance among classified reads only; relative values use clade reads at rank / classified reads.
S_24_01_04	phylum	Thermodesulfobacteria	200940	0.0003942064446741302	4.541780906791e-05	3	0.0	53.0	relative abundance among classified reads only; relative values use clade reads at rank / classified reads.
S_24_01_04	phylum	Calditrichaeota	1930617	0.00036433913542327544	7.827416412579434e-05	3	0.0	49.0	relative abundance among classified reads only; relative values use clade reads at rank / classified reads.
S_24_01_04	phylum	Synergistetes	508458	0.0003370724047011829	7.476249416907282e-05	3	0.0	45.333333333333336	relative abundance among classified reads only; relative values use clade reads at rank / classified reads.
S_24_01_04	phylum	Deferribacteres	200930	0.00032972164862386967	1.940479575557269e-05	3	0.0	44.333333333333336	relative abundance among classified reads only; relative values use clade reads at rank / classified reads.
S_24_01_04	phylum	Chlamydiae	204428	0.000307463130429665	5.701184627194987e-05	3	0.0	41.333333333333336	relative abundance among classified reads only; relative values use clade reads at rank / classified reads.
S_24_01_04	phylum	Chrysiogenetes	200938	0.0002775904512533217	3.380428864045165e-05	3	0.0	37.333333333333336	relative abundance among classified reads only; relative values use clade reads at rank / classified reads.
S_24_01_04	phylum	Balneolaeota	1936987	0.0002156521093207744	2.6619836981588634e-05	3	0.0	29.0	relative abundance among classified reads only; relative values use clade reads at rank / classified reads.
S_24_01_04	phylum	Aquificae	200783	0.00020073222507783597	4.844247523868032e-05	3	0.0	27.0	relative abundance among classified reads only; relative values use clade reads at rank / classified reads.
S_24_01_04	phylum	Crenarchaeota	28889	0.0001983198327033611	1.8798458400936562e-05	3	0.0	26.666666666666668	relative abundance among classified reads only; relative values use clade reads at rank / classified reads.
S_24_01_04	phylum	Peploviricota	2731361	0.00015863429347076237	2.991191442683754e-05	3	0.0	21.333333333333332	relative abundance among classified reads only; relative values use clade reads at rank / classified reads.
S_24_01_04	phylum	Armatimonadetes	67819	0.00015368687796708637	3.97434680875118e-06	3	0.0	20.666666666666668	relative abundance among classified reads only; relative values use clade reads at rank / classified reads.
S_24_01_04	phylum	Candidatus Thermoplasmatota	2283796	0.00012642751099569178	1.4891953086202035e-05	3	0.0	17.0	relative abundance among classified reads only; relative values use clade reads at rank / classified reads.
S_24_01_04	phylum	Candidatus Lokiarchaeota	1655434	0.00012639156977371348	3.845090934574373e-05	3	0.0	17.0	relative abundance among classified reads only; relative values use clade reads at rank / classified reads.
S_24_01_04	phylum	Candidatus Omnitrophica	67812	0.00011645573339396431	3.795308797771254e-05	3	0.0	15.666666666666666	relative abundance among classified reads only; relative values use clade reads at rank / classified reads.
S_24_01_04	phylum	Elusimicrobia	74152	8.675743019572163e-05	8.513356240718944e-06	3	0.0	11.666666666666666	relative abundance among classified reads only; relative values use clade reads at rank / classified reads.
S_24_01_04	phylum	Candidatus Cloacimonetes	456828	7.928741946396129e-05	3.500664316685627e-05	3	0.0	10.666666666666666	relative abundance among classified reads only; relative values use clade reads at rank / classified reads.
S_24_01_04	phylum	Atribacterota	67818	7.434368583563426e-05	2.6719942144338768e-05	3	0.0	10.0	relative abundance among classified reads only; relative values use clade reads at rank / classified reads.
S_24_01_04	phylum	Candidatus Saccharibacteria	95818	7.431579950188886e-05	4.13085311617148e-05	3	4.0	10.0	relative abundance among classified reads only; relative values use clade reads at rank / classified reads.
S_24_01_04	phylum	Candidatus Bipolaricaulota	67810	6.694759116673764e-05	1.4998340288068537e-05	3	0.0	9.0	relative abundance among classified reads only; relative values use clade reads at rank / classified reads.
S_24_01_04	phylum	Fibrobacteres	65842	6.446396769214339e-05	8.733890569416486e-06	3	0.0	8.666666666666666	relative abundance among classified reads only; relative values use clade reads at rank / classified reads.
S_24_01_04	phylum	Dictyoglomi	68297	4.2121790496702566e-05	2.8083197200966306e-05	3	0.0	5.666666666666667	relative abundance among classified reads only; relative values use clade reads at rank / classified reads.
S_24_01_04	phylum	Caldiserica	67814	2.727313735388355e-05	1.1364593406448616e-05	3	0.0	3.6666666666666665	relative abundance among classified reads only; relative values use clade reads at rank / classified reads.
S_24_01_04	phylum	Candidatus Absconditabacteria	221235	2.725096651439422e-05	1.5432436344163523e-05	3	0.0	3.6666666666666665	relative abundance among classified reads only; relative values use clade reads at rank / classified reads.
S_24_01_04	phylum	Preplasmiviricota	2732008	1.4873508945052645e-05	3.168230883445587e-08	3	0.0	2.0	relative abundance among classified reads only; relative values use clade reads at rank / classified reads.
S_24_01_04	phylum	Cossaviricota	2732415	1.4863766006680126e-05	7.411055612860483e-06	3	0.0	2.0	relative abundance among classified reads only; relative values use clade reads at rank / classified reads.
S_24_01_04	phylum	Coprothermobacterota	2138240	1.2396943446086611e-05	4.301861342988647e-06	3	0.0	1.6666666666666667	relative abundance among classified reads only; relative values use clade reads at rank / classified reads.
S_24_01_04	phylum	Candidatus Micrarchaeota	1801631	1.115311798673126e-05	5.230073048693325e-06	2	0.0	1.5	relative abundance among classified reads only; relative values use clade reads at rank / classified reads.
S_24_01_04	phylum	Pisuviricota	2732408	7.45489786789921e-06		1	0.0	1.0	relative abundance among classified reads only; relative values use clade reads at rank / classified reads.
S_24_01_04	phylum	Candidatus Nanohaloarchaeota	1462430	7.440283460340432e-06	2.0667893375670818e-08	2	0.0	1.0	relative abundance among classified reads only; relative values use clade reads at rank / classified reads.
S_24_01_04	phylum	Negarnaviricota	2497569	7.440283460340432e-06	2.0667893375670818e-08	2	0.0	1.0	relative abundance among classified reads only; relative values use clade reads at rank / classified reads.
S_24_01_04	phylum	Duplornaviricota	2732405	7.4256690527816554e-06		1	0.0	1.0	relative abundance among classified reads only; relative values use clade reads at rank / classified reads.
S_24_03_04	phylum	Proteobacteria	1224	0.5956590311495708	0.0019486057815699136	3	3765.6666666666665	83470.66666666667	relative abundance among classified reads only; relative values use clade reads at rank / classified reads.
S_24_03_04	phylum	Actinobacteria	201174	0.08703512524783352	0.0005174780830540427	3	85.66666666666667	12196.333333333334	relative abundance among classified reads only; relative values use clade reads at rank / classified reads.
S_24_03_04	phylum	Bacteroidetes	976	0.06716978586063517	0.000994859592850762	3	277.0	9412.666666666666	relative abundance among classified reads only; relative values use clade reads at rank / classified reads.
S_24_03_04	phylum	Chordata	7711	0.04594234290548584	0.00025190239614398055	3	0.0	6438.0	relative abundance among classified reads only; relative values use clade reads at rank / classified reads.
S_24_03_04	phylum	Planctomycetes	203682	0.03651080084766024	0.0007706409742270121	3	21.666666666666668	5116.333333333333	relative abundance among classified reads only; relative values use clade reads at rank / classified reads.
S_24_03_04	phylum	Firmicutes	1239	0.03619226699775128	0.000643167248274932	3	85.33333333333333	5071.666666666667	relative abundance among classified reads only; relative values use clade reads at rank / classified reads.
S_24_03_04	phylum	Cyanobacteria	1117	0.027452780765600936	0.00016134693117209002	3	156.0	3847.0	relative abundance among classified reads only; relative values use clade reads at rank / classified reads.
S_24_03_04	phylum	Chloroflexi	200795	0.005573298481032625	6.104779073601119e-05	3	8.0	781.0	relative abundance among classified reads only; relative values use clade reads at rank / classified reads.
S_24_03_04	phylum	Euryarchaeota	28890	0.005221221540815363	0.0001349231068240926	3	2.3333333333333335	731.6666666666666	relative abundance among classified reads only; relative values use clade reads at rank / classified reads.
S_24_03_04	phylum	Acidobacteria	57723	0.005045402870743187	0.00022654572106719072	3	4.333333333333333	707.0	relative abundance among classified reads only; relative values use clade reads at rank / classified reads.
S_24_03_04	phylum	Verrucomicrobia	74201	0.003572744683423055	0.00023262743856936733	3	2.0	500.6666666666667	relative abundance among classified reads only; relative values use clade reads at rank / classified reads.
S_24_03_04	phylum	Deinococcus-Thermus	1297	0.0030828827208418436	0.0001381569859081214	3	0.0	432.0	relative abundance among classified reads only; relative values use clade reads at rank / classified reads.
S_24_03_04	phylum	Spirochaetes	203691	0.0030589733764766094	8.303921731040668e-05	3	0.0	428.6666666666667	relative abundance among classified reads only; relative values use clade reads at rank / classified reads.
S_24_03_04	phylum	Chlorobi	1090	0.001422519907991409	7.325762240660592e-05	3	0.0	199.33333333333334	relative abundance among classified reads only; relative values use clade reads at rank / classified reads.
S_24_03_04	phylum	Gemmatimonadetes	142182	0.00120838148153846	5.964491777736392e-05	3	0.0	169.33333333333334	relative abundance among classified reads only; relative values use clade reads at rank / classified reads.
S_24_03_04	phylum	Uroviricota	2731618	0.001053681926239027	0.00013523296484260134	3	0.0	147.66666666666666	relative abundance among classified reads only; relative values use clade reads at rank / classified reads.
S_24_03_04	phylum	Thaumarchaeota	651137	0.0010442735089512703	5.496336371863849e-05	3	0.6666666666666666	146.33333333333334	relative abundance among classified reads only; relative values use clade reads at rank / classified reads.
S_24_03_04	phylum	Kiritimatiellaeota	134625	0.0010347948366073165	0.00011157911170285166	3	1.0	145.0	relative abundance among classified reads only; relative values use clade reads at rank / classified reads.
S_24_03_04	phylum	Tenericutes	544448	0.0009087005239935675	4.842040006751625e-05	3	1.0	127.33333333333333	relative abundance among classified reads only; relative values use clade reads at rank / classified reads.
S_24_03_04	phylum	Nitrospirae	40117	0.0008991342861923917	4.9374071928427446e-05	3	0.0	126.0	relative abundance among classified reads only; relative values use clade reads at rank / classified reads.
S_24_03_04	phylum	Thermotogae	200918	0.000701706077308868	4.324554336333992e-05	3	0.0	98.33333333333333	relative abundance among classified reads only; relative values use clade reads at rank / classified reads.
S_24_03_04	phylum	Fusobacteria	32066	0.0006898399643732702	3.694550413452265e-05	3	0.0	96.66666666666667	relative abundance among classified reads only; relative values use clade reads at rank / classified reads.
S_24_03_04	phylum	Ignavibacteriae	1134404	0.0006731697858027678	1.7574843915953132e-05	3	0.0	94.33333333333333	relative abundance among classified reads only; relative values use clade reads at rank / classified reads.
S_24_03_04	phylum	Nucleocytoviricota	2732007	0.0005114154619204111	5.7560082380914744e-05	3	0.3333333333333333	71.66666666666667	relative abundance among classified reads only; relative values use clade reads at rank / classified reads.
S_24_03_04	phylum	Calditrichaeota	1930617	0.0005042898876881937	6.630312156093683e-05	3	0.0	70.66666666666667	relative abundance among classified reads only; relative values use clade reads at rank / classified reads.
S_24_03_04	phylum	Thermodesulfobacteria	200940	0.00045196340678850424	1.1352723235100197e-05	3	0.0	63.333333333333336	relative abundance among classified reads only; relative values use clade reads at rank / classified reads.
S_24_03_04	phylum	Synergistetes	508458	0.00044721181084739756	2.1036871894642524e-05	3	0.0	62.666666666666664	relative abundance among classified reads only; relative values use clade reads at rank / classified reads.
S_24_03_04	phylum	Deferribacteres	200930	0.000397250928334855	8.622822822140719e-06	3	0.0	55.666666666666664	relative abundance among classified reads only; relative values use clade reads at rank / classified reads.
S_24_03_04	phylum	Chlamydiae	204428	0.0003948396579591191	4.555276403464228e-05	3	0.0	55.333333333333336	relative abundance among classified reads only; relative values use clade reads at rank / classified reads.
S_24_03_04	phylum	Chrysiogenetes	200938	0.00033538801425923815	1.859726905081669e-05	3	0.0	47.0	relative abundance among classified reads only; relative values use clade reads at rank / classified reads.
S_24_03_04	phylum	Candidatus Thermoplasmatota	2283796	0.000304443680304261	4.829381205802358e-05	3	1.0	42.666666666666664	relative abundance among classified reads only; relative values use clade reads at rank / classified reads.
S_24_03_04	phylum	Aquificae	200783	0.00027356465816998267	5.0194868714285065e-05	3	0.0	38.333333333333336	relative abundance among classified reads only; relative values use clade reads at rank / classified reads.
S_24_03_04	phylum	Crenarchaeota	28889	0.00024971925216829815	7.11292061437269e-05	3	0.0	35.0	relative abundance among classified reads only; relative values use clade reads at rank / classified reads.
S_24_03_04	phylum	Balneolaeota	1936987	0.00017125243336800058	2.5574548829468183e-05	3	0.0	24.0	relative abundance among classified reads only; relative values use clade reads at rank / classified reads.
S_24_03_04	phylum	Candidatus Lokiarchaeota	1655434	0.0001450978798833426	1.082713214127185e-05	3	0.0	20.333333333333332	relative abundance among classified reads only; relative values use clade reads at rank / classified reads.
S_24_03_04	phylum	Peploviricota	2731361	0.00013082743343828843	4.024414084027436e-06	3	0.0	18.333333333333332	relative abundance among classified reads only; relative values use clade reads at rank / classified reads.
S_24_03_04	phylum	Armatimonadetes	67819	0.00012368668159689827	1.0787575252550142e-05	3	0.0	17.333333333333332	relative abundance among classified reads only; relative values use clade reads at rank / classified reads.
S_24_03_04	phylum	Candidatus Omnitrophica	67812	0.00011893508565579158	1.0884086794753863e-05	3	0.0	16.666666666666668	relative abundance among classified reads only; relative values use clade reads at rank / classified reads.
S_24_03_04	phylum	Candidatus Cloacimonetes	456828	9.989553017818635e-05	1.879198829995358e-05	3	0.0	14.0	relative abundance among classified reads only; relative values use clade reads at rank / classified reads.
S_24_03_04	phylum	Candidatus Saccharibacteria	95818	8.563380548858664e-05	8.503754656278902e-08	3	2.6666666666666665	12.0	relative abundance among classified reads only; relative values use clade reads at rank / classified reads.
S_24_03_04	phylum	Elusimicrobia	74152	8.563380548858664e-05	8.503754656278902e-08	3	0.3333333333333333	12.0	relative abundance among classified reads only; relative values use clade reads at rank / classified reads.
S_24_03_04	phylum	Fibrobacteres	65842	8.325247889917019e-05	4.043289638339776e-06	3	0.0	11.666666666666666	relative abundance among classified reads only; relative values use clade reads at rank / classified reads.
S_24_03_04	phylum	Atribacterota	67818	7.849717401864298e-05	1.8871414718234207e-05	3	0.0	11.0	relative abundance among classified reads only; relative values use clade reads at rank / classified reads.
S_24_03_04	phylum	Candidatus Bipolaricaulota	67810	7.376219872439335e-05	4.650407820940084e-05	3	0.0	10.333333333333334	relative abundance among classified reads only; relative values use clade reads at rank / classified reads.
S_24_03_04	phylum	Dictyoglomi	68297	7.135690318981424e-05	7.068067246966923e-06	3	0.0	10.0	relative abundance among classified reads only; relative values use clade reads at rank / classified reads.
S_24_03_04	phylum	Caldiserica	67814	4.7580929380275025e-05	1.0942896602249682e-05	3	0.0	6.666666666666667	relative abundance among classified reads only; relative values use clade reads at rank / classified reads.
S_24_03_04	phylum	Coprothermobacterota	2138240	1.9025751325581392e-05	8.222874596463601e-06	3	0.0	2.6666666666666665	relative abundance among classified reads only; relative values use clade reads at rank / classified reads.
S_24_03_04	phylum	Candidatus Micrarchaeota	1801631	1.427230091476444e-05	1.417292442713088e-08	3	0.0	2.0	relative abundance among classified reads only; relative values use clade reads at rank / classified reads.
S_24_03_04	phylum	Candidatus Absconditabacteria	221235	1.4267699530756484e-05	7.12327358214246e-06	3	0.0	2.0	relative abundance among classified reads only; relative values use clade reads at rank / classified reads.
S_24_03_04	phylum	Candidatus Nanohaloarchaeota	1462430	1.069938379578465e-05	5.0476226144656376e-06	2	0.0	1.5	relative abundance among classified reads only; relative values use clade reads at rank / classified reads.
S_24_03_04	phylum	Pisuviricota	2732408	7.143979768249296e-06		1	0.0	1.0	relative abundance among classified reads only; relative values use clade reads at rank / classified reads.
S_24_03_04	phylum	Cressdnaviricota	2732416	7.139137877960616e-06	6.847466913773997e-09	2	0.0	1.0	relative abundance among classified reads only; relative values use clade reads at rank / classified reads.
S_24_03_04	phylum	Dividoviricota	2732009	7.137077692237361e-06	9.761009504608053e-09	2	0.0	1.0	relative abundance among classified reads only; relative values use clade reads at rank / classified reads.
S_24_03_04	phylum	Candidatus Korarchaeota	51967	7.130175616225427e-06		1	0.0	1.0	relative abundance among classified reads only; relative values use clade reads at rank / classified reads.
S_24_04_16	phylum	Proteobacteria	1224	0.5669363354681689	0.0023804378390441514	3	2659.6666666666665	64381.333333333336	relative abundance among classified reads only; relative values use clade reads at rank / classified reads.
S_24_04_16	phylum	Actinobacteria	201174	0.1357168834833952	0.0001983775663910417	3	153.66666666666666	15412.0	relative abundance among classified reads only; relative values use clade reads at rank / classified reads.
S_24_04_16	phylum	Cyanobacteria	1117	0.05209847154045993	0.0007107711803295562	3	190.66666666666666	5916.333333333333	relative abundance among classified reads only; relative values use clade reads at rank / classified reads.
S_24_04_16	phylum	Bacteroidetes	976	0.04885256027351065	0.0007013942020200545	3	158.66666666666666	5547.666666666667	relative abundance among classified reads only; relative values use clade reads at rank / classified reads.
S_24_04_16	phylum	Chordata	7711	0.04227754333917431	0.0008870027301402938	3	0.0	4801.0	relative abundance among classified reads only; relative values use clade reads at rank / classified reads.
S_24_04_16	phylum	Planctomycetes	203682	0.03614547914731948	0.0011125910875177736	3	16.0	4104.666666666667	relative abundance among classified reads only; relative values use clade reads at rank / classified reads.
S_24_04_16	phylum	Firmicutes	1239	0.02620050791289664	0.0004842299392802352	3	47.0	2975.3333333333335	relative abundance among classified reads only; relative values use clade reads at rank / classified reads.
S_24_04_16	phylum	Chloroflexi	200795	0.00608487247617764	0.00017044938721695507	3	8.0	691.0	relative abundance among classified reads only; relative values use clade reads at rank / classified reads.
S_24_04_16	phylum	Euryarchaeota	28890	0.005262985871220399	0.00011599968595572244	3	2.3333333333333335	597.6666666666666	relative abundance among classified reads only; relative values use clade reads at rank / classified reads.
S_24_04_16	phylum	Acidobacteria	57723	0.004517377199592187	0.0003068111020827448	3	2.0	513.0	relative abundance among classified reads only; relative values use clade reads at rank / classified reads.
S_24_04_16	phylum	Verrucomicrobia	74201	0.003933415999655949	0.00027997977789087256	3	4.333333333333333	446.6666666666667	relative abundance among classified reads only; relative values use clade reads at rank / classified reads.
S_24_04_16	phylum	Deinococcus-Thermus	1297	0.0035575580063527453	7.392966236668784e-05	3	0.0	404.0	relative abundance among classified reads only; relative values use clade reads at rank / classified reads.
S_24_04_16	phylum	Spirochaetes	203691	0.00208994454578804	9.057120481867608e-05	3	0.0	237.33333333333334	relative abundance among classified reads only; relative values use clade reads at rank / classified reads.
S_24_04_16	phylum	Gemmatimonadetes	142182	0.0015381258613281913	0.00011270454312733659	3	0.0	174.66666666666666	relative abundance among classified reads only; relative values use clade reads at rank / classified reads.
S_24_04_16	phylum	Chlorobi	1090	0.001244556139106899	3.9064026037171995e-05	3	0.0	141.33333333333334	relative abundance among classified reads only; relative values use clade reads at rank / classified reads.
S_24_04_16	phylum	Kiritimatiellaeota	134625	0.0010977923073357868	0.00010738307882221943	3	1.0	124.66666666666667	relative abundance among classified reads only; relative values use clade reads at rank / classified reads.
S_24_04_16	phylum	Nitrospirae	40117	0.0007338210455773265	3.648312230671787e-05	3	0.0	83.33333333333333	relative abundance among classified reads only; relative values use clade reads at rank / classified reads.
S_24_04_16	phylum	Tenericutes	544448	0.0004960863846578538	4.5524092139985434e-05	3	1.3333333333333333	56.333333333333336	relative abundance among classified reads only; relative values use clade reads at rank / classified reads.
S_24_04_16	phylum	Thermotogae	200918	0.0004491036336211641	5.283784129340895e-05	3	0.0	51.0	relative abundance among classified reads only; relative values use clade reads at rank / classified reads.
S_24_04_16	phylum	Synergistetes	508458	0.00043733678510801894	6.702501813261148e-05	3	0.0	49.666666666666664	relative abundance among classified reads only; relative values use clade reads at rank / classified reads.
S_24_04_16	phylum	Thermodesulfobacteria	200940	0.0003815732977173159	5.9782476348589e-05	3	0.0	43.333333333333336	relative abundance among classified reads only; relative values use clade reads at rank / classified reads.
S_24_04_16	phylum	Ignavibacteriae	1134404	0.0003522103795757557	6.330207773311e-05	3	0.0	40.0	relative abundance among classified reads only; relative values use clade reads at rank / classified reads.
S_24_04_16	phylum	Calditrichaeota	1930617	0.0003493138849383014	4.3581988330727956e-05	3	0.0	39.666666666666664	relative abundance among classified reads only; relative values use clade reads at rank / classified reads.
S_24_04_16	phylum	Fusobacteria	32066	0.00034049826755292643	4.8509426759582384e-05	3	0.0	38.666666666666664	relative abundance among classified reads only; relative values use clade reads at rank / classified reads.
S_24_04_16	phylum	Thaumarchaeota	651137	0.0003140841307229294	5.164191822860728e-05	3	1.0	35.666666666666664	relative abundance among classified reads only; relative values use clade reads at rank / classified reads.
S_24_04_16	phylum	Uroviricota	2731618	0.0003023540448354061	6.381726797325843e-05	3	0.0	34.333333333333336	relative abundance among classified reads only; relative values use clade reads at rank / classified reads.
S_24_04_16	phylum	Deferribacteres	200930	0.0002964538554676527	9.888671993619814e-05	3	0.0	33.666666666666664	relative abundance among classified reads only; relative values use clade reads at rank / classified reads.
S_24_04_16	phylum	Chlamydiae	204428	0.0002671143092992803	2.691465636799652e-05	3	0.0	30.333333333333332	relative abundance among classified reads only; relative values use clade reads at rank / classified reads.
S_24_04_16	phylum	Aquificae	200783	0.00024070880298103717	4.859355093688205e-05	3	0.0	27.333333333333332	relative abundance among classified reads only; relative values use clade reads at rank / classified reads.
S_24_04_16	phylum	Nucleocytoviricota	2732007	0.0001937316644179477	4.402228846046158e-05	3	0.0	22.0	relative abundance among classified reads only; relative values use clade reads at rank / classified reads.
S_24_04_16	phylum	Crenarchaeota	28889	0.00019079449934711153	4.8478477063809435e-05	3	0.0	21.666666666666668	relative abundance among classified reads only; relative values use clade reads at rank / classified reads.
S_24_04_16	phylum	Balneolaeota	1936987	0.00018494105392573374	3.851959338148688e-05	3	0.0	21.0	relative abundance among classified reads only; relative values use clade reads at rank / classified reads.
S_24_04_16	phylum	Chrysiogenetes	200938	0.0001731943449825163	2.5545190729589935e-05	3	0.0	19.666666666666668	relative abundance among classified reads only; relative values use clade reads at rank / classified reads.
S_24_04_16	phylum	Armatimonadetes	67819	0.00015555817314266598	3.550517680808872e-05	3	0.0	17.666666666666668	relative abundance among classified reads only; relative values use clade reads at rank / classified reads.
S_24_04_16	phylum	Candidatus Thermoplasmatota	2283796	0.00013207473657698483	3.515046541989302e-05	3	0.3333333333333333	15.0	relative abundance among classified reads only; relative values use clade reads at rank / classified reads.
S_24_04_16	phylum	Candidatus Bipolaricaulota	67810	0.00010861801157030486	3.564631037982427e-05	3	0.0	12.333333333333334	relative abundance among classified reads only; relative values use clade reads at rank / classified reads.
S_24_04_16	phylum	Candidatus Omnitrophica	67812	9.393317804077792e-05	3.666361709255629e-05	3	0.0	10.666666666666666	relative abundance among classified reads only; relative values use clade reads at rank / classified reads.
S_24_04_16	phylum	Candidatus Cloacimonetes	456828	7.043851652789635e-05	4.572882480386905e-05	3	0.0	8.0	relative abundance among classified reads only; relative values use clade reads at rank / classified reads.
S_24_04_16	phylum	Peploviricota	2731361	6.749953960866682e-05	2.827237992049076e-05	3	0.0	7.666666666666667	relative abundance among classified reads only; relative values use clade reads at rank / classified reads.
S_24_04_16	phylum	Elusimicrobia	74152	5.8704168975772725e-05	1.0149525940966863e-05	3	0.0	6.666666666666667	relative abundance among classified reads only; relative values use clade reads at rank / classified reads.
S_24_04_16	phylum	Atribacterota	67818	5.5773077417930264e-05	5.123065915276975e-06	3	0.0	6.333333333333333	relative abundance among classified reads only; relative values use clade reads at rank / classified reads.
S_24_04_16	phylum	Candidatus Lokiarchaeota	1655434	4.9904145384751704e-05	2.0347499319491245e-05	3	0.0	5.666666666666667	relative abundance among classified reads only; relative values use clade reads at rank / classified reads.
S_24_04_16	phylum	Dictyoglomi	68297	4.695955599192197e-05	2.828518436003661e-05	3	0.0	5.333333333333333	relative abundance among classified reads only; relative values use clade reads at rank / classified reads.
S_24_04_16	phylum	Candidatus Saccharibacteria	95818	4.108444326319649e-05	3.331629430298469e-05	3	2.0	4.666666666666667	relative abundance among classified reads only; relative values use clade reads at rank / classified reads.
S_24_04_16	phylum	Fibrobacteres	65842	3.816095295576773e-05	1.017759702527013e-05	3	0.0	4.333333333333333	relative abundance among classified reads only; relative values use clade reads at rank / classified reads.
S_24_04_16	phylum	Coprothermobacterota	2138240	3.520975670093104e-05	1.2446268774624867e-05	2	0.0	4.0	relative abundance among classified reads only; relative values use clade reads at rank / classified reads.
S_24_04_16	phylum	Caldiserica	67814	1.7615356865422673e-05	8.817947632596258e-06	3	0.0	2.0	relative abundance among classified reads only; relative values use clade reads at rank / classified reads.
S_24_04_16	phylum	Candidatus Absconditabacteria	221235	1.7604239100775467e-05		1	0.0	2.0	relative abundance among classified reads only; relative values use clade reads at rank / classified reads.
S_24_04_16	phylum	Candidatus Nanohaloarchaeota	1462430	1.7604239100775467e-05		1	0.0	2.0	relative abundance among classified reads only; relative values use clade reads at rank / classified reads.
S_24_04_16	phylum	Candidatus Micrarchaeota	1801631	1.4673999875853075e-05	1.0160521902609958e-05	3	0.0	1.6666666666666667	relative abundance among classified reads only; relative values use clade reads at rank / classified reads.
S_24_04_16	phylum	Pisuviricota	2732408	1.3214155034742127e-05	6.238355038870109e-06	2	0.0	1.5	relative abundance among classified reads only; relative values use clade reads at rank / classified reads.
S_24_04_16	phylum	Cossaviricota	2732415	8.805920175594588e-06	5.860250280798897e-09	3	0.0	1.0	relative abundance among classified reads only; relative values use clade reads at rank / classified reads.
S_24_04_16	phylum	Artverviricota	2732409	8.802971883307805e-06		1	0.0	1.0	relative abundance among classified reads only; relative values use clade reads at rank / classified reads.
S_24_04_16	phylum	Candidatus Korarchaeota	51967	8.80254571684777e-06	6.026903876116786e-10	2	0.0	1.0	relative abundance among classified reads only; relative values use clade reads at rank / classified reads.
S_24_04_16	phylum	Duplornaviricota	2732405	8.802119550387734e-06		1	0.0	1.0	relative abundance among classified reads only; relative values use clade reads at rank / classified reads.
S_24_07_05	phylum	Proteobacteria	1224	0.5951722894487131	0.0005675731363278919	3	3368.0	84195.66666666667	relative abundance among classified reads only; relative values use clade reads at rank / classified reads.
S_24_07_05	phylum	Actinobacteria	201174	0.08205811101030396	0.00030378542266859104	3	95.66666666666667	11608.333333333334	relative abundance among classified reads only; relative values use clade reads at rank / classified reads.
S_24_07_05	phylum	Bacteroidetes	976	0.07631302765885571	0.0005280813702749598	3	319.6666666666667	10795.666666666666	relative abundance among classified reads only; relative values use clade reads at rank / classified reads.
S_24_07_05	phylum	Chordata	7711	0.0558380112529557	0.0004990488834748678	3	0.0	7899.0	relative abundance among classified reads only; relative values use clade reads at rank / classified reads.
S_24_07_05	phylum	Cyanobacteria	1117	0.03647765714447874	0.00028336507418727904	3	180.66666666666666	5160.333333333333	relative abundance among classified reads only; relative values use clade reads at rank / classified reads.
S_24_07_05	phylum	Planctomycetes	203682	0.03573140566311125	0.0004653351758124886	3	23.0	5054.666666666667	relative abundance among classified reads only; relative values use clade reads at rank / classified reads.
S_24_07_05	phylum	Firmicutes	1239	0.028047392219691946	0.0003299663273791104	3	61.0	3967.6666666666665	relative abundance among classified reads only; relative values use clade reads at rank / classified reads.
S_24_07_05	phylum	Acidobacteria	57723	0.004149512128713098	6.067004802111205e-05	3	2.3333333333333335	587.0	relative abundance among classified reads only; relative values use clade reads at rank / classified reads.
S_24_07_05	phylum	Verrucomicrobia	74201	0.003939671784240536	7.273579307614161e-05	3	3.3333333333333335	557.3333333333334	relative abundance among classified reads only; relative values use clade reads at rank / classified reads.
S_24_07_05	phylum	Euryarchaeota	28890	0.0037158429232005998	0.0001500572632848993	3	0.0	525.6666666666666	relative abundance among classified reads only; relative values use clade reads at rank / classified reads.
S_24_07_05	phylum	Chloroflexi	200795	0.0036877119178919987	0.00012021279920857664	3	5.666666666666667	521.6666666666666	relative abundance among classified reads only; relative values use clade reads at rank / classified reads.
S_24_07_05	phylum	Deinococcus-Thermus	1297	0.002544754915109663	5.386976703381915e-05	3	0.0	360.0	relative abundance among classified reads only; relative values use clade reads at rank / classified reads.
S_24_07_05	phylum	Spirochaetes	203691	0.002108937706459993	0.00010131682768666946	3	0.0	298.3333333333333	relative abundance among classified reads only; relative values use clade reads at rank / classified reads.
S_24_07_05	phylum	Gemmatimonadetes	142182	0.0013337747991963424	9.958604795547544e-05	3	0.0	188.66666666666666	relative abundance among classified reads only; relative values use clade reads at rank / classified reads.
S_24_07_05	phylum	Chlorobi	1090	0.001105050869241222	5.027554765663487e-05	3	0.0	156.33333333333334	relative abundance among classified reads only; relative values use clade reads at rank / classified reads.
S_24_07_05	phylum	Tenericutes	544448	0.0009825913335543242	2.877741039288151e-05	3	1.0	139.0	relative abundance among classified reads only; relative values use clade reads at rank / classified reads.
S_24_07_05	phylum	Kiritimatiellaeota	134625	0.0008765943568576368	5.6277116961652396e-05	3	0.3333333333333333	124.0	relative abundance among classified reads only; relative values use clade reads at rank / classified reads.
S_24_07_05	phylum	Thaumarchaeota	651137	0.0008576266933241163	5.511371427428731e-05	3	0.6666666666666666	121.33333333333333	relative abundance among classified reads only; relative values use clade reads at rank / classified reads.
S_24_07_05	phylum	Nitrospirae	40117	0.0006031696052935248	5.2309921812972075e-05	3	0.0	85.33333333333333	relative abundance among classified reads only; relative values use clade reads at rank / classified reads.
S_24_07_05	phylum	Fusobacteria	32066	0.0006008383234772601	0.0001134891546308408	3	0.0	85.0	relative abundance among classified reads only; relative values use clade reads at rank / classified reads.
S_24_07_05	phylum	Uroviricota	2731618	0.0005395756814084465	7.126257514770748e-05	3	0.0	76.33333333333333	relative abundance among classified reads only; relative values use clade reads at rank / classified reads.
S_24_07_05	phylum	Thermotogae	200918	0.0004476453459048673	5.282079661791469e-05	3	0.0	63.333333333333336	relative abundance among classified reads only; relative values use clade reads at rank / classified reads.
S_24_07_05	phylum	Calditrichaeota	1930617	0.0004170214992486482	3.8629705733629724e-05	3	0.0	59.0	relative abundance among classified reads only; relative values use clade reads at rank / classified reads.
S_24_07_05	phylum	Ignavibacteriae	1134404	0.00039831442205381804	8.628785307543954e-05	3	0.0	56.333333333333336	relative abundance among classified reads only; relative values use clade reads at rank / classified reads.
S_24_07_05	phylum	Nucleocytoviricota	2732007	0.00036050065790798995	1.159029198030175e-05	3	0.0	51.0	relative abundance among classified reads only; relative values use clade reads at rank / classified reads.
S_24_07_05	phylum	Synergistetes	508458	0.0003322491413065868	2.84125348421311e-05	3	0.0	47.0	relative abundance among classified reads only; relative values use clade reads at rank / classified reads.
S_24_07_05	phylum	Thermodesulfobacteria	200940	0.0003015791099527249	2.2170094733685763e-05	3	0.0	42.666666666666664	relative abundance among classified reads only; relative values use clade reads at rank / classified reads.
S_24_07_05	phylum	Deferribacteres	200930	0.00027095900048559966	2.2402390361490128e-05	3	0.0	38.333333333333336	relative abundance among classified reads only; relative values use clade reads at rank / classified reads.
S_24_07_05	phylum	Chlamydiae	204428	0.00026867553729925013	5.14714503634369e-05	3	0.0	38.0	relative abundance among classified reads only; relative values use clade reads at rank / classified reads.
S_24_07_05	phylum	Aquificae	200783	0.0002238355184519875	2.837364117479982e-05	3	0.0	31.666666666666668	relative abundance among classified reads only; relative values use clade reads at rank / classified reads.
S_24_07_05	phylum	Chrysiogenetes	200938	0.00019789771019127164	2.512785386696556e-05	3	0.0	28.0	relative abundance among classified reads only; relative values use clade reads at rank / classified reads.
S_24_07_05	phylum	Crenarchaeota	28889	0.00018375983644675564	2.515491430602693e-05	3	0.0	26.0	relative abundance among classified reads only; relative values use clade reads at rank / classified reads.
S_24_07_05	phylum	Peploviricota	2731361	0.0001578904013559711	3.903661328667969e-05	3	0.0	22.333333333333332	relative abundance among classified reads only; relative values use clade reads at rank / classified reads.
S_24_07_05	phylum	Balneolaeota	1936987	0.00015551888826729134	7.1422537304772335e-06	3	0.0	22.0	relative abundance among classified reads only; relative values use clade reads at rank / classified reads.
S_24_07_05	phylum	Armatimonadetes	67819	0.0001484536885841272	3.0841528159834164e-05	3	0.0	21.0	relative abundance among classified reads only; relative values use clade reads at rank / classified reads.
S_24_07_05	phylum	Candidatus Thermoplasmatota	2283796	0.0001389798994251005	5.091993603982285e-05	3	0.6666666666666666	19.666666666666668	relative abundance among classified reads only; relative values use clade reads at rank / classified reads.
S_24_07_05	phylum	Candidatus Omnitrophica	67812	7.303104513999023e-05	1.62143356781664e-05	3	0.0	10.333333333333334	relative abundance among classified reads only; relative values use clade reads at rank / classified reads.
S_24_07_05	phylum	Candidatus Saccharibacteria	95818	6.834728382210201e-05	1.7882394770497846e-05	3	1.0	9.666666666666666	relative abundance among classified reads only; relative values use clade reads at rank / classified reads.
S_24_07_05	phylum	Candidatus Cloacimonetes	456828	6.362913167771409e-05	7.188567814786635e-06	3	0.0	9.0	relative abundance among classified reads only; relative values use clade reads at rank / classified reads.
S_24_07_05	phylum	Candidatus Lokiarchaeota	1655434	5.6551494978064125e-05	1.0827688675756363e-07	3	0.0	8.0	relative abundance among classified reads only; relative values use clade reads at rank / classified reads.
S_24_07_05	phylum	Elusimicrobia	74152	4.948442670035303e-05	1.8697902804662148e-05	3	0.0	7.0	relative abundance among classified reads only; relative values use clade reads at rank / classified reads.
S_24_07_05	phylum	Atribacterota	67818	4.476627455596511e-05	4.0182932091480296e-06	3	0.0	6.333333333333333	relative abundance among classified reads only; relative values use clade reads at rank / classified reads.
S_24_07_05	phylum	Dictyoglomi	68297	3.535752986084395e-05	1.4197142442721678e-05	3	0.0	5.0	relative abundance among classified reads only; relative values use clade reads at rank / classified reads.
S_24_07_05	phylum	Candidatus Bipolaricaulota	67810	2.8262901989478183e-05	1.4110339793126674e-05	3	0.0	4.0	relative abundance among classified reads only; relative values use clade reads at rank / classified reads.
S_24_07_05	phylum	Candidatus Micrarchaeota	1801631	2.5914394339223096e-05	4.037620601618975e-06	3	0.0	3.6666666666666665	relative abundance among classified reads only; relative values use clade reads at rank / classified reads.
S_24_07_05	phylum	Fibrobacteres	65842	2.5907971589446156e-05	1.0767666121457912e-05	3	0.0	3.6666666666666665	relative abundance among classified reads only; relative values use clade reads at rank / classified reads.
S_24_07_05	phylum	Cossaviricota	2732415	1.6501503971940003e-05	8.178400080308794e-06	3	0.0	2.3333333333333335	relative abundance among classified reads only; relative values use clade reads at rank / classified reads.
S_24_07_05	phylum	Cressdnaviricota	2732416	1.4148850649522981e-05	2.724941952682961e-08	2	0.0	2.0	relative abundance among classified reads only; relative values use clade reads at rank / classified reads.
S_24_07_05	phylum	Caldiserica	67814	1.4146573571907976e-05	7.097124444944381e-06	3	0.0	2.0	relative abundance among classified reads only; relative values use clade reads at rank / classified reads.
S_24_07_05	phylum	Candidatus Absconditabacteria	221235	1.1776520594707065e-05	4.0637962997319646e-06	3	0.0	1.6666666666666667	relative abundance among classified reads only; relative values use clade reads at rank / classified reads.
S_24_07_05	phylum	Candidatus Nanohaloarchaeota	1462430	1.0613039433052433e-05	5.027641595850391e-06	2	0.0	1.5	relative abundance among classified reads only; relative values use clade reads at rank / classified reads.
S_24_07_05	phylum	Duplornaviricota	2732405	1.0599989691964515e-05	4.972276233354421e-06	2	0.0	1.5	relative abundance among classified reads only; relative values use clade reads at rank / classified reads.
S_24_07_05	phylum	Coprothermobacterota	2138240	9.430290022066981e-06	4.1030815877486305e-06	3	0.0	1.3333333333333333	relative abundance among classified reads only; relative values use clade reads at rank / classified reads.
S_24_07_05	phylum	Preplasmiviricota	2732008	7.068936872258016e-06	1.3534610844695454e-08	3	0.0	1.0	relative abundance among classified reads only; relative values use clade reads at rank / classified reads.
S_24_07_05	phylum	Candidatus Korarchaeota	51967	7.0647912000960814e-06		1	0.0	1.0	relative abundance among classified reads only; relative values use clade reads at rank / classified reads.
S_24_07_05	phylum	Negarnaviricota	2497569	7.0647912000960814e-06		1	0.0	1.0	relative abundance among classified reads only; relative values use clade reads at rank / classified reads.
S_24_07_05	phylum	Pisuviricota	2732408	7.061375583673573e-06	4.830411068574515e-09	2	0.0	1.0	relative abundance among classified reads only; relative values use clade reads at rank / classified reads.
S_24_09_05	phylum	Proteobacteria	1224	0.558911362522426	0.0014556742874523142	3	3620.6666666666665	90169.0	relative abundance among classified reads only; relative values use clade reads at rank / classified reads.
S_24_09_05	phylum	Bacteroidetes	976	0.0910145417440411	0.0006718219467883896	3	474.3333333333333	14683.333333333334	relative abundance among classified reads only; relative values use clade reads at rank / classified reads.
S_24_09_05	phylum	Cyanobacteria	1117	0.07563811201751891	0.00029609565831187833	3	524.0	12202.666666666666	relative abundance among classified reads only; relative values use clade reads at rank / classified reads.
S_24_09_05	phylum	Actinobacteria	201174	0.07543355828313605	0.00025888349173811286	3	89.66666666666667	12169.666666666666	relative abundance among classified reads only; relative values use clade reads at rank / classified reads.
S_24_09_05	phylum	Chordata	7711	0.04329848435907308	0.00016512812525763975	3	0.0	6985.333333333333	relative abundance among classified reads only; relative values use clade reads at rank / classified reads.
S_24_09_05	phylum	Firmicutes	1239	0.03326520429570045	0.0002687230545106071	3	99.66666666666667	5366.666666666667	relative abundance among classified reads only; relative values use clade reads at rank / classified reads.
S_24_09_05	phylum	Planctomycetes	203682	0.03283128378637077	0.00023731426655427217	3	17.0	5296.666666666667	relative abundance among classified reads only; relative values use clade reads at rank / classified reads.
S_24_09_05	phylum	Chloroflexi	200795	0.004677781656696348	6.685157362657106e-05	3	9.0	754.6666666666666	relative abundance among classified reads only; relative values use clade reads at rank / classified reads.
S_24_09_05	phylum	Euryarchaeota	28890	0.004183972830538777	8.148243362353292e-05	3	0.3333333333333333	675.0	relative abundance among classified reads only; relative values use clade reads at rank / classified reads.
S_24_09_05	phylum	Acidobacteria	57723	0.0034670017817131113	0.0001296119320970271	3	2.0	559.3333333333334	relative abundance among classified reads only; relative values use clade reads at rank / classified reads.
S_24_09_05	phylum	Verrucomicrobia	74201	0.0033078988990539186	0.00013838057196195107	3	2.3333333333333335	533.6666666666666	relative abundance among classified reads only; relative values use clade reads at rank / classified reads.
S_24_09_05	phylum	Spirochaetes	203691	0.0026095553148809403	5.85892266993914e-05	3	0.0	421.0	relative abundance among classified reads only; relative values use clade reads at rank / classified reads.
S_24_09_05	phylum	Deinococcus-Thermus	1297	0.0024814322924035788	0.0001700879215416364	3	0.0	400.3333333333333	relative abundance among classified reads only; relative values use clade reads at rank / classified reads.
S_24_09_05	phylum	Tenericutes	544448	0.001863674831060907	4.6273712883633014e-05	3	1.0	300.6666666666667	relative abundance among classified reads only; relative values use clade reads at rank / classified reads.
S_24_09_05	phylum	Chlorobi	1090	0.0012458882171793224	4.929686605512342e-05	3	0.0	201.0	relative abundance among classified reads only; relative values use clade reads at rank / classified reads.
S_24_09_05	phylum	Kiritimatiellaeota	134625	0.0011673926992651123	4.609454596770307e-05	3	0.6666666666666666	188.33333333333334	relative abundance among classified reads only; relative values use clade reads at rank / classified reads.
S_24_09_05	phylum	Gemmatimonadetes	142182	0.0010847341002332709	2.832291027819397e-05	3	0.0	175.0	relative abundance among classified reads only; relative values use clade reads at rank / classified reads.
S_24_09_05	phylum	Fusobacteria	32066	0.0008843362477603869	7.299051392276339e-05	3	0.0	142.66666666666666	relative abundance among classified reads only; relative values use clade reads at rank / classified reads.
S_24_09_05	phylum	Thermotogae	200918	0.000714901622945948	3.6599690406032325e-05	3	0.0	115.33333333333333	relative abundance among classified reads only; relative values use clade reads at rank / classified reads.
S_24_09_05	phylum	Nitrospirae	40117	0.000694225513822768	4.050427638470344e-05	3	0.0	112.0	relative abundance among classified reads only; relative values use clade reads at rank / classified reads.
S_24_09_05	phylum	Uroviricota	2731618	0.0006549747726619998	3.5273827502938635e-05	3	0.0	105.66666666666667	relative abundance among classified reads only; relative values use clade reads at rank / classified reads.
S_24_09_05	phylum	Ignavibacteriae	1134404	0.00063223983241715	2.6804235748191574e-05	3	0.0	102.0	relative abundance among classified reads only; relative values use clade reads at rank / classified reads.
S_24_09_05	phylum	Calditrichaeota	1930617	0.00040082072955827434	6.257495859512658e-05	3	0.0	64.66666666666667	relative abundance among classified reads only; relative values use clade reads at rank / classified reads.
S_24_09_05	phylum	Deferribacteres	200930	0.0003925704259351256	5.7584009637629544e-05	3	0.0	63.333333333333336	relative abundance among classified reads only; relative values use clade reads at rank / classified reads.
S_24_09_05	phylum	Thermodesulfobacteria	200940	0.00037604197924708823	1.2916988871701158e-05	3	0.0	60.666666666666664	relative abundance among classified reads only; relative values use clade reads at rank / classified reads.
S_24_09_05	phylum	Synergistetes	508458	0.00037190811354666594	1.234097681386967e-05	3	0.0	60.0	relative abundance among classified reads only; relative values use clade reads at rank / classified reads.
S_24_09_05	phylum	Chlamydiae	204428	0.0003243846339666086	1.421262910505212e-05	3	0.0	52.333333333333336	relative abundance among classified reads only; relative values use clade reads at rank / classified reads.
S_24_09_05	phylum	Chrysiogenetes	200938	0.00030166130874698403	1.9961192410374083e-05	3	0.0	48.666666666666664	relative abundance among classified reads only; relative values use clade reads at rank / classified reads.
S_24_09_05	phylum	Thaumarchaeota	651137	0.0002727240867094562	4.832285486926904e-05	3	0.6666666666666666	44.0	relative abundance among classified reads only; relative values use clade reads at rank / classified reads.
S_24_09_05	phylum	Crenarchaeota	28889	0.0002458771243594499	3.417173061900401e-05	3	0.0	39.666666666666664	relative abundance among classified reads only; relative values use clade reads at rank / classified reads.
S_24_09_05	phylum	Aquificae	200783	0.00022313138530311692	5.501543032335187e-05	3	0.0	36.0	relative abundance among classified reads only; relative values use clade reads at rank / classified reads.
S_24_09_05	phylum	Nucleocytoviricota	2732007	0.00021074462616317991	6.469540195727789e-05	3	0.0	34.0	relative abundance among classified reads only; relative values use clade reads at rank / classified reads.
S_24_09_05	phylum	Candidatus Thermoplasmatota	2283796	0.00020249190533795278	4.132195943012631e-05	3	0.0	32.666666666666664	relative abundance among classified reads only; relative values use clade reads at rank / classified reads.
S_24_09_05	phylum	Balneolaeota	1936987	0.0001735666854730893	3.4583073046757944e-05	3	0.0	28.0	relative abundance among classified reads only; relative values use clade reads at rank / classified reads.
S_24_09_05	phylum	Candidatus Lokiarchaeota	1655434	0.00015909486723779474	3.0576700811428535e-05	3	0.0	25.666666666666668	relative abundance among classified reads only; relative values use clade reads at rank / classified reads.
S_24_09_05	phylum	Armatimonadetes	67819	0.0001053745105106589	1.6399820104353558e-05	3	0.0	17.0	relative abundance among classified reads only; relative values use clade reads at rank / classified reads.
S_24_09_05	phylum	Peploviricota	2731361	9.298252981912583e-05	2.151048030476986e-05	3	0.0	15.0	relative abundance among classified reads only; relative values use clade reads at rank / classified reads.
S_24_09_05	phylum	Fibrobacteres	65842	8.471441127084209e-05	7.189685269651539e-06	3	0.0	13.666666666666666	relative abundance among classified reads only; relative values use clade reads at rank / classified reads.
S_24_09_05	phylum	Candidatus Omnitrophica	67812	8.470860899808742e-05	1.5567326698761616e-05	3	0.0	13.666666666666666	relative abundance among classified reads only; relative values use clade reads at rank / classified reads.
S_24_09_05	phylum	Elusimicrobia	74152	8.057914863551897e-05	1.2382681276189576e-05	3	0.0	13.0	relative abundance among classified reads only; relative values use clade reads at rank / classified reads.
S_24_09_05	phylum	Dictyoglomi	68297	7.851432166737499e-05	3.5830821270082274e-06	3	0.0	12.666666666666666	relative abundance among classified reads only; relative values use clade reads at rank / classified reads.
S_24_09_05	phylum	Candidatus Saccharibacteria	95818	7.644729203030405e-05	3.5545820642468254e-06	3	4.333333333333333	12.333333333333334	relative abundance among classified reads only; relative values use clade reads at rank / classified reads.
S_24_09_05	phylum	Candidatus Cloacimonetes	456828	7.025320875302713e-05	1.791194576902975e-05	3	0.0	11.333333333333334	relative abundance among classified reads only; relative values use clade reads at rank / classified reads.
S_24_09_05	phylum	Candidatus Bipolaricaulota	67810	5.7852223812066774e-05	1.2899231258494103e-05	3	0.0	9.333333333333334	relative abundance among classified reads only; relative values use clade reads at rank / classified reads.
S_24_09_05	phylum	Atribacterota	67818	5.578779447107786e-05	1.6407678247630247e-05	3	0.0	9.0	relative abundance among classified reads only; relative values use clade reads at rank / classified reads.
S_24_09_05	phylum	Caldiserica	67814	4.338781931757918e-05	6.181877135985775e-06	3	0.0	7.0	relative abundance among classified reads only; relative values use clade reads at rank / classified reads.
S_24_09_05	phylum	Candidatus Absconditabacteria	221235	3.098963872613637e-05	1.6388156251083144e-05	3	0.0	5.0	relative abundance among classified reads only; relative values use clade reads at rank / classified reads.
S_24_09_05	phylum	Candidatus Micrarchaeota	1801631	2.1691803776722426e-05	1.3137515013939649e-05	2	1.5	3.5	relative abundance among classified reads only; relative values use clade reads at rank / classified reads.
S_24_09_05	phylum	Pisuviricota	2732408	1.652903788891204e-05	7.156251902074846e-06	3	0.0	2.6666666666666665	relative abundance among classified reads only; relative values use clade reads at rank / classified reads.
S_24_09_05	phylum	Coprothermobacterota	2138240	1.549432494905333e-05	1.314941286130375e-05	2	0.0	2.5	relative abundance among classified reads only; relative values use clade reads at rank / classified reads.
S_24_09_05	phylum	Preplasmiviricota	2732008	1.2402177822425619e-05		1	0.0	2.0	relative abundance among classified reads only; relative values use clade reads at rank / classified reads.
S_24_09_05	phylum	Cossaviricota	2732415	1.0329947593190635e-05	3.575696962828862e-06	3	0.0	1.6666666666666667	relative abundance among classified reads only; relative values use clade reads at rank / classified reads.
S_24_09_05	phylum	Duplornaviricota	2732405	6.201088911212809e-06		1	0.0	1.0	relative abundance among classified reads only; relative values use clade reads at rank / classified reads.
S_24_09_05	phylum	Negarnaviricota	2497569	6.198687428708327e-06	3.3962091276402566e-09	2	0.0	1.0	relative abundance among classified reads only; relative values use clade reads at rank / classified reads.
S_24_09_05	phylum	Candidatus Nanohaloarchaeota	1462430	6.198488615130786e-06	2.426045905414377e-09	3	0.0	1.0	relative abundance among classified reads only; relative values use clade reads at rank / classified reads.
S_24_09_05	phylum	Taleaviricota	2840024	6.198488615130786e-06	2.426045905414377e-09	3	0.0	1.0	relative abundance among classified reads only; relative values use clade reads at rank / classified reads.
S_24_11_06	phylum	Proteobacteria	1224	0.5926819486216891	0.0006413149217537182	3	3698.3333333333335	84358.0	relative abundance among classified reads only; relative values use clade reads at rank / classified reads.
S_24_11_06	phylum	Actinobacteria	201174	0.08511069778237002	0.00033188284416421583	3	83.66666666666667	12114.0	relative abundance among classified reads only; relative values use clade reads at rank / classified reads.
S_24_11_06	phylum	Bacteroidetes	976	0.06688998369410724	0.0004602642434998787	3	304.6666666666667	9520.666666666666	relative abundance among classified reads only; relative values use clade reads at rank / classified reads.
S_24_11_06	phylum	Chordata	7711	0.04894888155954932	0.00037644308101644004	3	0.0	6967.0	relative abundance among classified reads only; relative values use clade reads at rank / classified reads.
S_24_11_06	phylum	Cyanobacteria	1117	0.037543653240198184	0.00023019055174263527	3	232.0	5343.666666666667	relative abundance among classified reads only; relative values use clade reads at rank / classified reads.
S_24_11_06	phylum	Firmicutes	1239	0.036281024792193625	0.00035511522278286597	3	81.0	5164.0	relative abundance among classified reads only; relative values use clade reads at rank / classified reads.
S_24_11_06	phylum	Planctomycetes	203682	0.034107827989213274	8.182853106561145e-05	3	14.0	4854.666666666667	relative abundance among classified reads only; relative values use clade reads at rank / classified reads.
S_24_11_06	phylum	Chloroflexi	200795	0.005250703291309365	0.0001290524107310557	3	8.333333333333334	747.3333333333334	relative abundance among classified reads only; relative values use clade reads at rank / classified reads.
S_24_11_06	phylum	Acidobacteria	57723	0.0049368175411819435	0.00011399581452661911	3	2.6666666666666665	702.6666666666666	relative abundance among classified reads only; relative values use clade reads at rank / classified reads.
S_24_11_06	phylum	Euryarchaeota	28890	0.004852737541948585	0.0003415697824347374	3	2.3333333333333335	690.6666666666666	relative abundance among classified reads only; relative values use clade reads at rank / classified reads.
S_24_11_06	phylum	Verrucomicrobia	74201	0.0034192170105873374	9.328550055927479e-05	3	2.0	486.6666666666667	relative abundance among classified reads only; relative values use clade reads at rank / classified reads.
S_24_11_06	phylum	Deinococcus-Thermus	1297	0.0030865679256802717	0.0001590414934824711	3	0.0	439.3333333333333	relative abundance among classified reads only; relative values use clade reads at rank / classified reads.
S_24_11_06	phylum	Spirochaetes	203691	0.002859450869662803	0.00010958061110839898	3	0.0	407.0	relative abundance among classified reads only; relative values use clade reads at rank / classified reads.
S_24_11_06	phylum	Chlorobi	1090	0.0014636982905301035	3.8132037041620686e-05	3	0.0	208.33333333333334	relative abundance among classified reads only; relative values use clade reads at rank / classified reads.
S_24_11_06	phylum	Gemmatimonadetes	142182	0.0011756172869509954	4.443519686048523e-05	3	0.0	167.33333333333334	relative abundance among classified reads only; relative values use clade reads at rank / classified reads.
S_24_11_06	phylum	Thaumarchaeota	651137	0.0011499597757371166	0.00010636934083425075	3	0.0	163.66666666666666	relative abundance among classified reads only; relative values use clade reads at rank / classified reads.
S_24_11_06	phylum	Tenericutes	544448	0.0009719300259226909	4.217779490996711e-05	3	1.3333333333333333	138.33333333333334	relative abundance among classified reads only; relative values use clade reads at rank / classified reads.
S_24_11_06	phylum	Kiritimatiellaeota	134625	0.0009367096698456876	8.63106823181439e-05	3	0.3333333333333333	133.33333333333334	relative abundance among classified reads only; relative values use clade reads at rank / classified reads.
S_24_11_06	phylum	Uroviricota	2731618	0.0009063260504893821	5.0593388018422936e-05	3	0.0	129.0	relative abundance among classified reads only; relative values use clade reads at rank / classified reads.
S_24_11_06	phylum	Nitrospirae	40117	0.0008336984283377104	5.007383655984878e-05	3	0.0	118.66666666666667	relative abundance among classified reads only; relative values use clade reads at rank / classified reads.
S_24_11_06	phylum	Fusobacteria	32066	0.0008102792922852326	4.2086043423133406e-05	3	0.0	115.33333333333333	relative abundance among classified reads only; relative values use clade reads at rank / classified reads.
S_24_11_06	phylum	Ignavibacteriae	1134404	0.0007189578348487215	2.7789737013863667e-05	3	0.0	102.33333333333333	relative abundance among classified reads only; relative values use clade reads at rank / classified reads.
S_24_11_06	phylum	Thermotogae	200918	0.0006135651818482986	2.7711369636264664e-05	3	0.0	87.33333333333333	relative abundance among classified reads only; relative values use clade reads at rank / classified reads.
S_24_11_06	phylum	Calditrichaeota	1930617	0.0005058880182248291	5.351025239060572e-05	3	0.0	72.0	relative abundance among classified reads only; relative values use clade reads at rank / classified reads.
S_24_11_06	phylum	Thermodesulfobacteria	200940	0.0004683744842372361	2.810556005218351e-05	3	0.0	66.66666666666667	relative abundance among classified reads only; relative values use clade reads at rank / classified reads.
S_24_11_06	phylum	Deferribacteres	200930	0.00045666521227958587	5.472455020237805e-05	3	0.0	65.0	relative abundance among classified reads only; relative values use clade reads at rank / classified reads.
S_24_11_06	phylum	Nucleocytoviricota	2732007	0.00041212937750994004	7.955812025793988e-05	3	0.0	58.666666666666664	relative abundance among classified reads only; relative values use clade reads at rank / classified reads.
S_24_11_06	phylum	Synergistetes	508458	0.0004098608555256692	3.646113090306376e-05	3	0.0	58.333333333333336	relative abundance among classified reads only; relative values use clade reads at rank / classified reads.
S_24_11_06	phylum	Chlamydiae	204428	0.00034660642192605975	3.3196508416640336e-05	3	0.0	49.333333333333336	relative abundance among classified reads only; relative values use clade reads at rank / classified reads.
S_24_11_06	phylum	Chrysiogenetes	200938	0.0002740227819249356	3.7338578107581765e-05	3	0.0	39.0	relative abundance among classified reads only; relative values use clade reads at rank / classified reads.
S_24_11_06	phylum	Crenarchaeota	28889	0.0002505637551064958	3.845576554221205e-05	3	0.0	35.666666666666664	relative abundance among classified reads only; relative values use clade reads at rank / classified reads.
S_24_11_06	phylum	Aquificae	200783	0.00022487415899625972	6.46707748061129e-05	3	0.0	32.0	relative abundance among classified reads only; relative values use clade reads at rank / classified reads.
S_24_11_06	phylum	Candidatus Thermoplasmatota	2283796	0.00021546683985554753	1.6397249164869644e-05	3	0.0	30.666666666666668	relative abundance among classified reads only; relative values use clade reads at rank / classified reads.
S_24_11_06	phylum	Candidatus Lokiarchaeota	1655434	0.0002154632329893338	1.7769147429667028e-05	3	0.0	30.666666666666668	relative abundance among classified reads only; relative values use clade reads at rank / classified reads.
S_24_11_06	phylum	Balneolaeota	1936987	0.0001639304531199368	3.5309059542012356e-05	3	0.0	23.333333333333332	relative abundance among classified reads only; relative values use clade reads at rank / classified reads.
S_24_11_06	phylum	Elusimicrobia	74152	0.00014521341546389405	3.6144313067084916e-05	3	0.0	20.666666666666668	relative abundance among classified reads only; relative values use clade reads at rank / classified reads.
S_24_11_06	phylum	Candidatus Omnitrophica	67812	0.0001381866463976893	1.7828716249775835e-05	3	0.0	19.666666666666668	relative abundance among classified reads only; relative values use clade reads at rank / classified reads.
S_24_11_06	phylum	Peploviricota	2731361	0.00013579527572454064	4.920765456562793e-05	3	0.0	19.333333333333332	relative abundance among classified reads only; relative values use clade reads at rank / classified reads.
S_24_11_06	phylum	Armatimonadetes	67819	0.00012647834347678268	1.8740260952312544e-05	3	0.0	18.0	relative abundance among classified reads only; relative values use clade reads at rank / classified reads.
S_24_11_06	phylum	Candidatus Saccharibacteria	95818	9.836324610474802e-05	1.219262819144505e-05	3	6.0	14.0	relative abundance among classified reads only; relative values use clade reads at rank / classified reads.
S_24_11_06	phylum	Atribacterota	67818	7.259408370019896e-05	8.039276524763003e-06	3	0.0	10.333333333333334	relative abundance among classified reads only; relative values use clade reads at rank / classified reads.
S_24_11_06	phylum	Candidatus Bipolaricaulota	67810	6.322234870325225e-05	2.5278795823454226e-05	3	0.0	9.0	relative abundance among classified reads only; relative values use clade reads at rank / classified reads.
S_24_11_06	phylum	Candidatus Cloacimonetes	456828	5.8563155801815515e-05	2.1522684977933486e-05	3	0.0	8.333333333333334	relative abundance among classified reads only; relative values use clade reads at rank / classified reads.
S_24_11_06	phylum	Dictyoglomi	68297	5.8562079146266404e-05	2.473623578913769e-05	3	0.0	8.333333333333334	relative abundance among classified reads only; relative values use clade reads at rank / classified reads.
S_24_11_06	phylum	Fibrobacteres	65842	4.450229631817309e-05	3.167398944182522e-05	3	0.0	6.333333333333333	relative abundance among classified reads only; relative values use clade reads at rank / classified reads.
S_24_11_06	phylum	Caldiserica	67814	4.448415436829898e-05	1.7633663920158717e-05	3	0.0	6.333333333333333	relative abundance among classified reads only; relative values use clade reads at rank / classified reads.
S_24_11_06	phylum	Candidatus Absconditabacteria	221235	1.4053161232843126e-05	7.0261097419878835e-06	3	0.0	2.0	relative abundance among classified reads only; relative values use clade reads at rank / classified reads.
S_24_11_06	phylum	Cossaviricota	2732415	1.1710348613199407e-05	4.05873931274788e-06	3	0.0	1.6666666666666667	relative abundance among classified reads only; relative values use clade reads at rank / classified reads.
S_24_11_06	phylum	Coprothermobacterota	2138240	1.1706741746985676e-05	4.046217859800456e-06	3	0.0	1.6666666666666667	relative abundance among classified reads only; relative values use clade reads at rank / classified reads.
S_24_11_06	phylum	Pisuviricota	2732408	1.0544110343512233e-05	4.985158708549857e-06	2	0.0	1.5	relative abundance among classified reads only; relative values use clade reads at rank / classified reads.
S_24_11_06	phylum	Candidatus Micrarchaeota	1801631	1.0536358283310208e-05	4.952269502527754e-06	2	0.5	1.5	relative abundance among classified reads only; relative values use clade reads at rank / classified reads.
S_24_11_06	phylum	Negarnaviricota	2497569	1.0533289744871032e-05	4.969856071198475e-06	2	0.0	1.5	relative abundance among classified reads only; relative values use clade reads at rank / classified reads.
S_24_11_06	phylum	Candidatus Nanohaloarchaeota	1462430	7.029164636488904e-06	7.651318675691105e-09	2	0.0	1.0	relative abundance among classified reads only; relative values use clade reads at rank / classified reads.
S_24_11_06	phylum	Cressdnaviricota	2732416	7.0268228756074805e-06	1.0963068674034508e-08	2	0.0	1.0	relative abundance among classified reads only; relative values use clade reads at rank / classified reads.
S_24_11_06	phylum	Duplornaviricota	2732405	7.025800029461087e-06	7.95192304372772e-09	3	0.0	1.0	relative abundance among classified reads only; relative values use clade reads at rank / classified reads.
S_24_11_06	phylum	Preplasmiviricota	2732008	7.02141257628688e-06	3.3117499983434036e-09	2	0.0	1.0	relative abundance among classified reads only; relative values use clade reads at rank / classified reads.
S_25_03_07	phylum	Proteobacteria	1224	0.4271191123467631	0.002231612237059173	3	787.6666666666666	22340.333333333332	relative abundance among classified reads only; relative values use clade reads at rank / classified reads.
S_25_03_07	phylum	Cyanobacteria	1117	0.30192730768590786	0.0010030940212127255	3	546.3333333333334	15792.0	relative abundance among classified reads only; relative values use clade reads at rank / classified reads.
S_25_03_07	phylum	Bacteroidetes	976	0.06684030770256734	0.000246862072498207	3	84.0	3496.0	relative abundance among classified reads only; relative values use clade reads at rank / classified reads.
S_25_03_07	phylum	Actinobacteria	201174	0.061205777334495164	0.0004652588914606056	3	27.333333333333332	3201.3333333333335	relative abundance among classified reads only; relative values use clade reads at rank / classified reads.
S_25_03_07	phylum	Chordata	7711	0.04146869103411213	0.0009372032483788895	3	0.0	2169.0	relative abundance among classified reads only; relative values use clade reads at rank / classified reads.
S_25_03_07	phylum	Firmicutes	1239	0.01893431979581461	9.593511072876563e-05	3	16.0	990.3333333333334	relative abundance among classified reads only; relative values use clade reads at rank / classified reads.
S_25_03_07	phylum	Planctomycetes	203682	0.014632428949464234	3.621092909259728e-05	3	4.0	765.3333333333334	relative abundance among classified reads only; relative values use clade reads at rank / classified reads.
S_25_03_07	phylum	Euryarchaeota	28890	0.0020011469092832967	0.00023768024486760453	3	1.0	104.66666666666667	relative abundance among classified reads only; relative values use clade reads at rank / classified reads.
S_25_03_07	phylum	Acidobacteria	57723	0.0019121794050347791	9.252077429004544e-05	3	0.3333333333333333	100.0	relative abundance among classified reads only; relative values use clade reads at rank / classified reads.
S_25_03_07	phylum	Verrucomicrobia	74201	0.0018799512596554477	6.350281283333764e-05	3	0.3333333333333333	98.33333333333333	relative abundance among classified reads only; relative values use clade reads at rank / classified reads.
S_25_03_07	phylum	Chloroflexi	200795	0.0018735609782543183	7.235241793908803e-05	3	0.0	98.0	relative abundance among classified reads only; relative values use clade reads at rank / classified reads.
S_25_03_07	phylum	Deinococcus-Thermus	1297	0.0014532624221500173	0.00011903430233669798	3	0.0	76.0	relative abundance among classified reads only; relative values use clade reads at rank / classified reads.
S_25_03_07	phylum	Spirochaetes	203691	0.0012236401228653791	9.9757321624457e-05	3	0.0	64.0	relative abundance among classified reads only; relative values use clade reads at rank / classified reads.
S_25_03_07	phylum	Tenericutes	544448	0.0012113744951067742	0.00018320383767557062	3	1.6666666666666667	63.333333333333336	relative abundance among classified reads only; relative values use clade reads at rank / classified reads.
S_25_03_07	phylum	Chlorobi	1090	0.0005414687670767354	0.00014177203434846694	3	0.0	28.333333333333332	relative abundance among classified reads only; relative values use clade reads at rank / classified reads.
S_25_03_07	phylum	Fusobacteria	32066	0.0005164025344885169	8.901308458766514e-05	3	0.0	27.0	relative abundance among classified reads only; relative values use clade reads at rank / classified reads.
S_25_03_07	phylum	Kiritimatiellaeota	134625	0.0004908175125795787	4.9420347298629143e-05	3	0.0	25.666666666666668	relative abundance among classified reads only; relative values use clade reads at rank / classified reads.
S_25_03_07	phylum	Gemmatimonadetes	142182	0.0004649804192434006	7.726402220380125e-05	3	0.0	24.333333333333332	relative abundance among classified reads only; relative values use clade reads at rank / classified reads.
S_25_03_07	phylum	Uroviricota	2731618	0.00042709199744722	3.135907714053901e-05	3	0.0	22.333333333333332	relative abundance among classified reads only; relative values use clade reads at rank / classified reads.
S_25_03_07	phylum	Nitrospirae	40117	0.00033751782614748475	7.554381002626855e-05	3	0.0	17.666666666666668	relative abundance among classified reads only; relative values use clade reads at rank / classified reads.
S_25_03_07	phylum	Nucleocytoviricota	2732007	0.00033120231836160623	7.124253709001761e-05	3	0.3333333333333333	17.333333333333332	relative abundance among classified reads only; relative values use clade reads at rank / classified reads.
S_25_03_07	phylum	Chlamydiae	204428	0.0002485495512569429	1.2483921778352817e-06	3	0.0	13.0	relative abundance among classified reads only; relative values use clade reads at rank / classified reads.
S_25_03_07	phylum	Calditrichaeota	1930617	0.00024242984202636005	8.064170343593141e-05	3	0.0	12.666666666666666	relative abundance among classified reads only; relative values use clade reads at rank / classified reads.
S_25_03_07	phylum	Thermotogae	200918	0.0002423735691544159	7.358082151033331e-05	3	0.0	12.666666666666666	relative abundance among classified reads only; relative values use clade reads at rank / classified reads.
S_25_03_07	phylum	Thaumarchaeota	651137	0.00019756374316316335	1.1044645187596962e-05	3	0.0	10.333333333333334	relative abundance among classified reads only; relative values use clade reads at rank / classified reads.
S_25_03_07	phylum	Thermodesulfobacteria	200940	0.00014645382649429697	3.9042093582913516e-05	3	0.0	7.666666666666667	relative abundance among classified reads only; relative values use clade reads at rank / classified reads.
S_25_03_07	phylum	Deferribacteres	200930	0.00014644997221723081	4.3618819979110546e-05	3	0.0	7.666666666666667	relative abundance among classified reads only; relative values use clade reads at rank / classified reads.
S_25_03_07	phylum	Synergistetes	508458	0.00014017609083705597	1.0420146449672718e-05	3	0.0	7.333333333333333	relative abundance among classified reads only; relative values use clade reads at rank / classified reads.
S_25_03_07	phylum	Aquificae	200783	0.0001274587388188497	2.2059985033480185e-05	3	0.0	6.666666666666667	relative abundance among classified reads only; relative values use clade reads at rank / classified reads.
S_25_03_07	phylum	Chrysiogenetes	200938	0.0001020016797620643	1.1521118168828948e-05	3	0.0	5.333333333333333	relative abundance among classified reads only; relative values use clade reads at rank / classified reads.
S_25_03_07	phylum	Peploviricota	2731361	8.922420059484771e-05	1.1063348959604637e-05	3	0.0	4.666666666666667	relative abundance among classified reads only; relative values use clade reads at rank / classified reads.
S_25_03_07	phylum	Ignavibacteriae	1134404	8.281850208545376e-05	1.0660337421594732e-05	3	0.0	4.333333333333333	relative abundance among classified reads only; relative values use clade reads at rank / classified reads.
S_25_03_07	phylum	Balneolaeota	1936987	6.386118653864396e-05	4.4549638923497195e-05	3	0.0	3.3333333333333335	relative abundance among classified reads only; relative values use clade reads at rank / classified reads.
S_25_03_07	phylum	Armatimonadetes	67819	6.36993058349197e-05	1.074092462272663e-05	3	0.0	3.3333333333333335	relative abundance among classified reads only; relative values use clade reads at rank / classified reads.
S_25_03_07	phylum	Crenarchaeota	28889	5.7297461602591895e-05	3.8006442397333924e-05	3	0.0	3.0	relative abundance among classified reads only; relative values use clade reads at rank / classified reads.
S_25_03_07	phylum	Dictyoglomi	68297	5.098195381671341e-05	2.2066654682856004e-05	3	0.0	2.6666666666666665	relative abundance among classified reads only; relative values use clade reads at rank / classified reads.
S_25_03_07	phylum	Elusimicrobia	74152	5.098195381671341e-05	2.2066654682856004e-05	3	0.0	2.6666666666666665	relative abundance among classified reads only; relative values use clade reads at rank / classified reads.
S_25_03_07	phylum	Candidatus Bipolaricaulota	67810	4.46440910104621e-05	1.1264922853417663e-05	3	0.0	2.3333333333333335	relative abundance among classified reads only; relative values use clade reads at rank / classified reads.
S_25_03_07	phylum	Candidatus Saccharibacteria	95818	4.451612815830914e-05	2.8957961239578136e-05	3	0.6666666666666666	2.3333333333333335	relative abundance among classified reads only; relative values use clade reads at rank / classified reads.
S_25_03_07	phylum	Candidatus Omnitrophica	67812	3.843419105636374e-05		1	0.0	2.0	relative abundance among classified reads only; relative values use clade reads at rank / classified reads.
S_25_03_07	phylum	Candidatus Cloacimonetes	456828	3.814627463901959e-05	2.676990182313619e-05	2	0.0	2.0	relative abundance among classified reads only; relative values use clade reads at rank / classified reads.
S_25_03_07	phylum	Atribacterota	67818	3.189667541775066e-05	1.1147531322564528e-05	3	0.0	1.6666666666666667	relative abundance among classified reads only; relative values use clade reads at rank / classified reads.
S_25_03_07	phylum	Candidatus Thermoplasmatota	2283796	3.1862757566179345e-05	2.206936644223269e-05	3	0.0	1.6666666666666667	relative abundance among classified reads only; relative values use clade reads at rank / classified reads.
S_25_03_07	phylum	Pisuviricota	2732408	2.872967115315809e-05	1.3724263663433068e-05	2	0.0	1.5	relative abundance among classified reads only; relative values use clade reads at rank / classified reads.
S_25_03_07	phylum	Candidatus Lokiarchaeota	1655434	2.858282223668639e-05	1.3389038989743182e-05	2	0.0	1.5	relative abundance among classified reads only; relative values use clade reads at rank / classified reads.
S_25_03_07	phylum	Caldiserica	67814	2.5524894759928027e-05	1.1179869486873659e-05	3	0.0	1.3333333333333333	relative abundance among classified reads only; relative values use clade reads at rank / classified reads.
S_25_03_07	phylum	Candidatus Micrarchaeota	1801631	1.921709552818187e-05		1	1.0	1.0	relative abundance among classified reads only; relative values use clade reads at rank / classified reads.
S_25_03_07	phylum	Preplasmiviricota	2732008	1.921709552818187e-05		1	0.0	1.0	relative abundance among classified reads only; relative values use clade reads at rank / classified reads.
S_25_03_07	phylum	Candidatus Korarchaeota	51967	1.9115341973467904e-05		1	0.0	1.0	relative abundance among classified reads only; relative values use clade reads at rank / classified reads.
S_25_03_07	phylum	Cossaviricota	2732415	1.9115341973467904e-05		1	0.0	1.0	relative abundance among classified reads only; relative values use clade reads at rank / classified reads.
S_25_03_07	phylum	Taleaviricota	2840024	1.9115341973467904e-05		1	0.0	1.0	relative abundance among classified reads only; relative values use clade reads at rank / classified reads.
S_25_04_30	phylum	Proteobacteria	1224	0.5896576258567915	0.0017034405607324447	3	1824.0	41536.666666666664	relative abundance among classified reads only; relative values use clade reads at rank / classified reads.
S_25_04_30	phylum	Actinobacteria	201174	0.09999477779805076	0.0003799432517471264	3	65.33333333333333	7043.666666666667	relative abundance among classified reads only; relative values use clade reads at rank / classified reads.
S_25_04_30	phylum	Bacteroidetes	976	0.056665108863358134	0.00035311289693728165	3	112.0	3991.6666666666665	relative abundance among classified reads only; relative values use clade reads at rank / classified reads.
S_25_04_30	phylum	Cyanobacteria	1117	0.05575224349043419	0.0008103263276144532	3	175.66666666666666	3927.3333333333335	relative abundance among classified reads only; relative values use clade reads at rank / classified reads.
S_25_04_30	phylum	Chordata	7711	0.04338588565694274	0.0006192116369910053	3	0.0	3056.0	relative abundance among classified reads only; relative values use clade reads at rank / classified reads.
S_25_04_30	phylum	Firmicutes	1239	0.03413476400447956	0.0006500894083355359	3	34.0	2404.3333333333335	relative abundance among classified reads only; relative values use clade reads at rank / classified reads.
S_25_04_30	phylum	Planctomycetes	203682	0.030652536703659725	0.001005166997277263	3	8.0	2159.0	relative abundance among classified reads only; relative values use clade reads at rank / classified reads.
S_25_04_30	phylum	Chloroflexi	200795	0.005125048119749347	6.800153946008259e-05	3	4.0	361.0	relative abundance among classified reads only; relative values use clade reads at rank / classified reads.
S_25_04_30	phylum	Euryarchaeota	28890	0.004907494939476928	0.00013463795292389767	3	1.0	345.6666666666667	relative abundance among classified reads only; relative values use clade reads at rank / classified reads.
S_25_04_30	phylum	Acidobacteria	57723	0.0044752739621288055	0.00038354385412876394	3	1.6666666666666667	315.3333333333333	relative abundance among classified reads only; relative values use clade reads at rank / classified reads.
S_25_04_30	phylum	Verrucomicrobia	74201	0.0030291869783370287	0.00019243189807582756	3	1.6666666666666667	213.33333333333334	relative abundance among classified reads only; relative values use clade reads at rank / classified reads.
S_25_04_30	phylum	Deinococcus-Thermus	1297	0.003000123401591738	8.947908681739869e-05	3	0.0	211.33333333333334	relative abundance among classified reads only; relative values use clade reads at rank / classified reads.
S_25_04_30	phylum	Spirochaetes	203691	0.0024515048457011174	6.936465336089935e-05	3	0.0	172.66666666666666	relative abundance among classified reads only; relative values use clade reads at rank / classified reads.
S_25_04_30	phylum	Chlorobi	1090	0.0012962494807770256	8.367746037934991e-05	3	0.0	91.33333333333333	relative abundance among classified reads only; relative values use clade reads at rank / classified reads.
S_25_04_30	phylum	Gemmatimonadetes	142182	0.0009563044178810971	0.00010555269400751704	3	0.0	67.33333333333333	relative abundance among classified reads only; relative values use clade reads at rank / classified reads.
S_25_04_30	phylum	Tenericutes	544448	0.0009323265995080694	2.7160192831983072e-05	3	0.3333333333333333	65.66666666666667	relative abundance among classified reads only; relative values use clade reads at rank / classified reads.
S_25_04_30	phylum	Kiritimatiellaeota	134625	0.000814266351495398	0.00013512998592850645	3	2.0	57.333333333333336	relative abundance among classified reads only; relative values use clade reads at rank / classified reads.
S_25_04_30	phylum	Nitrospirae	40117	0.0008095464767248167	9.786090930141249e-05	3	0.0	57.0	relative abundance among classified reads only; relative values use clade reads at rank / classified reads.
S_25_04_30	phylum	Fusobacteria	32066	0.0008000711183874482	8.33702695582325e-05	3	0.0	56.333333333333336	relative abundance among classified reads only; relative values use clade reads at rank / classified reads.
S_25_04_30	phylum	Uroviricota	2731618	0.0006865226229257567	0.0001422882711339571	3	0.0	48.333333333333336	relative abundance among classified reads only; relative values use clade reads at rank / classified reads.
S_25_04_30	phylum	Ignavibacteriae	1134404	0.0005818852756197733	3.904998161845535e-05	3	0.0	41.0	relative abundance among classified reads only; relative values use clade reads at rank / classified reads.
S_25_04_30	phylum	Thermotogae	200918	0.0005771060528555154	5.404002138976828e-05	3	0.0	40.666666666666664	relative abundance among classified reads only; relative values use clade reads at rank / classified reads.
S_25_04_30	phylum	Nucleocytoviricota	2732007	0.0005295156083914375	0.00013986411193814613	3	0.0	37.333333333333336	relative abundance among classified reads only; relative values use clade reads at rank / classified reads.
S_25_04_30	phylum	Calditrichaeota	1930617	0.00039738792757808766	2.597525767082784e-05	3	0.0	28.0	relative abundance among classified reads only; relative values use clade reads at rank / classified reads.
S_25_04_30	phylum	Thermodesulfobacteria	200940	0.0003883804399930888	8.587736968437727e-05	3	0.0	27.333333333333332	relative abundance among classified reads only; relative values use clade reads at rank / classified reads.
S_25_04_30	phylum	Synergistetes	508458	0.0003547506019410716	7.372474935443345e-05	3	0.0	25.0	relative abundance among classified reads only; relative values use clade reads at rank / classified reads.
S_25_04_30	phylum	Deferribacteres	200930	0.0003457207577980106	6.631211893093843e-05	3	0.0	24.333333333333332	relative abundance among classified reads only; relative values use clade reads at rank / classified reads.
S_25_04_30	phylum	Chlamydiae	204428	0.0002983754269891485	6.675046454713991e-05	3	0.0	21.0	relative abundance among classified reads only; relative values use clade reads at rank / classified reads.
S_25_04_30	phylum	Thaumarchaeota	651137	0.0002981296220142284	6.488049888889496e-05	3	0.0	21.0	relative abundance among classified reads only; relative values use clade reads at rank / classified reads.
S_25_04_30	phylum	Chrysiogenetes	200938	0.00021765793270192463	7.315675836502843e-06	3	0.0	15.333333333333334	relative abundance among classified reads only; relative values use clade reads at rank / classified reads.
S_25_04_30	phylum	Aquificae	200783	0.00020812322637087964	2.0388654171070787e-05	3	0.0	14.666666666666666	relative abundance among classified reads only; relative values use clade reads at rank / classified reads.
S_25_04_30	phylum	Balneolaeota	1936987	0.00016088333931122678	7.903112308689198e-06	3	0.0	11.333333333333334	relative abundance among classified reads only; relative values use clade reads at rank / classified reads.
S_25_04_30	phylum	Crenarchaeota	28889	0.00014198989667105354	2.847982321072968e-05	3	0.0	10.0	relative abundance among classified reads only; relative values use clade reads at rank / classified reads.
S_25_04_30	phylum	Armatimonadetes	67819	0.00013237279446856568	2.8772477273411075e-05	3	0.0	9.333333333333334	relative abundance among classified reads only; relative values use clade reads at rank / classified reads.
S_25_04_30	phylum	Candidatus Lokiarchaeota	1655434	0.00012308389311244073	3.3019160064328616e-05	3	0.0	8.666666666666666	relative abundance among classified reads only; relative values use clade reads at rank / classified reads.
S_25_04_30	phylum	Candidatus Thermoplasmatota	2283796	0.00011359666517633696	2.843908653903106e-05	3	1.0	8.0	relative abundance among classified reads only; relative values use clade reads at rank / classified reads.
S_25_04_30	phylum	Peploviricota	2731361	0.00011345561263092183	2.7724623975064767e-05	3	0.0	8.0	relative abundance among classified reads only; relative values use clade reads at rank / classified reads.
S_25_04_30	phylum	Elusimicrobia	74152	7.570364482707702e-05	8.037112256570314e-06	3	0.0	5.333333333333333	relative abundance among classified reads only; relative values use clade reads at rank / classified reads.
S_25_04_30	phylum	Dictyoglomi	68297	6.156568575369099e-05	1.662049550403625e-05	3	0.0	4.333333333333333	relative abundance among classified reads only; relative values use clade reads at rank / classified reads.
S_25_04_30	phylum	Fibrobacteres	65842	4.729854373362513e-05	7.975248503706102e-06	3	0.0	3.3333333333333335	relative abundance among classified reads only; relative values use clade reads at rank / classified reads.
S_25_04_30	phylum	Candidatus Omnitrophica	67812	4.2707160590019394e-05	2.869274851053569e-05	3	0.0	3.0	relative abundance among classified reads only; relative values use clade reads at rank / classified reads.
S_25_04_30	phylum	Candidatus Cloacimonetes	456828	4.264850391604714e-05	1.4478721132732221e-05	3	0.0	3.0	relative abundance among classified reads only; relative values use clade reads at rank / classified reads.
S_25_04_30	phylum	Candidatus Bipolaricaulota	67810	4.257797764333958e-05	1.4093347104087515e-05	3	0.0	3.0	relative abundance among classified reads only; relative values use clade reads at rank / classified reads.
S_25_04_30	phylum	Atribacterota	67818	4.248440349286567e-05	2.4406729743858175e-05	3	0.0	3.0	relative abundance among classified reads only; relative values use clade reads at rank / classified reads.
S_25_04_30	phylum	Candidatus Saccharibacteria	95818	3.3067010509765184e-05	2.1579065499975796e-05	3	0.3333333333333333	2.3333333333333335	relative abundance among classified reads only; relative values use clade reads at rank / classified reads.
S_25_04_30	phylum	Candidatus Absconditabacteria	221235	2.844001856995354e-05	1.4373160701641809e-05	3	0.0	2.0	relative abundance among classified reads only; relative values use clade reads at rank / classified reads.
S_25_04_30	phylum	Coprothermobacterota	2138240	2.8405101093451888e-05	1.4180550131512107e-05	3	0.0	2.0	relative abundance among classified reads only; relative values use clade reads at rank / classified reads.
S_25_04_30	phylum	Cossaviricota	2732415	2.8305592143610327e-05	2.0052844982148156e-05	2	0.0	2.0	relative abundance among classified reads only; relative values use clade reads at rank / classified reads.
S_25_04_30	phylum	Caldiserica	67814	2.8269983347404423e-05	1.995212809707981e-05	2	0.0	2.0	relative abundance among classified reads only; relative values use clade reads at rank / classified reads.
S_25_04_30	phylum	Negarnaviricota	2497569	2.3684535003166344e-05	8.279046561342865e-06	3	0.0	1.6666666666666667	relative abundance among classified reads only; relative values use clade reads at rank / classified reads.
S_25_04_30	phylum	Pisuviricota	2732408	2.1277119222934486e-05	9.864224063390552e-06	2	0.0	1.5	relative abundance among classified reads only; relative values use clade reads at rank / classified reads.
S_25_04_30	phylum	Duplornaviricota	2732405	1.4161698270856642e-05		1	0.0	1.0	relative abundance among classified reads only; relative values use clade reads at rank / classified reads.
S_25_04_30	phylum	Preplasmiviricota	2732008	1.4161698270856642e-05		1	0.0	1.0	relative abundance among classified reads only; relative values use clade reads at rank / classified reads.
S_25_04_30	phylum	Phixviricota	2732412	1.4143893872753688e-05	2.5179221267087393e-08	2	0.0	1.0	relative abundance among classified reads only; relative values use clade reads at rank / classified reads.
S_25_04_30	phylum	Candidatus Micrarchaeota	1801631	1.4126089474650733e-05		1	0.0	1.0	relative abundance among classified reads only; relative values use clade reads at rank / classified reads.
S_25_07_10	phylum	Proteobacteria	1224	0.5141208616443195	0.0009156111141165664	3	1775.6666666666667	41971.333333333336	relative abundance among classified reads only; relative values use clade reads at rank / classified reads.
S_25_07_10	phylum	Cyanobacteria	1117	0.12814415147114308	0.0006148261352488892	3	403.3333333333333	10461.333333333334	relative abundance among classified reads only; relative values use clade reads at rank / classified reads.
S_25_07_10	phylum	Actinobacteria	201174	0.09695317594517483	0.0006149886724026982	3	78.66666666666667	7915.0	relative abundance among classified reads only; relative values use clade reads at rank / classified reads.
S_25_07_10	phylum	Bacteroidetes	976	0.0699523625117215	0.0006529986608190432	3	154.33333333333334	5710.666666666667	relative abundance among classified reads only; relative values use clade reads at rank / classified reads.
S_25_07_10	phylum	Chordata	7711	0.05087175003905553	0.0007783466350965875	3	0.0	4153.0	relative abundance among classified reads only; relative values use clade reads at rank / classified reads.
S_25_07_10	phylum	Firmicutes	1239	0.02718974122820775	0.0007986966109711785	3	40.666666666666664	2219.6666666666665	relative abundance among classified reads only; relative values use clade reads at rank / classified reads.
S_25_07_10	phylum	Planctomycetes	203682	0.026895595060405047	0.00016480460672266693	3	4.333333333333333	2195.6666666666665	relative abundance among classified reads only; relative values use clade reads at rank / classified reads.
S_25_07_10	phylum	Euryarchaeota	28890	0.003748303456212162	6.495352268310838e-05	3	2.0	306.0	relative abundance among classified reads only; relative values use clade reads at rank / classified reads.
S_25_07_10	phylum	Acidobacteria	57723	0.003352313345666854	0.00013761310637375296	3	2.3333333333333335	273.6666666666667	relative abundance among classified reads only; relative values use clade reads at rank / classified reads.
S_25_07_10	phylum	Chloroflexi	200795	0.003266508353986519	0.00011825082059466657	3	2.0	266.6666666666667	relative abundance among classified reads only; relative values use clade reads at rank / classified reads.
S_25_07_10	phylum	Verrucomicrobia	74201	0.0026254238262276657	0.00012197095542578414	3	0.6666666666666666	214.33333333333334	relative abundance among classified reads only; relative values use clade reads at rank / classified reads.
S_25_07_10	phylum	Deinococcus-Thermus	1297	0.0022376507878457603	0.00023323543809187786	3	0.0	182.66666666666666	relative abundance among classified reads only; relative values use clade reads at rank / classified reads.
S_25_07_10	phylum	Spirochaetes	203691	0.002053703639576241	0.00026258653122065604	3	0.0	167.66666666666666	relative abundance among classified reads only; relative values use clade reads at rank / classified reads.
S_25_07_10	phylum	Tenericutes	544448	0.001155548130083552	7.025565025349029e-05	3	1.3333333333333333	94.33333333333333	relative abundance among classified reads only; relative values use clade reads at rank / classified reads.
S_25_07_10	phylum	Uroviricota	2731618	0.0011310346120998597	0.00010994228987247185	3	0.0	92.33333333333333	relative abundance among classified reads only; relative values use clade reads at rank / classified reads.
S_25_07_10	phylum	Gemmatimonadetes	142182	0.0009635922736912647	6.112285105122143e-05	3	0.0	78.66666666666667	relative abundance among classified reads only; relative values use clade reads at rank / classified reads.
S_25_07_10	phylum	Chlorobi	1090	0.00096354732702088	0.0001129246106148101	3	0.0	78.66666666666667	relative abundance among classified reads only; relative values use clade reads at rank / classified reads.
S_25_07_10	phylum	Fusobacteria	32066	0.0007512793708395437	2.4877713270655724e-05	3	0.0	61.333333333333336	relative abundance among classified reads only; relative values use clade reads at rank / classified reads.
S_25_07_10	phylum	Nucleocytoviricota	2732007	0.0007309168679430137	5.864442783562684e-05	3	0.0	59.666666666666664	relative abundance among classified reads only; relative values use clade reads at rank / classified reads.
S_25_07_10	phylum	Kiritimatiellaeota	134625	0.0007023302731242382	5.8491965524795694e-05	3	0.0	57.333333333333336	relative abundance among classified reads only; relative values use clade reads at rank / classified reads.
S_25_07_10	phylum	Nitrospirae	40117	0.000628721115284512	0.00012029238327164468	3	0.0	51.333333333333336	relative abundance among classified reads only; relative values use clade reads at rank / classified reads.
S_25_07_10	phylum	Thaumarchaeota	651137	0.000416427179685816	7.992546096854093e-05	3	0.3333333333333333	34.0	relative abundance among classified reads only; relative values use clade reads at rank / classified reads.
S_25_07_10	phylum	Thermotogae	200918	0.00040424485666113564	2.4900445925781915e-05	3	0.0	33.0	relative abundance among classified reads only; relative values use clade reads at rank / classified reads.
S_25_07_10	phylum	Ignavibacteriae	1134404	0.0003551879329720252	7.62390545484476e-05	3	0.0	29.0	relative abundance among classified reads only; relative values use clade reads at rank / classified reads.
S_25_07_10	phylum	Chlamydiae	204428	0.00032255476943728343	1.8409526936979e-05	3	0.0	26.333333333333332	relative abundance among classified reads only; relative values use clade reads at rank / classified reads.
S_25_07_10	phylum	Deferribacteres	200930	0.00031439277515758534	2.536849958446268e-05	3	0.0	25.666666666666668	relative abundance among classified reads only; relative values use clade reads at rank / classified reads.
S_25_07_10	phylum	Thermodesulfobacteria	200940	0.00028175623202023444	6.829274620539286e-05	3	0.0	23.0	relative abundance among classified reads only; relative values use clade reads at rank / classified reads.
S_25_07_10	phylum	Calditrichaeota	1930617	0.00022050971258848442	4.2580931419822016e-05	3	0.0	18.0	relative abundance among classified reads only; relative values use clade reads at rank / classified reads.
S_25_07_10	phylum	Aquificae	200783	0.0002000988834189602	3.959330345380902e-05	3	0.0	16.333333333333332	relative abundance among classified reads only; relative values use clade reads at rank / classified reads.
S_25_07_10	phylum	Synergistetes	508458	0.00020002873139758094	6.730247487568099e-05	3	0.0	16.333333333333332	relative abundance among classified reads only; relative values use clade reads at rank / classified reads.
S_25_07_10	phylum	Chrysiogenetes	200938	0.00017967740192886776	6.295955611913953e-05	3	0.0	14.666666666666666	relative abundance among classified reads only; relative values use clade reads at rank / classified reads.
S_25_07_10	phylum	Crenarchaeota	28889	0.00013472940515189502	2.1099551669175977e-05	3	0.0	11.0	relative abundance among classified reads only; relative values use clade reads at rank / classified reads.
S_25_07_10	phylum	Peploviricota	2731361	0.00011025251890613064	3.2454741025962615e-05	3	0.0	9.0	relative abundance among classified reads only; relative values use clade reads at rank / classified reads.
S_25_07_10	phylum	Balneolaeota	1936987	9.79977064719594e-05	2.12341140548388e-05	3	0.0	8.0	relative abundance among classified reads only; relative values use clade reads at rank / classified reads.
S_25_07_10	phylum	Candidatus Lokiarchaeota	1655434	8.983857068762169e-05	1.8793250188480042e-05	3	0.0	7.333333333333333	relative abundance among classified reads only; relative values use clade reads at rank / classified reads.
S_25_07_10	phylum	Armatimonadetes	67819	7.349067954535293e-05	1.2205679214343219e-05	3	0.0	6.0	relative abundance among classified reads only; relative values use clade reads at rank / classified reads.
S_25_07_10	phylum	Elusimicrobia	74152	6.123872560654207e-05	1.2190378600579713e-05	3	0.0	5.0	relative abundance among classified reads only; relative values use clade reads at rank / classified reads.
S_25_07_10	phylum	Candidatus Cloacimonetes	456828	6.123352972307012e-05	3.235349126198028e-05	3	0.0	5.0	relative abundance among classified reads only; relative values use clade reads at rank / classified reads.
S_25_07_10	phylum	Candidatus Omnitrophica	67812	4.9018989183060506e-05	3.2472042589538114e-05	3	0.0	4.0	relative abundance among classified reads only; relative values use clade reads at rank / classified reads.
S_25_07_10	phylum	Candidatus Thermoplasmatota	2283796	4.899482604656354e-05	1.2227111333942445e-05	3	0.0	4.0	relative abundance among classified reads only; relative values use clade reads at rank / classified reads.
S_25_07_10	phylum	Candidatus Bipolaricaulota	67810	4.4909801717298336e-05	7.033183889725326e-06	3	0.0	3.6666666666666665	relative abundance among classified reads only; relative values use clade reads at rank / classified reads.
S_25_07_10	phylum	Fibrobacteres	65842	4.288729522293434e-05	8.624856876198957e-06	2	0.0	3.5	relative abundance among classified reads only; relative values use clade reads at rank / classified reads.
S_25_07_10	phylum	Candidatus Saccharibacteria	95818	3.675872031179293e-05	2.123498254445828e-05	3	0.6666666666666666	3.0	relative abundance among classified reads only; relative values use clade reads at rank / classified reads.
S_25_07_10	phylum	Atribacterota	67818	2.8570225507486297e-05	1.868268226148179e-05	3	0.0	2.3333333333333335	relative abundance among classified reads only; relative values use clade reads at rank / classified reads.
S_25_07_10	phylum	Caldiserica	67814	2.4517548970362572e-05	1.7353887411540374e-05	2	0.0	2.0	relative abundance among classified reads only; relative values use clade reads at rank / classified reads.
S_25_07_10	phylum	Dictyoglomi	68297	2.042460053907724e-05	1.4171640156654164e-05	3	0.0	1.6666666666666667	relative abundance among classified reads only; relative values use clade reads at rank / classified reads.
S_25_07_10	phylum	Preplasmiviricota	2732008	2.041654616024492e-05	7.0755109475734196e-06	3	0.0	1.6666666666666667	relative abundance among classified reads only; relative values use clade reads at rank / classified reads.
S_25_07_10	phylum	Cossaviricota	2732415	2.04084917814126e-05	1.4122814915749415e-05	3	0.0	1.6666666666666667	relative abundance among classified reads only; relative values use clade reads at rank / classified reads.
S_25_07_10	phylum	Pisuviricota	2732408	1.632892388924374e-05	7.056798428330007e-06	3	0.0	1.3333333333333333	relative abundance among classified reads only; relative values use clade reads at rank / classified reads.
S_25_07_10	phylum	Candidatus Korarchaeota	51967	1.2262866813003544e-05		1	0.0	1.0	relative abundance among classified reads only; relative values use clade reads at rank / classified reads.
S_25_07_10	phylum	Candidatus Micrarchaeota	1801631	1.2254682157359027e-05	1.1574851015829168e-08	2	0.5	1.0	relative abundance among classified reads only; relative values use clade reads at rank / classified reads.
S_25_07_10	phylum	Negarnaviricota	2497569	1.224935599707488e-05	1.2332580351922419e-08	3	0.0	1.0	relative abundance among classified reads only; relative values use clade reads at rank / classified reads.
S_25_07_10	phylum	Candidatus Nanohaloarchaeota	1462430	1.2238703676506584e-05		1	0.0	1.0	relative abundance among classified reads only; relative values use clade reads at rank / classified reads.
S_25_09_12	phylum	Proteobacteria	1224	0.5487999284859231	0.0022897551551292294	3	2128.3333333333335	48405.0	relative abundance among classified reads only; relative values use clade reads at rank / classified reads.
S_25_09_12	phylum	Cyanobacteria	1117	0.11621211392599494	0.0016094821819880542	3	394.0	10250.0	relative abundance among classified reads only; relative values use clade reads at rank / classified reads.
S_25_09_12	phylum	Actinobacteria	201174	0.09014275439349967	0.0006691219334227243	3	78.66666666666667	7950.666666666667	relative abundance among classified reads only; relative values use clade reads at rank / classified reads.
S_25_09_12	phylum	Bacteroidetes	976	0.06253562199860056	0.0008851979707243016	3	162.66666666666666	5515.666666666667	relative abundance among classified reads only; relative values use clade reads at rank / classified reads.
S_25_09_12	phylum	Chordata	7711	0.04066841936855209	0.00020604111602569314	3	0.0	3587.0	relative abundance among classified reads only; relative values use clade reads at rank / classified reads.
S_25_09_12	phylum	Planctomycetes	203682	0.028975373377220837	9.706388983246634e-05	3	10.666666666666666	2555.6666666666665	relative abundance among classified reads only; relative values use clade reads at rank / classified reads.
S_25_09_12	phylum	Firmicutes	1239	0.02796273459319748	0.00035312520956704474	3	32.666666666666664	2466.3333333333335	relative abundance among classified reads only; relative values use clade reads at rank / classified reads.
S_25_09_12	phylum	Chloroflexi	200795	0.003926550500165636	0.0001799378450741798	3	5.333333333333333	346.3333333333333	relative abundance among classified reads only; relative values use clade reads at rank / classified reads.
S_25_09_12	phylum	Euryarchaeota	28890	0.003919043993763373	0.00015399374634972212	3	1.6666666666666667	345.6666666666667	relative abundance among classified reads only; relative values use clade reads at rank / classified reads.
S_25_09_12	phylum	Acidobacteria	57723	0.0038282103325005036	0.0002187068116450081	3	1.3333333333333333	337.6666666666667	relative abundance among classified reads only; relative values use clade reads at rank / classified reads.
S_25_09_12	phylum	Verrucomicrobia	74201	0.0029857568946072117	0.0002602845091997698	3	2.6666666666666665	263.3333333333333	relative abundance among classified reads only; relative values use clade reads at rank / classified reads.
S_25_09_12	phylum	Deinococcus-Thermus	1297	0.0025394049115099303	0.0003443732520316176	3	0.0	224.0	relative abundance among classified reads only; relative values use clade reads at rank / classified reads.
S_25_09_12	phylum	Spirochaetes	203691	0.0019159774621450053	0.00012555371082629857	3	0.0	169.0	relative abundance among classified reads only; relative values use clade reads at rank / classified reads.
S_25_09_12	phylum	Uroviricota	2731618	0.0018443667712484454	0.00013628153147036574	3	0.0	162.66666666666666	relative abundance among classified reads only; relative values use clade reads at rank / classified reads.
S_25_09_12	phylum	Tenericutes	544448	0.0010808664929629712	1.784400363175454e-05	3	1.3333333333333333	95.33333333333333	relative abundance among classified reads only; relative values use clade reads at rank / classified reads.
S_25_09_12	phylum	Chlorobi	1090	0.0010128574582568418	3.5600788083715085e-05	3	0.0	89.33333333333333	relative abundance among classified reads only; relative values use clade reads at rank / classified reads.
S_25_09_12	phylum	Gemmatimonadetes	142182	0.0009334446839579716	5.168716177505091e-05	3	0.0	82.33333333333333	relative abundance among classified reads only; relative values use clade reads at rank / classified reads.
S_25_09_12	phylum	Kiritimatiellaeota	134625	0.0008126435938969884	0.0001452767085329347	3	0.0	71.66666666666667	relative abundance among classified reads only; relative values use clade reads at rank / classified reads.
S_25_09_12	phylum	Nitrospirae	40117	0.0007671100723054473	0.0001013797661010179	3	0.3333333333333333	67.66666666666667	relative abundance among classified reads only; relative values use clade reads at rank / classified reads.
S_25_09_12	phylum	Fusobacteria	32066	0.0007029513626888789	4.125978250652449e-05	3	0.0	62.0	relative abundance among classified reads only; relative values use clade reads at rank / classified reads.
S_25_09_12	phylum	Thaumarchaeota	651137	0.0006348717611373832	6.249061101308379e-05	3	0.6666666666666666	56.0	relative abundance among classified reads only; relative values use clade reads at rank / classified reads.
S_25_09_12	phylum	Nucleocytoviricota	2732007	0.000623555794245264	2.944319877024009e-05	3	0.0	55.0	relative abundance among classified reads only; relative values use clade reads at rank / classified reads.
S_25_09_12	phylum	Thermotogae	200918	0.0004648396412482619	1.0948945778315235e-05	3	0.0	41.0	relative abundance among classified reads only; relative values use clade reads at rank / classified reads.
S_25_09_12	phylum	Ignavibacteriae	1134404	0.00038549196958573154	1.9941232907140766e-05	3	0.0	34.0	relative abundance among classified reads only; relative values use clade reads at rank / classified reads.
S_25_09_12	phylum	Thermodesulfobacteria	200940	0.00034766374915416384	3.4232554547035584e-05	3	0.0	30.666666666666668	relative abundance among classified reads only; relative values use clade reads at rank / classified reads.
S_25_09_12	phylum	Deferribacteres	200930	0.00029099875712946464	4.5825440913782646e-05	3	0.0	25.666666666666668	relative abundance among classified reads only; relative values use clade reads at rank / classified reads.
S_25_09_12	phylum	Synergistetes	508458	0.0002872324839558442	4.593028954699814e-05	3	0.0	25.333333333333332	relative abundance among classified reads only; relative values use clade reads at rank / classified reads.
S_25_09_12	phylum	Calditrichaeota	1930617	0.00027961757063301075	8.48360642737943e-05	3	0.0	24.666666666666668	relative abundance among classified reads only; relative values use clade reads at rank / classified reads.
S_25_09_12	phylum	Chlamydiae	204428	0.0002456741454855121	4.001718579546334e-05	3	0.0	21.666666666666668	relative abundance among classified reads only; relative values use clade reads at rank / classified reads.
S_25_09_12	phylum	Aquificae	200783	0.000185172313441826	3.45780817176875e-05	3	0.0	16.333333333333332	relative abundance among classified reads only; relative values use clade reads at rank / classified reads.
S_25_09_12	phylum	Balneolaeota	1936987	0.0001625213134099919	2.8645001518477365e-05	3	0.0	14.333333333333334	relative abundance among classified reads only; relative values use clade reads at rank / classified reads.
S_25_09_12	phylum	Crenarchaeota	28889	0.00016249596972519424	1.715168196303541e-05	3	0.0	14.333333333333334	relative abundance among classified reads only; relative values use clade reads at rank / classified reads.
S_25_09_12	phylum	Chrysiogenetes	200938	0.00015494807791503856	3.465250841593314e-05	3	0.0	13.666666666666666	relative abundance among classified reads only; relative values use clade reads at rank / classified reads.
S_25_09_12	phylum	Armatimonadetes	67819	0.0001474091956465982	3.41218946220342e-05	3	0.0	13.0	relative abundance among classified reads only; relative values use clade reads at rank / classified reads.
S_25_09_12	phylum	Candidatus Thermoplasmatota	2283796	0.00010959271686125915	1.7281616170012632e-05	3	0.0	9.666666666666666	relative abundance among classified reads only; relative values use clade reads at rank / classified reads.
S_25_09_12	phylum	Candidatus Lokiarchaeota	1655434	9.449234074409402e-05	1.7413165401477878e-05	3	0.0	8.333333333333334	relative abundance among classified reads only; relative values use clade reads at rank / classified reads.
S_25_09_12	phylum	Candidatus Cloacimonetes	456828	8.692724307868315e-05	6.6377839316809565e-06	3	0.0	7.666666666666667	relative abundance among classified reads only; relative values use clade reads at rank / classified reads.
S_25_09_12	phylum	Candidatus Saccharibacteria	95818	8.690916551125516e-05	2.6128934454523656e-05	3	2.0	7.666666666666667	relative abundance among classified reads only; relative values use clade reads at rank / classified reads.
S_25_09_12	phylum	Elusimicrobia	74152	7.557506256771049e-05	1.2999745552729585e-05	3	0.0	6.666666666666667	relative abundance among classified reads only; relative values use clade reads at rank / classified reads.
S_25_09_12	phylum	Peploviricota	2731361	7.556872664651107e-05	2.3509724470596257e-05	3	0.0	6.666666666666667	relative abundance among classified reads only; relative values use clade reads at rank / classified reads.
S_25_09_12	phylum	Dictyoglomi	68297	5.66858016966405e-05	3.000160112934743e-05	3	0.0	5.0	relative abundance among classified reads only; relative values use clade reads at rank / classified reads.
S_25_09_12	phylum	Candidatus Bipolaricaulota	67810	5.6682197879954397e-05	1.1285321817778519e-05	3	0.0	5.0	relative abundance among classified reads only; relative values use clade reads at rank / classified reads.
S_25_09_12	phylum	Fibrobacteres	65842	4.9127970148599326e-05	2.8544075795110503e-05	3	0.0	4.333333333333333	relative abundance among classified reads only; relative values use clade reads at rank / classified reads.
S_25_09_12	phylum	Candidatus Omnitrophica	67812	4.912523804408601e-05	6.487342091695541e-06	3	0.0	4.333333333333333	relative abundance among classified reads only; relative values use clade reads at rank / classified reads.
S_25_09_12	phylum	Candidatus Micrarchaeota	1801631	4.539058599246516e-05		1	1.0	4.0	relative abundance among classified reads only; relative values use clade reads at rank / classified reads.
S_25_09_12	phylum	Atribacterota	67818	4.158095005061646e-05	2.3623391568501687e-05	3	0.0	3.6666666666666665	relative abundance among classified reads only; relative values use clade reads at rank / classified reads.
S_25_09_12	phylum	Caldiserica	67814	2.2675413520461524e-05	2.5645472206734538e-08	3	0.0	2.0	relative abundance among classified reads only; relative values use clade reads at rank / classified reads.
S_25_09_12	phylum	Cossaviricota	2732415	2.265867276329145e-05	1.5996206748569007e-05	2	0.0	2.0	relative abundance among classified reads only; relative values use clade reads at rank / classified reads.
S_25_09_12	phylum	Candidatus Absconditabacteria	221235	2.265596990077687e-05	1.6000029173394355e-05	2	0.0	2.0	relative abundance among classified reads only; relative values use clade reads at rank / classified reads.
S_25_09_12	phylum	Coprothermobacterota	2138240	1.134494363560171e-05	3.822424825348476e-09	2	0.0	1.0	relative abundance among classified reads only; relative values use clade reads at rank / classified reads.
S_25_09_12	phylum	Negarnaviricota	2497569	1.134494363560171e-05	3.822424825348476e-09	2	0.0	1.0	relative abundance among classified reads only; relative values use clade reads at rank / classified reads.
S_25_09_12	phylum	Cressdnaviricota	2732416	1.1332736891287999e-05	1.3440518535521542e-08	2	0.0	1.0	relative abundance among classified reads only; relative values use clade reads at rank / classified reads.
S_25_09_12	phylum	Pisuviricota	2732408	1.1323233009488869e-05		1	0.0	1.0	relative abundance among classified reads only; relative values use clade reads at rank / classified reads.
S_25_09_12	phylum	Preplasmiviricota	2732008	1.1323233009488869e-05		1	0.0	1.0	relative abundance among classified reads only; relative values use clade reads at rank / classified reads.
S_25_09_12	phylum	Taleaviricota	2840024	1.1323233009488869e-05		1	0.0	1.0	relative abundance among classified reads only; relative values use clade reads at rank / classified reads.
S_25_11_25	phylum	Proteobacteria	1224	0.5544292656546239	0.0007325014313262592	3	1780.6666666666667	39234.0	relative abundance among classified reads only; relative values use clade reads at rank / classified reads.
S_25_11_25	phylum	Actinobacteria	201174	0.09812340390566777	0.00035752345652297887	3	48.0	6943.666666666667	relative abundance among classified reads only; relative values use clade reads at rank / classified reads.
S_25_11_25	phylum	Chordata	7711	0.06076469526464765	0.0003879134362384059	3	0.0	4300.0	relative abundance among classified reads only; relative values use clade reads at rank / classified reads.
S_25_11_25	phylum	Bacteroidetes	976	0.05043941228105387	0.0005105191383712148	3	100.0	3569.3333333333335	relative abundance among classified reads only; relative values use clade reads at rank / classified reads.
S_25_11_25	phylum	Firmicutes	1239	0.03593123638928485	0.00027749838464138525	3	40.666666666666664	2542.6666666666665	relative abundance among classified reads only; relative values use clade reads at rank / classified reads.
S_25_11_25	phylum	Cyanobacteria	1117	0.03513508271865123	0.000674699221192706	3	107.33333333333333	2486.3333333333335	relative abundance among classified reads only; relative values use clade reads at rank / classified reads.
S_25_11_25	phylum	Planctomycetes	203682	0.03266711177341475	0.0010391154091278104	3	11.0	2311.6666666666665	relative abundance among classified reads only; relative values use clade reads at rank / classified reads.
S_25_11_25	phylum	Chloroflexi	200795	0.006547555357173958	0.00022808783031916417	3	6.666666666666667	463.3333333333333	relative abundance among classified reads only; relative values use clade reads at rank / classified reads.
S_25_11_25	phylum	Euryarchaeota	28890	0.005209782453524522	0.00014300333088026215	3	2.0	368.6666666666667	relative abundance among classified reads only; relative values use clade reads at rank / classified reads.
S_25_11_25	phylum	Acidobacteria	57723	0.004512656849094923	0.00033432575145671766	3	2.3333333333333335	319.3333333333333	relative abundance among classified reads only; relative values use clade reads at rank / classified reads.
S_25_11_25	phylum	Verrucomicrobia	74201	0.0034339395125433155	9.389925568636565e-05	3	1.3333333333333333	243.0	relative abundance among classified reads only; relative values use clade reads at rank / classified reads.
S_25_11_25	phylum	Deinococcus-Thermus	1297	0.0032501694973443526	0.0002081430074971401	3	0.0	230.0	relative abundance among classified reads only; relative values use clade reads at rank / classified reads.
S_25_11_25	phylum	Spirochaetes	203691	0.002826227209193162	0.00018595821163601845	3	0.0	200.0	relative abundance among classified reads only; relative values use clade reads at rank / classified reads.
S_25_11_25	phylum	Uroviricota	2731618	0.002016060467945636	6.623774005950868e-05	3	0.0	142.66666666666666	relative abundance among classified reads only; relative values use clade reads at rank / classified reads.
S_25_11_25	phylum	Chlorobi	1090	0.0015073552517232546	0.00013596193230484369	3	0.0	106.66666666666667	relative abundance among classified reads only; relative values use clade reads at rank / classified reads.
S_25_11_25	phylum	Gemmatimonadetes	142182	0.0010363004484631722	2.1704171774740222e-05	3	0.0	73.33333333333333	relative abundance among classified reads only; relative values use clade reads at rank / classified reads.
S_25_11_25	phylum	Kiritimatiellaeota	134625	0.0010080446111612486	3.5926222601713634e-05	3	0.3333333333333333	71.33333333333333	relative abundance among classified reads only; relative values use clade reads at rank / classified reads.
S_25_11_25	phylum	Tenericutes	544448	0.0009609402780818742	7.084663447829342e-05	3	0.3333333333333333	68.0	relative abundance among classified reads only; relative values use clade reads at rank / classified reads.
S_25_11_25	phylum	Nitrospirae	40117	0.0008761638384769112	8.854301827196831e-05	3	0.0	62.0	relative abundance among classified reads only; relative values use clade reads at rank / classified reads.
S_25_11_25	phylum	Nucleocytoviricota	2732007	0.000711291239050691	8.051593632591274e-05	3	0.0	50.333333333333336	relative abundance among classified reads only; relative values use clade reads at rank / classified reads.
S_25_11_25	phylum	Fusobacteria	32066	0.0006782995478851131	2.4267869386667197e-05	3	0.0	48.0	relative abundance among classified reads only; relative values use clade reads at rank / classified reads.
S_25_11_25	phylum	Ignavibacteriae	1134404	0.0006500419114857206	2.4474525215315486e-05	3	0.0	46.0	relative abundance among classified reads only; relative values use clade reads at rank / classified reads.
S_25_11_25	phylum	Thermotogae	200918	0.0005558361656403865	8.282826545983905e-05	3	0.0	39.333333333333336	relative abundance among classified reads only; relative values use clade reads at rank / classified reads.
S_25_11_25	phylum	Calditrichaeota	1930617	0.0004333560803958635	5.705978055825743e-05	3	0.0	30.666666666666668	relative abundance among classified reads only; relative values use clade reads at rank / classified reads.
S_25_11_25	phylum	Thermodesulfobacteria	200940	0.000433351225408675	5.3367126823167784e-05	3	0.0	30.666666666666668	relative abundance among classified reads only; relative values use clade reads at rank / classified reads.
S_25_11_25	phylum	Thaumarchaeota	651137	0.0004145246943471228	3.56607888238844e-05	3	0.0	29.333333333333332	relative abundance among classified reads only; relative values use clade reads at rank / classified reads.
S_25_11_25	phylum	Synergistetes	508458	0.00039096210605745895	3.548506121775135e-05	3	0.0	27.666666666666668	relative abundance among classified reads only; relative values use clade reads at rank / classified reads.
S_25_11_25	phylum	Deferribacteres	200930	0.0003532820886549624	3.7362678024994194e-05	3	0.0	25.0	relative abundance among classified reads only; relative values use clade reads at rank / classified reads.
S_25_11_25	phylum	Chlamydiae	204428	0.00034385777297808446	3.5483443000698976e-05	3	0.0	24.333333333333332	relative abundance among classified reads only; relative values use clade reads at rank / classified reads.
S_25_11_25	phylum	Chrysiogenetes	200938	0.0003250226531581009	1.4186532938901998e-05	3	0.0	23.0	relative abundance among classified reads only; relative values use clade reads at rank / classified reads.
S_25_11_25	phylum	Crenarchaeota	28889	0.0003061655686222184	5.873379047646283e-05	3	0.0	21.666666666666668	relative abundance among classified reads only; relative values use clade reads at rank / classified reads.
S_25_11_25	phylum	Balneolaeota	1936987	0.0001837023897419488	2.442296421063938e-05	3	0.0	13.0	relative abundance among classified reads only; relative values use clade reads at rank / classified reads.
S_25_11_25	phylum	Candidatus Thermoplasmatota	2283796	0.00016486747328642228	2.1608902394547403e-05	3	0.3333333333333333	11.666666666666666	relative abundance among classified reads only; relative values use clade reads at rank / classified reads.
S_25_11_25	phylum	Aquificae	200783	0.0001507377894320677	1.636780627217362e-05	3	0.0	10.666666666666666	relative abundance among classified reads only; relative values use clade reads at rank / classified reads.
S_25_11_25	phylum	Peploviricota	2731361	0.00013661150040819426	3.56103454118702e-05	3	0.0	9.666666666666666	relative abundance among classified reads only; relative values use clade reads at rank / classified reads.
S_25_11_25	phylum	Candidatus Lokiarchaeota	1655434	0.0001224700363293842	2.156925356228448e-05	3	0.0	8.666666666666666	relative abundance among classified reads only; relative values use clade reads at rank / classified reads.
S_25_11_25	phylum	Armatimonadetes	67819	0.00011776466815190752	2.1618601801263498e-05	3	0.0	8.333333333333334	relative abundance among classified reads only; relative values use clade reads at rank / classified reads.
S_25_11_25	phylum	Candidatus Cloacimonetes	456828	0.00010834194820804168	2.9422787420639648e-05	3	0.0	7.666666666666667	relative abundance among classified reads only; relative values use clade reads at rank / classified reads.
S_25_11_25	phylum	Elusimicrobia	74152	0.00010833695764454846	1.628097906285011e-05	3	0.0	7.666666666666667	relative abundance among classified reads only; relative values use clade reads at rank / classified reads.
S_25_11_25	phylum	Candidatus Omnitrophica	67812	0.00010361974145446396	4.5384975051309913e-05	3	0.0	7.333333333333333	relative abundance among classified reads only; relative values use clade reads at rank / classified reads.
S_25_11_25	phylum	Dictyoglomi	68297	8.007765772399166e-05	8.15910751845082e-06	3	0.0	5.666666666666667	relative abundance among classified reads only; relative values use clade reads at rank / classified reads.
S_25_11_25	phylum	Candidatus Bipolaricaulota	67810	7.53671634067171e-05	8.158444272802909e-06	3	0.0	5.333333333333333	relative abundance among classified reads only; relative values use clade reads at rank / classified reads.
S_25_11_25	phylum	Atribacterota	67818	5.653044785372147e-05	2.448935705930813e-05	3	0.0	4.0	relative abundance among classified reads only; relative values use clade reads at rank / classified reads.
S_25_11_25	phylum	Fibrobacteres	65842	4.239404212655693e-05	1.527775232945993e-08	3	0.0	3.0	relative abundance among classified reads only; relative values use clade reads at rank / classified reads.
S_25_11_25	phylum	Caldiserica	67814	4.239064729607579e-05	1.4116104803010706e-05	3	0.0	3.0	relative abundance among classified reads only; relative values use clade reads at rank / classified reads.
S_25_11_25	phylum	Candidatus Saccharibacteria	95818	3.768701042791587e-05	1.6332273075966704e-05	3	0.0	2.6666666666666665	relative abundance among classified reads only; relative values use clade reads at rank / classified reads.
S_25_11_25	phylum	Coprothermobacterota	2138240	3.768188428811798e-05	8.148382126185246e-06	3	0.0	2.6666666666666665	relative abundance among classified reads only; relative values use clade reads at rank / classified reads.
S_25_11_25	phylum	Candidatus Nanohaloarchaeota	1462430	2.1194525781531863e-05	9.981593238819402e-06	2	0.0	1.5	relative abundance among classified reads only; relative values use clade reads at rank / classified reads.
S_25_11_25	phylum	Duplornaviricota	2732405	1.413647351531687e-05		1	0.0	1.0	relative abundance among classified reads only; relative values use clade reads at rank / classified reads.
S_25_11_25	phylum	Candidatus Micrarchaeota	1801631	1.4133876551341753e-05	3.6726616746046744e-09	2	0.0	1.0	relative abundance among classified reads only; relative values use clade reads at rank / classified reads.
S_25_11_25	phylum	Negarnaviricota	2497569	1.4128784305620032e-05	3.528861287989654e-09	2	0.0	1.0	relative abundance among classified reads only; relative values use clade reads at rank / classified reads.
S_25_11_25	phylum	Candidatus Absconditabacteria	221235	1.4126289023873428e-05		1	0.0	1.0	relative abundance among classified reads only; relative values use clade reads at rank / classified reads.
